{"type":"FeatureCollection","max":{"c":33738,"n":78259},"features":[{"type":"Feature","geometry":{"type":"LineString","coordinates":[[-4.21413,55.86331],[-4.21289,55.86321]]},"properties":{"c":803,"n":4246}},{"type":"Feature","geometry":{"type":"LineString","coordinates":[[-4.21637,55.86351],[-4.21633,55.86351]]},"properties":{"c":803,"n":4472}},{"type":"Feature","geometry":{"type":"LineString","coordinates":[[-4.20973,55.86579],[-4.2099,55.86513]]},"properties":{"c":1055,"n":14798}},{"type":"Feature","geometry":{"type":"LineString","coordinates":[[-4.21113,55.8659],[-4.20973,55.86579]]},"properties":{"c":1055,"n":14798}},{"type":"Feature","geometry":{"type":"LineString","coordinates":[[-4.21633,55.86351],[-4.21526,55.8634]]},"properties":{"c":803,"n":4246}},{"type":"Feature","geometry":{"type":"LineString","coordinates":[[-4.22026,55.86406],[-4.21899,55.86388]]},"properties":{"c":803,"n":4472}},{"type":"Feature","geometry":{"type":"LineString","coordinates":[[-4.22093,55.86416],[-4.22026,55.86406]]},"properties":{"c":803,"n":4472}},{"type":"Feature","geometry":{"type":"LineString","coordinates":[[-4.22135,55.86422],[-4.22093,55.86416]]},"properties":{"c":803,"n":4472}},{"type":"Feature","geometry":{"type":"LineString","coordinates":[[-4.21899,55.86388],[-4.21637,55.86351]]},"properties":{"c":803,"n":4472}},{"type":"Feature","geometry":{"type":"LineString","coordinates":[[-4.22247,55.86442],[-4.22182,55.8643]]},"properties":{"c":1745,"n":5898}},{"type":"Feature","geometry":{"type":"LineString","coordinates":[[-4.21526,55.8634],[-4.21413,55.86331]]},"properties":{"c":803,"n":4246}},{"type":"Feature","geometry":{"type":"LineString","coordinates":[[-4.21253,55.86317],[-4.21092,55.86306]]},"properties":{"c":803,"n":4246}},{"type":"Feature","geometry":{"type":"LineString","coordinates":[[-4.21289,55.86321],[-4.21253,55.86317]]},"properties":{"c":803,"n":4246}},{"type":"Feature","geometry":{"type":"LineString","coordinates":[[-4.22305,55.86452],[-4.22247,55.86442]]},"properties":{"c":1745,"n":5898}},{"type":"Feature","geometry":{"type":"LineString","coordinates":[[-4.2099,55.86513],[-4.21008,55.86443]]},"properties":{"c":1055,"n":14798}},{"type":"Feature","geometry":{"type":"LineString","coordinates":[[-4.21008,55.86443],[-4.21036,55.86315]]},"properties":{"c":1055,"n":14798}},{"type":"Feature","geometry":{"type":"LineString","coordinates":[[-4.22182,55.8643],[-4.22135,55.86422]]},"properties":{"c":803,"n":4472}},{"type":"Feature","geometry":{"type":"LineString","coordinates":[[-4.21228,55.86549],[-4.21134,55.8659],[-4.21113,55.8659]]},"properties":{"c":1055,"n":14798}},{"type":"Feature","geometry":{"type":"LineString","coordinates":[[-4.21092,55.86306],[-4.21104,55.86403],[-4.21127,55.86452],[-4.21164,55.86495],[-4.21228,55.86549]]},"properties":{"c":827,"n":12643}},{"type":"Feature","geometry":{"type":"LineString","coordinates":[[-4.24942,55.86316],[-4.24996,55.8632]]},"properties":{"c":3762,"n":26632}},{"type":"Feature","geometry":{"type":"LineString","coordinates":[[-4.23744,55.86439],[-4.23789,55.86421]]},"properties":{"c":2263,"n":6772}},{"type":"Feature","geometry":{"type":"LineString","coordinates":[[-4.24045,55.86309],[-4.24068,55.86309]]},"properties":{"c":5178,"n":20774}},{"type":"Feature","geometry":{"type":"LineString","coordinates":[[-4.26371,55.85996],[-4.2651,55.86006]]},"properties":{"c":1952,"n":4165}},{"type":"Feature","geometry":{"type":"LineString","coordinates":[[-4.25669,55.86149],[-4.25682,55.86114]]},"properties":{"c":6082,"n":21696}},{"type":"Feature","geometry":{"type":"LineString","coordinates":[[-4.26549,55.85914],[-4.26644,55.85922]]},"properties":{"c":9131,"n":57021}},{"type":"Feature","geometry":{"type":"LineString","coordinates":[[-4.25867,55.86065],[-4.25886,55.86024]]},"properties":{"c":2889,"n":6126}},{"type":"Feature","geometry":{"type":"LineString","coordinates":[[-4.25636,55.86232],[-4.25649,55.86204]]},"properties":{"c":2613,"n":14280}},{"type":"Feature","geometry":{"type":"LineString","coordinates":[[-4.25853,55.86064],[-4.25867,55.86065]]},"properties":{"c":10900,"n":25420}},{"type":"Feature","geometry":{"type":"LineString","coordinates":[[-4.26867,55.85947],[-4.26868,55.85952]]},"properties":{"c":3473,"n":22044}},{"type":"Feature","geometry":{"type":"LineString","coordinates":[[-4.25443,55.86361],[-4.25583,55.86377]]},"properties":{"c":3384,"n":17782}},{"type":"Feature","geometry":{"type":"LineString","coordinates":[[-4.22623,55.86508],[-4.22741,55.86535],[-4.22882,55.8658]]},"properties":{"c":5831,"n":15626}},{"type":"Feature","geometry":{"type":"LineString","coordinates":[[-4.22471,55.86481],[-4.22518,55.86489]]},"properties":{"c":5831,"n":15598}},{"type":"Feature","geometry":{"type":"LineString","coordinates":[[-4.24068,55.86309],[-4.24509,55.86297]]},"properties":{"c":4787,"n":32275}},{"type":"Feature","geometry":{"type":"LineString","coordinates":[[-4.25654,55.86191],[-4.25659,55.86176]]},"properties":{"c":2669,"n":14891}},{"type":"Feature","geometry":{"type":"LineString","coordinates":[[-4.26868,55.85952],[-4.26934,55.85966],[-4.26965,55.85989]]},"properties":{"c":7894,"n":47397}},{"type":"Feature","geometry":{"type":"LineString","coordinates":[[-4.22882,55.8658],[-4.22975,55.86591],[-4.23135,55.86592],[-4.23327,55.86623],[-4.23447,55.86624]]},"properties":{"c":3706,"n":13350}},{"type":"Feature","geometry":{"type":"LineString","coordinates":[[-4.2561,55.86305],[-4.25623,55.86268]]},"properties":{"c":1673,"n":8014}},{"type":"Feature","geometry":{"type":"LineString","coordinates":[[-4.25623,55.86268],[-4.25636,55.86232]]},"properties":{"c":1673,"n":8014}},{"type":"Feature","geometry":{"type":"LineString","coordinates":[[-4.25649,55.86204],[-4.25654,55.86191]]},"properties":{"c":2613,"n":14280}},{"type":"Feature","geometry":{"type":"LineString","coordinates":[[-4.2606,55.86005],[-4.26071,55.85973]]},"properties":{"c":4370,"n":7718}},{"type":"Feature","geometry":{"type":"LineString","coordinates":[[-4.23584,55.86506],[-4.23601,55.86486]]},"properties":{"c":3706,"n":11504}},{"type":"Feature","geometry":{"type":"LineString","coordinates":[[-4.2364,55.86464],[-4.2365,55.86468]]},"properties":{"c":2263,"n":6080}},{"type":"Feature","geometry":{"type":"LineString","coordinates":[[-4.23901,55.86372],[-4.23952,55.86339]]},"properties":{"c":3706,"n":11322}},{"type":"Feature","geometry":{"type":"LineString","coordinates":[[-4.25687,55.86102],[-4.2569,55.86094]]},"properties":{"c":6082,"n":21696}},{"type":"Feature","geometry":{"type":"LineString","coordinates":[[-4.25696,55.86056],[-4.25761,55.86059]]},"properties":{"c":10900,"n":25420}},{"type":"Feature","geometry":{"type":"LineString","coordinates":[[-4.26644,55.85922],[-4.26804,55.85932]]},"properties":{"c":4556,"n":27770}},{"type":"Feature","geometry":{"type":"LineString","coordinates":[[-4.26071,55.85973],[-4.26222,55.85984]]},"properties":{"c":1083,"n":2476}},{"type":"Feature","geometry":{"type":"LineString","coordinates":[[-4.25761,55.86059],[-4.25853,55.86064]]},"properties":{"c":10900,"n":25420}},{"type":"Feature","geometry":{"type":"LineString","coordinates":[[-4.26535,55.85955],[-4.26547,55.8592]]},"properties":{"c":5776,"n":5741}},{"type":"Feature","geometry":{"type":"LineString","coordinates":[[-4.22351,55.8646],[-4.224,55.86469]]},"properties":{"c":5831,"n":15598}},{"type":"Feature","geometry":{"type":"LineString","coordinates":[[-4.2365,55.86468],[-4.23739,55.86431]]},"properties":{"c":2263,"n":6510}},{"type":"Feature","geometry":{"type":"LineString","coordinates":[[-4.25597,55.86341],[-4.2561,55.86305]]},"properties":{"c":1673,"n":8014}},{"type":"Feature","geometry":{"type":"LineString","coordinates":[[-4.25682,55.86114],[-4.25687,55.86102]]},"properties":{"c":6082,"n":21696}},{"type":"Feature","geometry":{"type":"LineString","coordinates":[[-4.26804,55.85932],[-4.26852,55.85938]]},"properties":{"c":4556,"n":27770}},{"type":"Feature","geometry":{"type":"LineString","coordinates":[[-4.23447,55.86624],[-4.23467,55.86622]]},"properties":{"c":3706,"n":11504}},{"type":"Feature","geometry":{"type":"LineString","coordinates":[[-4.23601,55.86486],[-4.23626,55.86457]]},"properties":{"c":3706,"n":11974}},{"type":"Feature","geometry":{"type":"LineString","coordinates":[[-4.25372,55.86352],[-4.25443,55.86361]]},"properties":{"c":2293,"n":13097}},{"type":"Feature","geometry":{"type":"LineString","coordinates":[[-4.24996,55.8632],[-4.25183,55.86333]]},"properties":{"c":3762,"n":26632}},{"type":"Feature","geometry":{"type":"LineString","coordinates":[[-4.24828,55.86305],[-4.24942,55.86316]]},"properties":{"c":6240,"n":48365}},{"type":"Feature","geometry":{"type":"LineString","coordinates":[[-4.25977,55.8603],[-4.26046,55.86036]]},"properties":{"c":1083,"n":5521}},{"type":"Feature","geometry":{"type":"LineString","coordinates":[[-4.24681,55.86294],[-4.24828,55.86305]]},"properties":{"c":4896,"n":42994}},{"type":"Feature","geometry":{"type":"LineString","coordinates":[[-4.26222,55.85984],[-4.26371,55.85996]]},"properties":{"c":1083,"n":2476}},{"type":"Feature","geometry":{"type":"LineString","coordinates":[[-4.2569,55.86094],[-4.25696,55.86056]]},"properties":{"c":6082,"n":21696}},{"type":"Feature","geometry":{"type":"LineString","coordinates":[[-4.23996,55.86309],[-4.24045,55.86309]]},"properties":{"c":3735,"n":15962}},{"type":"Feature","geometry":{"type":"LineString","coordinates":[[-4.22438,55.86475],[-4.22471,55.86481]]},"properties":{"c":5831,"n":15598}},{"type":"Feature","geometry":{"type":"LineString","coordinates":[[-4.23825,55.86406],[-4.23901,55.86372]]},"properties":{"c":2263,"n":6772}},{"type":"Feature","geometry":{"type":"LineString","coordinates":[[-4.25886,55.86024],[-4.25977,55.86032]]},"properties":{"c":4966,"n":17768}},{"type":"Feature","geometry":{"type":"LineString","coordinates":[[-4.26547,55.8592],[-4.26549,55.85914]]},"properties":{"c":4907,"n":4263}},{"type":"Feature","geometry":{"type":"LineString","coordinates":[[-4.24509,55.86297],[-4.24681,55.86294]]},"properties":{"c":4896,"n":42994}},{"type":"Feature","geometry":{"type":"LineString","coordinates":[[-4.25302,55.86345],[-4.25372,55.86352]]},"properties":{"c":2293,"n":13097}},{"type":"Feature","geometry":{"type":"LineString","coordinates":[[-4.25583,55.86377],[-4.25597,55.86341]]},"properties":{"c":1673,"n":8014}},{"type":"Feature","geometry":{"type":"LineString","coordinates":[[-4.2651,55.86006],[-4.26535,55.85955]]},"properties":{"c":1952,"n":4165}},{"type":"Feature","geometry":{"type":"LineString","coordinates":[[-4.25977,55.86032],[-4.25977,55.8603]]},"properties":{"c":1083,"n":5521}},{"type":"Feature","geometry":{"type":"LineString","coordinates":[[-4.23739,55.86431],[-4.23744,55.86439]]},"properties":{"c":2263,"n":6993}},{"type":"Feature","geometry":{"type":"LineString","coordinates":[[-4.23626,55.86457],[-4.2364,55.86464]]},"properties":{"c":2263,"n":6080}},{"type":"Feature","geometry":{"type":"LineString","coordinates":[[-4.22518,55.86489],[-4.22555,55.86496]]},"properties":{"c":5831,"n":15598}},{"type":"Feature","geometry":{"type":"LineString","coordinates":[[-4.22555,55.86496],[-4.22623,55.86508]]},"properties":{"c":5831,"n":15626}},{"type":"Feature","geometry":{"type":"LineString","coordinates":[[-4.23789,55.86421],[-4.23825,55.86406]]},"properties":{"c":2263,"n":6772}},{"type":"Feature","geometry":{"type":"LineString","coordinates":[[-4.26046,55.86036],[-4.2606,55.86005]]},"properties":{"c":4370,"n":7718}},{"type":"Feature","geometry":{"type":"LineString","coordinates":[[-4.26852,55.85938],[-4.26867,55.85947]]},"properties":{"c":3473,"n":22044}},{"type":"Feature","geometry":{"type":"LineString","coordinates":[[-4.224,55.86469],[-4.22438,55.86475]]},"properties":{"c":5831,"n":15598}},{"type":"Feature","geometry":{"type":"LineString","coordinates":[[-4.23467,55.86622],[-4.23512,55.8661],[-4.23531,55.86598],[-4.23584,55.86506]]},"properties":{"c":3706,"n":11504}},{"type":"Feature","geometry":{"type":"LineString","coordinates":[[-4.25659,55.86176],[-4.25669,55.86149]]},"properties":{"c":2669,"n":14891}},{"type":"Feature","geometry":{"type":"LineString","coordinates":[[-4.23952,55.86339],[-4.23996,55.86309]]},"properties":{"c":2263,"n":6510}},{"type":"Feature","geometry":{"type":"LineString","coordinates":[[-4.22305,55.86452],[-4.22351,55.8646]]},"properties":{"c":5831,"n":15598}},{"type":"Feature","geometry":{"type":"LineString","coordinates":[[-4.25183,55.86333],[-4.25302,55.86345]]},"properties":{"c":3762,"n":26632}},{"type":"Feature","geometry":{"type":"LineString","coordinates":[[-4.32485,55.88989],[-4.32587,55.89037]]},"properties":{"c":0,"n":2587}},{"type":"Feature","geometry":{"type":"LineString","coordinates":[[-4.24477,55.86836],[-4.2454,55.86832]]},"properties":{"c":228,"n":4529}},{"type":"Feature","geometry":{"type":"LineString","coordinates":[[-4.30836,55.88417],[-4.30988,55.88463]]},"properties":{"c":295,"n":5052}},{"type":"Feature","geometry":{"type":"LineString","coordinates":[[-4.32115,55.88856],[-4.32251,55.88906]]},"properties":{"c":0,"n":2702}},{"type":"Feature","geometry":{"type":"LineString","coordinates":[[-4.26969,55.87123],[-4.27014,55.87157],[-4.27062,55.87179]]},"properties":{"c":508,"n":9795}},{"type":"Feature","geometry":{"type":"LineString","coordinates":[[-4.28231,55.87558],[-4.28295,55.87576]]},"properties":{"c":2878,"n":29928}},{"type":"Feature","geometry":{"type":"LineString","coordinates":[[-4.23799,55.86879],[-4.23969,55.86838],[-4.24077,55.86834]]},"properties":{"c":228,"n":4142}},{"type":"Feature","geometry":{"type":"LineString","coordinates":[[-4.2534,55.86623],[-4.25393,55.86637]]},"properties":{"c":0,"n":696}},{"type":"Feature","geometry":{"type":"LineString","coordinates":[[-4.31415,55.88612],[-4.31601,55.88677]]},"properties":{"c":0,"n":2702}},{"type":"Feature","geometry":{"type":"LineString","coordinates":[[-4.3112,55.88509],[-4.31282,55.88566]]},"properties":{"c":0,"n":2702}},{"type":"Feature","geometry":{"type":"LineString","coordinates":[[-4.2412,55.86834],[-4.24223,55.86835]]},"properties":{"c":228,"n":4142}},{"type":"Feature","geometry":{"type":"LineString","coordinates":[[-4.25918,55.86729],[-4.26036,55.86801]]},"properties":{"c":1077,"n":12554}},{"type":"Feature","geometry":{"type":"LineString","coordinates":[[-4.31282,55.88566],[-4.31415,55.88612]]},"properties":{"c":0,"n":2702}},{"type":"Feature","geometry":{"type":"LineString","coordinates":[[-4.2788,55.87444],[-4.28048,55.87499]]},"properties":{"c":4149,"n":48784}},{"type":"Feature","geometry":{"type":"LineString","coordinates":[[-4.2478,55.86716],[-4.24785,55.86713]]},"properties":{"c":175,"n":3365}},{"type":"Feature","geometry":{"type":"LineString","coordinates":[[-4.2454,55.86832],[-4.24608,55.86803]]},"properties":{"c":228,"n":4529}},{"type":"Feature","geometry":{"type":"LineString","coordinates":[[-4.2808,55.87509],[-4.28137,55.87527]]},"properties":{"c":2792,"n":31221}},{"type":"Feature","geometry":{"type":"LineString","coordinates":[[-4.24785,55.86713],[-4.24825,55.86625]]},"properties":{"c":175,"n":4320}},{"type":"Feature","geometry":{"type":"LineString","coordinates":[[-4.30076,55.8816],[-4.30334,55.88249]]},"properties":{"c":474,"n":7472}},{"type":"Feature","geometry":{"type":"LineString","coordinates":[[-4.28137,55.87527],[-4.28181,55.87541]]},"properties":{"c":2792,"n":32619}},{"type":"Feature","geometry":{"type":"LineString","coordinates":[[-4.25779,55.86698],[-4.25791,55.867]]},"properties":{"c":4345,"n":19792}},{"type":"Feature","geometry":{"type":"LineString","coordinates":[[-4.28181,55.87541],[-4.28231,55.87558]]},"properties":{"c":2792,"n":31556}},{"type":"Feature","geometry":{"type":"LineString","coordinates":[[-4.32271,55.88914],[-4.32307,55.88926]]},"properties":{"c":0,"n":3254}},{"type":"Feature","geometry":{"type":"LineString","coordinates":[[-4.24223,55.86835],[-4.24281,55.86835]]},"properties":{"c":228,"n":4142}},{"type":"Feature","geometry":{"type":"LineString","coordinates":[[-4.25228,55.86604],[-4.2534,55.86623]]},"properties":{"c":0,"n":696}},{"type":"Feature","geometry":{"type":"LineString","coordinates":[[-4.23442,55.86881],[-4.23608,55.86886]]},"properties":{"c":228,"n":4197}},{"type":"Feature","geometry":{"type":"LineString","coordinates":[[-4.29748,55.88048],[-4.30076,55.8816]]},"properties":{"c":474,"n":7472}},{"type":"Feature","geometry":{"type":"LineString","coordinates":[[-4.32251,55.88906],[-4.32271,55.88914]]},"properties":{"c":0,"n":2702}},{"type":"Feature","geometry":{"type":"LineString","coordinates":[[-4.25647,55.86683],[-4.25779,55.86698]]},"properties":{"c":4345,"n":19792}},{"type":"Feature","geometry":{"type":"LineString","coordinates":[[-4.32587,55.89047],[-4.32534,55.89028]]},"properties":{"c":0,"n":3108}},{"type":"Feature","geometry":{"type":"LineString","coordinates":[[-4.24825,55.86625],[-4.24849,55.86564]]},"properties":{"c":175,"n":4320}},{"type":"Feature","geometry":{"type":"LineString","coordinates":[[-4.30334,55.88249],[-4.30836,55.88417]]},"properties":{"c":685,"n":10342}},{"type":"Feature","geometry":{"type":"LineString","coordinates":[[-4.27473,55.87312],[-4.27679,55.87379]]},"properties":{"c":924,"n":21434}},{"type":"Feature","geometry":{"type":"LineString","coordinates":[[-4.28048,55.87499],[-4.2808,55.87509]]},"properties":{"c":2792,"n":31221}},{"type":"Feature","geometry":{"type":"LineString","coordinates":[[-4.28357,55.87595],[-4.28573,55.8766]]},"properties":{"c":1599,"n":14138}},{"type":"Feature","geometry":{"type":"LineString","coordinates":[[-4.23732,55.86889],[-4.23799,55.86879]]},"properties":{"c":228,"n":4142}},{"type":"Feature","geometry":{"type":"LineString","coordinates":[[-4.25631,55.86682],[-4.25647,55.86683]]},"properties":{"c":4234,"n":17513}},{"type":"Feature","geometry":{"type":"LineString","coordinates":[[-4.23608,55.86886],[-4.23732,55.86889]]},"properties":{"c":228,"n":4478}},{"type":"Feature","geometry":{"type":"LineString","coordinates":[[-4.27062,55.87179],[-4.27473,55.87312]]},"properties":{"c":924,"n":21434}},{"type":"Feature","geometry":{"type":"LineString","coordinates":[[-4.25393,55.86637],[-4.25405,55.86643]]},"properties":{"c":0,"n":696}},{"type":"Feature","geometry":{"type":"LineString","coordinates":[[-4.26516,55.86856],[-4.26653,55.86871],[-4.26699,55.86886],[-4.26969,55.87123]]},"properties":{"c":508,"n":9795}},{"type":"Feature","geometry":{"type":"LineString","coordinates":[[-4.31777,55.88739],[-4.32115,55.88856]]},"properties":{"c":0,"n":2702}},{"type":"Feature","geometry":{"type":"LineString","coordinates":[[-4.28585,55.87663],[-4.28596,55.87666]]},"properties":{"c":1599,"n":14138}},{"type":"Feature","geometry":{"type":"LineString","coordinates":[[-4.27679,55.87379],[-4.27802,55.87419]]},"properties":{"c":924,"n":24829}},{"type":"Feature","geometry":{"type":"LineString","coordinates":[[-4.32607,55.89055],[-4.32587,55.89047]]},"properties":{"c":0,"n":3108}},{"type":"Feature","geometry":{"type":"LineString","coordinates":[[-4.24849,55.86564],[-4.24998,55.86581]]},"properties":{"c":0,"n":696}},{"type":"Feature","geometry":{"type":"LineString","coordinates":[[-4.25791,55.867],[-4.25891,55.8673],[-4.25918,55.86729]]},"properties":{"c":0,"n":696}},{"type":"Feature","geometry":{"type":"LineString","coordinates":[[-4.27802,55.87419],[-4.2788,55.87444]]},"properties":{"c":4149,"n":37563}},{"type":"Feature","geometry":{"type":"LineString","coordinates":[[-4.30988,55.88463],[-4.31061,55.88488]]},"properties":{"c":0,"n":2702}},{"type":"Feature","geometry":{"type":"LineString","coordinates":[[-4.26364,55.86839],[-4.26516,55.86856]]},"properties":{"c":924,"n":17017}},{"type":"Feature","geometry":{"type":"LineString","coordinates":[[-4.32307,55.88926],[-4.32485,55.88989]]},"properties":{"c":0,"n":3254}},{"type":"Feature","geometry":{"type":"LineString","coordinates":[[-4.29041,55.87806],[-4.29748,55.88048]]},"properties":{"c":474,"n":6128}},{"type":"Feature","geometry":{"type":"LineString","coordinates":[[-4.24998,55.86581],[-4.25145,55.86596]]},"properties":{"c":0,"n":696}},{"type":"Feature","geometry":{"type":"LineString","coordinates":[[-4.23447,55.86624],[-4.23477,55.86731],[-4.23442,55.86881]]},"properties":{"c":0,"n":2018}},{"type":"Feature","geometry":{"type":"LineString","coordinates":[[-4.28573,55.8766],[-4.28585,55.87663]]},"properties":{"c":1599,"n":14138}},{"type":"Feature","geometry":{"type":"LineString","coordinates":[[-4.25145,55.86596],[-4.25228,55.86604]]},"properties":{"c":0,"n":925}},{"type":"Feature","geometry":{"type":"LineString","coordinates":[[-4.25405,55.86643],[-4.25512,55.86668],[-4.25631,55.86682]]},"properties":{"c":0,"n":696}},{"type":"Feature","geometry":{"type":"LineString","coordinates":[[-4.26136,55.86815],[-4.26364,55.86839]]},"properties":{"c":924,"n":16057}},{"type":"Feature","geometry":{"type":"LineString","coordinates":[[-4.28997,55.87791],[-4.29041,55.87806]]},"properties":{"c":474,"n":6128}},{"type":"Feature","geometry":{"type":"LineString","coordinates":[[-4.26036,55.86801],[-4.26054,55.86803]]},"properties":{"c":508,"n":8824}},{"type":"Feature","geometry":{"type":"LineString","coordinates":[[-4.28596,55.87666],[-4.28921,55.87765]]},"properties":{"c":1599,"n":14138}},{"type":"Feature","geometry":{"type":"LineString","coordinates":[[-4.31061,55.88488],[-4.3112,55.88509]]},"properties":{"c":0,"n":2702}},{"type":"Feature","geometry":{"type":"LineString","coordinates":[[-4.28295,55.87576],[-4.28357,55.87595]]},"properties":{"c":2878,"n":29928}},{"type":"Feature","geometry":{"type":"LineString","coordinates":[[-4.24077,55.86834],[-4.2412,55.86834]]},"properties":{"c":228,"n":4142}},{"type":"Feature","geometry":{"type":"LineString","coordinates":[[-4.26054,55.86803],[-4.26136,55.86815]]},"properties":{"c":508,"n":8824}},{"type":"Feature","geometry":{"type":"LineString","coordinates":[[-4.28921,55.87765],[-4.28997,55.87791]]},"properties":{"c":474,"n":4935}},{"type":"Feature","geometry":{"type":"LineString","coordinates":[[-4.24644,55.86785],[-4.2478,55.86716]]},"properties":{"c":175,"n":3365}},{"type":"Feature","geometry":{"type":"LineString","coordinates":[[-4.24281,55.86835],[-4.24477,55.86836]]},"properties":{"c":228,"n":4142}},{"type":"Feature","geometry":{"type":"LineString","coordinates":[[-4.32587,55.89037],[-4.32607,55.89055]]},"properties":{"c":0,"n":2587}},{"type":"Feature","geometry":{"type":"LineString","coordinates":[[-4.31601,55.88677],[-4.31777,55.88739]]},"properties":{"c":0,"n":2702}},{"type":"Feature","geometry":{"type":"LineString","coordinates":[[-4.24608,55.86803],[-4.24644,55.86785]]},"properties":{"c":175,"n":3365}},{"type":"Feature","geometry":{"type":"LineString","coordinates":[[-4.23681,55.86141],[-4.23726,55.86111],[-4.23794,55.86087]]},"properties":{"c":2227,"n":5552}},{"type":"Feature","geometry":{"type":"LineString","coordinates":[[-4.23794,55.86087],[-4.23828,55.86079]]},"properties":{"c":2227,"n":5552}},{"type":"Feature","geometry":{"type":"LineString","coordinates":[[-4.22995,55.86529],[-4.23214,55.86432]]},"properties":{"c":2125,"n":2276}},{"type":"Feature","geometry":{"type":"LineString","coordinates":[[-4.23484,55.86197],[-4.23497,55.86203]]},"properties":{"c":2690,"n":6669}},{"type":"Feature","geometry":{"type":"LineString","coordinates":[[-4.24624,55.85709],[-4.24629,55.8571]]},"properties":{"c":26495,"n":34267}},{"type":"Feature","geometry":{"type":"LineString","coordinates":[[-4.23664,55.86221],[-4.23661,55.86176],[-4.23681,55.86141]]},"properties":{"c":2125,"n":5379}},{"type":"Feature","geometry":{"type":"LineString","coordinates":[[-4.24103,55.85931],[-4.24138,55.85904]]},"properties":{"c":10444,"n":23142}},{"type":"Feature","geometry":{"type":"LineString","coordinates":[[-4.23624,55.86218],[-4.23664,55.86221]]},"properties":{"c":2690,"n":6669}},{"type":"Feature","geometry":{"type":"LineString","coordinates":[[-4.24761,55.85727],[-4.24848,55.85739]]},"properties":{"c":16827,"n":31788}},{"type":"Feature","geometry":{"type":"LineString","coordinates":[[-4.24449,55.85799],[-4.24514,55.85695]]},"properties":{"c":5921,"n":7268}},{"type":"Feature","geometry":{"type":"LineString","coordinates":[[-4.24021,55.86001],[-4.24037,55.85987]]},"properties":{"c":10444,"n":23142}},{"type":"Feature","geometry":{"type":"LineString","coordinates":[[-4.22963,55.86544],[-4.22995,55.86529]]},"properties":{"c":2125,"n":2276}},{"type":"Feature","geometry":{"type":"LineString","coordinates":[[-4.23411,55.86129],[-4.23447,55.86174],[-4.23484,55.86197]]},"properties":{"c":2690,"n":6669}},{"type":"Feature","geometry":{"type":"LineString","coordinates":[[-4.24378,55.85782],[-4.24449,55.85799]]},"properties":{"c":1589,"n":7775}},{"type":"Feature","geometry":{"type":"LineString","coordinates":[[-4.24514,55.85695],[-4.24624,55.85709]]},"properties":{"c":21631,"n":30779}},{"type":"Feature","geometry":{"type":"LineString","coordinates":[[-4.24209,55.85827],[-4.24228,55.85806]]},"properties":{"c":9171,"n":20711}},{"type":"Feature","geometry":{"type":"LineString","coordinates":[[-4.23902,55.86065],[-4.23982,55.86033]]},"properties":{"c":2227,"n":5552}},{"type":"Feature","geometry":{"type":"LineString","coordinates":[[-4.23982,55.86033],[-4.24021,55.86001]]},"properties":{"c":7504,"n":21465}},{"type":"Feature","geometry":{"type":"LineString","coordinates":[[-4.22882,55.8658],[-4.22963,55.86544]]},"properties":{"c":2125,"n":2276}},{"type":"Feature","geometry":{"type":"LineString","coordinates":[[-4.23263,55.86409],[-4.2331,55.86364],[-4.23396,55.86139]]},"properties":{"c":2125,"n":2276}},{"type":"Feature","geometry":{"type":"LineString","coordinates":[[-4.24138,55.85904],[-4.24209,55.85827]]},"properties":{"c":9171,"n":20711}},{"type":"Feature","geometry":{"type":"LineString","coordinates":[[-4.23396,55.86139],[-4.23411,55.86129]]},"properties":{"c":2125,"n":2276}},{"type":"Feature","geometry":{"type":"LineString","coordinates":[[-4.23497,55.86203],[-4.23521,55.86207]]},"properties":{"c":2690,"n":6669}},{"type":"Feature","geometry":{"type":"LineString","coordinates":[[-4.23828,55.86079],[-4.23902,55.86065]]},"properties":{"c":2227,"n":5552}},{"type":"Feature","geometry":{"type":"LineString","coordinates":[[-4.24277,55.85756],[-4.24378,55.85782]]},"properties":{"c":1589,"n":7775}},{"type":"Feature","geometry":{"type":"LineString","coordinates":[[-4.24848,55.85739],[-4.24933,55.8575]]},"properties":{"c":16827,"n":31788}},{"type":"Feature","geometry":{"type":"LineString","coordinates":[[-4.23214,55.86432],[-4.23263,55.86409]]},"properties":{"c":2125,"n":2276}},{"type":"Feature","geometry":{"type":"LineString","coordinates":[[-4.23521,55.86207],[-4.23624,55.86218]]},"properties":{"c":2690,"n":6669}},{"type":"Feature","geometry":{"type":"LineString","coordinates":[[-4.24037,55.85987],[-4.24076,55.85954]]},"properties":{"c":10444,"n":23142}},{"type":"Feature","geometry":{"type":"LineString","coordinates":[[-4.24228,55.85806],[-4.24277,55.85756]]},"properties":{"c":9171,"n":20711}},{"type":"Feature","geometry":{"type":"LineString","coordinates":[[-4.24629,55.8571],[-4.24708,55.8572]]},"properties":{"c":18241,"n":31224}},{"type":"Feature","geometry":{"type":"LineString","coordinates":[[-4.24708,55.8572],[-4.24761,55.85727]]},"properties":{"c":18825,"n":37627}},{"type":"Feature","geometry":{"type":"LineString","coordinates":[[-4.24076,55.85954],[-4.24103,55.85931]]},"properties":{"c":10444,"n":23142}},{"type":"Feature","geometry":{"type":"LineString","coordinates":[[-4.24933,55.8575],[-4.25024,55.85759]]},"properties":{"c":22547,"n":35470}},{"type":"Feature","geometry":{"type":"LineString","coordinates":[[-4.2219,55.86207],[-4.2219,55.86205]]},"properties":{"c":942,"n":1426}},{"type":"Feature","geometry":{"type":"LineString","coordinates":[[-4.23181,55.8558],[-4.23288,55.85572]]},"properties":{"c":3759,"n":9887}},{"type":"Feature","geometry":{"type":"LineString","coordinates":[[-4.2351,55.85541],[-4.23545,55.85534]]},"properties":{"c":3759,"n":10310}},{"type":"Feature","geometry":{"type":"LineString","coordinates":[[-4.2239,55.85891],[-4.22394,55.85874]]},"properties":{"c":529,"n":759}},{"type":"Feature","geometry":{"type":"LineString","coordinates":[[-4.22394,55.85874],[-4.22398,55.85852]]},"properties":{"c":529,"n":759}},{"type":"Feature","geometry":{"type":"LineString","coordinates":[[-4.22188,55.86274],[-4.22189,55.86247]]},"properties":{"c":942,"n":1426}},{"type":"Feature","geometry":{"type":"LineString","coordinates":[[-4.22188,55.863],[-4.22188,55.86284]]},"properties":{"c":942,"n":1426}},{"type":"Feature","geometry":{"type":"LineString","coordinates":[[-4.22351,55.86082],[-4.22359,55.86046]]},"properties":{"c":529,"n":759}},{"type":"Feature","geometry":{"type":"LineString","coordinates":[[-4.23121,55.8558],[-4.23181,55.8558]]},"properties":{"c":3759,"n":9887}},{"type":"Feature","geometry":{"type":"LineString","coordinates":[[-4.23424,55.85554],[-4.2351,55.85541]]},"properties":{"c":3759,"n":10310}},{"type":"Feature","geometry":{"type":"LineString","coordinates":[[-4.22633,55.85538],[-4.22778,55.85557]]},"properties":{"c":3759,"n":12436}},{"type":"Feature","geometry":{"type":"LineString","coordinates":[[-4.23545,55.85534],[-4.23533,55.85504]]},"properties":{"c":7054,"n":16752}},{"type":"Feature","geometry":{"type":"LineString","coordinates":[[-4.22376,55.85962],[-4.22383,55.85931]]},"properties":{"c":529,"n":759}},{"type":"Feature","geometry":{"type":"LineString","coordinates":[[-4.224,55.85845],[-4.22416,55.85825]]},"properties":{"c":529,"n":759}},{"type":"Feature","geometry":{"type":"LineString","coordinates":[[-4.2219,55.86172],[-4.22191,55.8616]]},"properties":{"c":942,"n":1150}},{"type":"Feature","geometry":{"type":"LineString","coordinates":[[-4.22422,55.85825],[-4.22488,55.85733]]},"properties":{"c":4364,"n":13744}},{"type":"Feature","geometry":{"type":"LineString","coordinates":[[-4.23002,55.8558],[-4.23013,55.85581]]},"properties":{"c":3759,"n":11295}},{"type":"Feature","geometry":{"type":"LineString","coordinates":[[-4.22189,55.86237],[-4.2219,55.86207]]},"properties":{"c":942,"n":1426}},{"type":"Feature","geometry":{"type":"LineString","coordinates":[[-4.22365,55.86013],[-4.22376,55.85962]]},"properties":{"c":529,"n":759}},{"type":"Feature","geometry":{"type":"LineString","coordinates":[[-4.22383,55.85931],[-4.2239,55.85891]]},"properties":{"c":529,"n":759}},{"type":"Feature","geometry":{"type":"LineString","coordinates":[[-4.23013,55.85581],[-4.23121,55.8558]]},"properties":{"c":3759,"n":9887}},{"type":"Feature","geometry":{"type":"LineString","coordinates":[[-4.22182,55.8643],[-4.22188,55.863]]},"properties":{"c":942,"n":1426}},{"type":"Feature","geometry":{"type":"LineString","coordinates":[[-4.22488,55.85733],[-4.22542,55.8566]]},"properties":{"c":4364,"n":13071}},{"type":"Feature","geometry":{"type":"LineString","coordinates":[[-4.23288,55.85572],[-4.23424,55.85554]]},"properties":{"c":3759,"n":10310}},{"type":"Feature","geometry":{"type":"LineString","coordinates":[[-4.22416,55.85825],[-4.22422,55.85825]]},"properties":{"c":2972,"n":20416}},{"type":"Feature","geometry":{"type":"LineString","coordinates":[[-4.22398,55.85852],[-4.224,55.85845]]},"properties":{"c":529,"n":759}},{"type":"Feature","geometry":{"type":"LineString","coordinates":[[-4.2219,55.86205],[-4.2219,55.86172]]},"properties":{"c":942,"n":1426}},{"type":"Feature","geometry":{"type":"LineString","coordinates":[[-4.2256,55.85635],[-4.22633,55.85538]]},"properties":{"c":4364,"n":13071}},{"type":"Feature","geometry":{"type":"LineString","coordinates":[[-4.22542,55.8566],[-4.2256,55.85635]]},"properties":{"c":4364,"n":13071}},{"type":"Feature","geometry":{"type":"LineString","coordinates":[[-4.22188,55.86284],[-4.22188,55.86274]]},"properties":{"c":942,"n":1426}},{"type":"Feature","geometry":{"type":"LineString","coordinates":[[-4.22191,55.8616],[-4.2219,55.86117]]},"properties":{"c":942,"n":1150}},{"type":"Feature","geometry":{"type":"LineString","coordinates":[[-4.22189,55.86247],[-4.22189,55.86237]]},"properties":{"c":942,"n":1426}},{"type":"Feature","geometry":{"type":"LineString","coordinates":[[-4.2219,55.86117],[-4.2219,55.8609]]},"properties":{"c":942,"n":1150}},{"type":"Feature","geometry":{"type":"LineString","coordinates":[[-4.22905,55.85574],[-4.23002,55.8558]]},"properties":{"c":3759,"n":12436}},{"type":"Feature","geometry":{"type":"LineString","coordinates":[[-4.22778,55.85557],[-4.22905,55.85574]]},"properties":{"c":3759,"n":12436}},{"type":"Feature","geometry":{"type":"LineString","coordinates":[[-4.2219,55.8609],[-4.22351,55.86082]]},"properties":{"c":529,"n":731}},{"type":"Feature","geometry":{"type":"LineString","coordinates":[[-4.22359,55.86046],[-4.22365,55.86013]]},"properties":{"c":529,"n":759}},{"type":"Feature","geometry":{"type":"LineString","coordinates":[[-4.25583,55.86377],[-4.25749,55.86396]]},"properties":{"c":1711,"n":11135}},{"type":"Feature","geometry":{"type":"LineString","coordinates":[[-4.25793,55.86402],[-4.25907,55.86415]]},"properties":{"c":2616,"n":16417}},{"type":"Feature","geometry":{"type":"LineString","coordinates":[[-4.25749,55.86396],[-4.25793,55.86402]]},"properties":{"c":2616,"n":16417}},{"type":"Feature","geometry":{"type":"LineString","coordinates":[[-4.25496,55.84455],[-4.25504,55.84393]]},"properties":{"c":3188,"n":7570}},{"type":"Feature","geometry":{"type":"LineString","coordinates":[[-4.24563,55.85473],[-4.246,55.85423]]},"properties":{"c":3389,"n":10077}},{"type":"Feature","geometry":{"type":"LineString","coordinates":[[-4.24277,55.85756],[-4.24325,55.85711]]},"properties":{"c":7648,"n":16930}},{"type":"Feature","geometry":{"type":"LineString","coordinates":[[-4.25616,55.84087],[-4.25709,55.84045],[-4.25753,55.84032]]},"properties":{"c":2379,"n":1062}},{"type":"Feature","geometry":{"type":"LineString","coordinates":[[-4.26048,55.83963],[-4.26077,55.8389]]},"properties":{"c":1138,"n":692}},{"type":"Feature","geometry":{"type":"LineString","coordinates":[[-4.24844,55.85137],[-4.24892,55.85064]]},"properties":{"c":9937,"n":11833}},{"type":"Feature","geometry":{"type":"LineString","coordinates":[[-4.24359,55.85668],[-4.24383,55.85645]]},"properties":{"c":1990,"n":8320}},{"type":"Feature","geometry":{"type":"LineString","coordinates":[[-4.24325,55.85711],[-4.24338,55.85698]]},"properties":{"c":7648,"n":16930}},{"type":"Feature","geometry":{"type":"LineString","coordinates":[[-4.25497,55.84517],[-4.25495,55.84508]]},"properties":{"c":3188,"n":7009}},{"type":"Feature","geometry":{"type":"LineString","coordinates":[[-4.25921,55.83948],[-4.26048,55.83963]]},"properties":{"c":1138,"n":819}},{"type":"Feature","geometry":{"type":"LineString","coordinates":[[-4.2634,55.83033],[-4.26362,55.82995]]},"properties":{"c":7088,"n":9063}},{"type":"Feature","geometry":{"type":"LineString","coordinates":[[-4.26384,55.83338],[-4.26392,55.83323]]},"properties":{"c":2379,"n":698}},{"type":"Feature","geometry":{"type":"LineString","coordinates":[[-4.26077,55.8389],[-4.26091,55.83851]]},"properties":{"c":1138,"n":301}},{"type":"Feature","geometry":{"type":"LineString","coordinates":[[-4.25504,55.84393],[-4.25512,55.84367]]},"properties":{"c":3188,"n":7570}},{"type":"Feature","geometry":{"type":"LineString","coordinates":[[-4.246,55.85423],[-4.24651,55.85356]]},"properties":{"c":4072,"n":10863}},{"type":"Feature","geometry":{"type":"LineString","coordinates":[[-4.25608,55.84121],[-4.25616,55.84087]]},"properties":{"c":3188,"n":6488}},{"type":"Feature","geometry":{"type":"LineString","coordinates":[[-4.26297,55.83505],[-4.26342,55.83425]]},"properties":{"c":2379,"n":632}},{"type":"Feature","geometry":{"type":"LineString","coordinates":[[-4.26105,55.83817],[-4.26109,55.83814]]},"properties":{"c":2379,"n":632}},{"type":"Feature","geometry":{"type":"LineString","coordinates":[[-4.2469,55.85312],[-4.2478,55.85209]]},"properties":{"c":20502,"n":27064}},{"type":"Feature","geometry":{"type":"LineString","coordinates":[[-4.25512,55.84367],[-4.25516,55.84358]]},"properties":{"c":3188,"n":7570}},{"type":"Feature","geometry":{"type":"LineString","coordinates":[[-4.26223,55.83615],[-4.26297,55.83505]]},"properties":{"c":2379,"n":632}},{"type":"Feature","geometry":{"type":"LineString","coordinates":[[-4.26551,55.82803],[-4.26581,55.82765]]},"properties":{"c":13462,"n":16335}},{"type":"Feature","geometry":{"type":"LineString","coordinates":[[-4.25753,55.84032],[-4.25762,55.84019]]},"properties":{"c":2379,"n":1062}},{"type":"Feature","geometry":{"type":"LineString","coordinates":[[-4.26371,55.8298],[-4.26415,55.82925]]},"properties":{"c":12999,"n":15181}},{"type":"Feature","geometry":{"type":"LineString","coordinates":[[-4.26472,55.82872],[-4.26516,55.82834]]},"properties":{"c":12999,"n":15181}},{"type":"Feature","geometry":{"type":"LineString","coordinates":[[-4.24383,55.85645],[-4.24401,55.85638]]},"properties":{"c":3569,"n":13496}},{"type":"Feature","geometry":{"type":"LineString","coordinates":[[-4.2634,55.83225],[-4.26314,55.8318],[-4.26307,55.83138],[-4.2634,55.83033]]},"properties":{"c":7088,"n":9063}},{"type":"Feature","geometry":{"type":"LineString","coordinates":[[-4.25762,55.84019],[-4.2589,55.84039]]},"properties":{"c":1138,"n":797}},{"type":"Feature","geometry":{"type":"LineString","coordinates":[[-4.2589,55.84039],[-4.25921,55.83948]]},"properties":{"c":1138,"n":692}},{"type":"Feature","geometry":{"type":"LineString","coordinates":[[-4.25495,55.84508],[-4.25496,55.84455]]},"properties":{"c":3188,"n":7570}},{"type":"Feature","geometry":{"type":"LineString","coordinates":[[-4.26412,55.83288],[-4.26388,55.83272]]},"properties":{"c":7088,"n":9063}},{"type":"Feature","geometry":{"type":"LineString","coordinates":[[-4.25516,55.84358],[-4.25608,55.84121]]},"properties":{"c":3188,"n":7570}},{"type":"Feature","geometry":{"type":"LineString","coordinates":[[-4.26415,55.82925],[-4.26472,55.82872]]},"properties":{"c":12999,"n":15181}},{"type":"Feature","geometry":{"type":"LineString","coordinates":[[-4.25504,55.84612],[-4.25497,55.84517]]},"properties":{"c":3188,"n":7009}},{"type":"Feature","geometry":{"type":"LineString","coordinates":[[-4.24469,55.8558],[-4.24563,55.85473]]},"properties":{"c":6217,"n":14271}},{"type":"Feature","geometry":{"type":"LineString","coordinates":[[-4.26342,55.83425],[-4.26364,55.83375]]},"properties":{"c":2379,"n":632}},{"type":"Feature","geometry":{"type":"LineString","coordinates":[[-4.24892,55.85064],[-4.24937,55.85013],[-4.24985,55.84991],[-4.25043,55.84979],[-4.25157,55.84975],[-4.25197,55.84969]]},"properties":{"c":2933,"n":14086}},{"type":"Feature","geometry":{"type":"LineString","coordinates":[[-4.26091,55.83851],[-4.26105,55.83817]]},"properties":{"c":1138,"n":262}},{"type":"Feature","geometry":{"type":"LineString","coordinates":[[-4.254,55.84807],[-4.25436,55.84716],[-4.25459,55.84691]]},"properties":{"c":2952,"n":4705}},{"type":"Feature","geometry":{"type":"LineString","coordinates":[[-4.2468,55.85322],[-4.2469,55.85312]]},"properties":{"c":4072,"n":10923}},{"type":"Feature","geometry":{"type":"LineString","coordinates":[[-4.2538,55.84835],[-4.254,55.84807]]},"properties":{"c":5068,"n":15555}},{"type":"Feature","geometry":{"type":"LineString","coordinates":[[-4.26362,55.82995],[-4.26371,55.8298]]},"properties":{"c":6722,"n":6177}},{"type":"Feature","geometry":{"type":"LineString","coordinates":[[-4.26139,55.83739],[-4.26223,55.83615]]},"properties":{"c":2379,"n":632}},{"type":"Feature","geometry":{"type":"LineString","coordinates":[[-4.24401,55.85638],[-4.24452,55.85595]]},"properties":{"c":6482,"n":20195}},{"type":"Feature","geometry":{"type":"LineString","coordinates":[[-4.24452,55.85595],[-4.24469,55.8558]]},"properties":{"c":6217,"n":14271}},{"type":"Feature","geometry":{"type":"LineString","coordinates":[[-4.26392,55.83323],[-4.26402,55.83305]]},"properties":{"c":2379,"n":698}},{"type":"Feature","geometry":{"type":"LineString","coordinates":[[-4.25197,55.84969],[-4.25265,55.84941],[-4.2538,55.84835]]},"properties":{"c":1305,"n":1184}},{"type":"Feature","geometry":{"type":"LineString","coordinates":[[-4.24338,55.85698],[-4.24359,55.85668]]},"properties":{"c":3421,"n":8329}},{"type":"Feature","geometry":{"type":"LineString","coordinates":[[-4.25459,55.84691],[-4.25489,55.84653],[-4.25504,55.84612]]},"properties":{"c":2952,"n":4705}},{"type":"Feature","geometry":{"type":"LineString","coordinates":[[-4.2478,55.85209],[-4.24844,55.85137]]},"properties":{"c":12493,"n":21518}},{"type":"Feature","geometry":{"type":"LineString","coordinates":[[-4.26364,55.83375],[-4.26384,55.83338]]},"properties":{"c":2379,"n":632}},{"type":"Feature","geometry":{"type":"LineString","coordinates":[[-4.26109,55.83814],[-4.26139,55.83739]]},"properties":{"c":2379,"n":632}},{"type":"Feature","geometry":{"type":"LineString","coordinates":[[-4.26402,55.83305],[-4.26412,55.83288]]},"properties":{"c":2379,"n":632}},{"type":"Feature","geometry":{"type":"LineString","coordinates":[[-4.24651,55.85356],[-4.2468,55.85322]]},"properties":{"c":5178,"n":11605}},{"type":"Feature","geometry":{"type":"LineString","coordinates":[[-4.26516,55.82834],[-4.26551,55.82803]]},"properties":{"c":12999,"n":15181}},{"type":"Feature","geometry":{"type":"LineString","coordinates":[[-4.26388,55.83272],[-4.2634,55.83225]]},"properties":{"c":7088,"n":9063}},{"type":"Feature","geometry":{"type":"LineString","coordinates":[[-4.30814,55.85018],[-4.3091,55.85007]]},"properties":{"c":134,"n":1933}},{"type":"Feature","geometry":{"type":"LineString","coordinates":[[-4.24947,55.8548],[-4.25011,55.85468]]},"properties":{"c":7815,"n":11424}},{"type":"Feature","geometry":{"type":"LineString","coordinates":[[-4.2914,55.85209],[-4.29253,55.852]]},"properties":{"c":10425,"n":40876}},{"type":"Feature","geometry":{"type":"LineString","coordinates":[[-4.24476,55.85604],[-4.24486,55.85596],[-4.24555,55.85587],[-4.24673,55.85591]]},"properties":{"c":4907,"n":15228}},{"type":"Feature","geometry":{"type":"LineString","coordinates":[[-4.2785,55.8537],[-4.27981,55.85361]]},"properties":{"c":7068,"n":16952}},{"type":"Feature","geometry":{"type":"LineString","coordinates":[[-4.27294,55.85369],[-4.2731,55.85368]]},"properties":{"c":6827,"n":18585}},{"type":"Feature","geometry":{"type":"LineString","coordinates":[[-4.29253,55.852],[-4.294,55.85188]]},"properties":{"c":10425,"n":40876}},{"type":"Feature","geometry":{"type":"LineString","coordinates":[[-4.26886,55.85386],[-4.2701,55.85396]]},"properties":{"c":6735,"n":18421}},{"type":"Feature","geometry":{"type":"LineString","coordinates":[[-4.29685,55.85159],[-4.29771,55.85146]]},"properties":{"c":1352,"n":14929}},{"type":"Feature","geometry":{"type":"LineString","coordinates":[[-4.25047,55.85459],[-4.25061,55.85444]]},"properties":{"c":24379,"n":22443}},{"type":"Feature","geometry":{"type":"LineString","coordinates":[[-4.30701,55.85028],[-4.30788,55.85021]]},"properties":{"c":134,"n":1933}},{"type":"Feature","geometry":{"type":"LineString","coordinates":[[-4.30521,55.85045],[-4.30592,55.85038]]},"properties":{"c":0,"n":1760}},{"type":"Feature","geometry":{"type":"LineString","coordinates":[[-4.26461,55.85339],[-4.26472,55.8534]]},"properties":{"c":372,"n":8942}},{"type":"Feature","geometry":{"type":"LineString","coordinates":[[-4.30172,55.85079],[-4.30349,55.85061]]},"properties":{"c":0,"n":3568}},{"type":"Feature","geometry":{"type":"LineString","coordinates":[[-4.25011,55.85468],[-4.25029,55.85464]]},"properties":{"c":7815,"n":11424}},{"type":"Feature","geometry":{"type":"LineString","coordinates":[[-4.29957,55.85115],[-4.2998,55.85107]]},"properties":{"c":788,"n":7633}},{"type":"Feature","geometry":{"type":"LineString","coordinates":[[-4.26343,55.85326],[-4.26461,55.85339]]},"properties":{"c":2792,"n":9365}},{"type":"Feature","geometry":{"type":"LineString","coordinates":[[-4.24673,55.85591],[-4.2468,55.85592]]},"properties":{"c":9771,"n":19087}},{"type":"Feature","geometry":{"type":"LineString","coordinates":[[-4.31047,55.84678],[-4.31086,55.84693]]},"properties":{"c":0,"n":3617}},{"type":"Feature","geometry":{"type":"LineString","coordinates":[[-4.25687,55.85246],[-4.25755,55.85255]]},"properties":{"c":6280,"n":20393}},{"type":"Feature","geometry":{"type":"LineString","coordinates":[[-4.24884,55.85489],[-4.24947,55.8548]]},"properties":{"c":7815,"n":11424}},{"type":"Feature","geometry":{"type":"LineString","coordinates":[[-4.30958,55.84999],[-4.31049,55.84982]]},"properties":{"c":134,"n":1933}},{"type":"Feature","geometry":{"type":"LineString","coordinates":[[-4.26193,55.85308],[-4.26343,55.85326]]},"properties":{"c":2792,"n":9365}},{"type":"Feature","geometry":{"type":"LineString","coordinates":[[-4.30942,55.84783],[-4.30987,55.84743]]},"properties":{"c":219,"n":1735}},{"type":"Feature","geometry":{"type":"LineString","coordinates":[[-4.25064,55.8544],[-4.25068,55.85436]]},"properties":{"c":26554,"n":28739}},{"type":"Feature","geometry":{"type":"LineString","coordinates":[[-4.28418,55.85289],[-4.28462,55.85282]]},"properties":{"c":7406,"n":26976}},{"type":"Feature","geometry":{"type":"LineString","coordinates":[[-4.27038,55.85394],[-4.27141,55.85384]]},"properties":{"c":6735,"n":18723}},{"type":"Feature","geometry":{"type":"LineString","coordinates":[[-4.25068,55.85436],[-4.25183,55.85322]]},"properties":{"c":26554,"n":33319}},{"type":"Feature","geometry":{"type":"LineString","coordinates":[[-4.26044,55.85289],[-4.26193,55.85308]]},"properties":{"c":2792,"n":9350}},{"type":"Feature","geometry":{"type":"LineString","coordinates":[[-4.26736,55.8537],[-4.26867,55.85384]]},"properties":{"c":372,"n":8942}},{"type":"Feature","geometry":{"type":"LineString","coordinates":[[-4.29771,55.85146],[-4.29815,55.85139]]},"properties":{"c":1352,"n":14929}},{"type":"Feature","geometry":{"type":"LineString","coordinates":[[-4.30438,55.85052],[-4.30521,55.85045]]},"properties":{"c":0,"n":3568}},{"type":"Feature","geometry":{"type":"LineString","coordinates":[[-4.2998,55.85107],[-4.30017,55.85101]]},"properties":{"c":788,"n":7633}},{"type":"Feature","geometry":{"type":"LineString","coordinates":[[-4.30392,55.85056],[-4.30438,55.85052]]},"properties":{"c":0,"n":3568}},{"type":"Feature","geometry":{"type":"LineString","coordinates":[[-4.3091,55.85007],[-4.30958,55.84999]]},"properties":{"c":134,"n":1933}},{"type":"Feature","geometry":{"type":"LineString","coordinates":[[-4.31026,55.84681],[-4.31047,55.84678]]},"properties":{"c":0,"n":3617}},{"type":"Feature","geometry":{"type":"LineString","coordinates":[[-4.30349,55.85061],[-4.30392,55.85056]]},"properties":{"c":0,"n":3568}},{"type":"Feature","geometry":{"type":"LineString","coordinates":[[-4.28298,55.85311],[-4.28418,55.85289]]},"properties":{"c":7068,"n":16952}},{"type":"Feature","geometry":{"type":"LineString","coordinates":[[-4.30788,55.85021],[-4.30814,55.85018]]},"properties":{"c":134,"n":1933}},{"type":"Feature","geometry":{"type":"LineString","coordinates":[[-4.25617,55.85236],[-4.25675,55.85244]]},"properties":{"c":9889,"n":26838}},{"type":"Feature","geometry":{"type":"LineString","coordinates":[[-4.24694,55.85559],[-4.24704,55.85542]]},"properties":{"c":8498,"n":12693}},{"type":"Feature","geometry":{"type":"LineString","coordinates":[[-4.2731,55.85368],[-4.27403,55.85361],[-4.27529,55.85365]]},"properties":{"c":6827,"n":18585}},{"type":"Feature","geometry":{"type":"LineString","coordinates":[[-4.28705,55.85248],[-4.28851,55.85234]]},"properties":{"c":7406,"n":26976}},{"type":"Feature","geometry":{"type":"LineString","coordinates":[[-4.31069,55.84956],[-4.31045,55.84936]]},"properties":{"c":343,"n":1976}},{"type":"Feature","geometry":{"type":"LineString","coordinates":[[-4.28895,55.8523],[-4.28974,55.85223]]},"properties":{"c":9317,"n":35522}},{"type":"Feature","geometry":{"type":"LineString","coordinates":[[-4.28974,55.85223],[-4.29086,55.85214]]},"properties":{"c":10425,"n":40876}},{"type":"Feature","geometry":{"type":"LineString","coordinates":[[-4.27981,55.85361],[-4.28145,55.85336]]},"properties":{"c":7068,"n":16952}},{"type":"Feature","geometry":{"type":"LineString","coordinates":[[-4.26606,55.85356],[-4.26736,55.8537]]},"properties":{"c":372,"n":8942}},{"type":"Feature","geometry":{"type":"LineString","coordinates":[[-4.25755,55.85255],[-4.25773,55.85258]]},"properties":{"c":5317,"n":17406}},{"type":"Feature","geometry":{"type":"LineString","coordinates":[[-4.29815,55.85139],[-4.29957,55.85115]]},"properties":{"c":1352,"n":14929}},{"type":"Feature","geometry":{"type":"LineString","coordinates":[[-4.2772,55.85369],[-4.2785,55.8537]]},"properties":{"c":16067,"n":41281}},{"type":"Feature","geometry":{"type":"LineString","coordinates":[[-4.27141,55.85384],[-4.27294,55.85369]]},"properties":{"c":6735,"n":14853}},{"type":"Feature","geometry":{"type":"LineString","coordinates":[[-4.24704,55.85542],[-4.24709,55.85535]]},"properties":{"c":8498,"n":12693}},{"type":"Feature","geometry":{"type":"LineString","coordinates":[[-4.31086,55.84693],[-4.31229,55.84763]]},"properties":{"c":0,"n":3617}},{"type":"Feature","geometry":{"type":"LineString","coordinates":[[-4.25029,55.85464],[-4.25042,55.85462]]},"properties":{"c":13870,"n":16545}},{"type":"Feature","geometry":{"type":"LineString","coordinates":[[-4.29086,55.85214],[-4.2914,55.85209]]},"properties":{"c":10425,"n":40876}},{"type":"Feature","geometry":{"type":"LineString","coordinates":[[-4.25183,55.85322],[-4.25307,55.85191]]},"properties":{"c":26471,"n":30110}},{"type":"Feature","geometry":{"type":"LineString","coordinates":[[-4.27529,55.85365],[-4.2772,55.85369]]},"properties":{"c":13769,"n":36354}},{"type":"Feature","geometry":{"type":"LineString","coordinates":[[-4.25773,55.85258],[-4.25827,55.85265]]},"properties":{"c":5317,"n":17406}},{"type":"Feature","geometry":{"type":"LineString","coordinates":[[-4.25042,55.85462],[-4.25047,55.85459]]},"properties":{"c":24255,"n":20381}},{"type":"Feature","geometry":{"type":"LineString","coordinates":[[-4.25061,55.85444],[-4.25064,55.8544]]},"properties":{"c":26554,"n":27158}},{"type":"Feature","geometry":{"type":"LineString","coordinates":[[-4.24452,55.85595],[-4.24476,55.85604]]},"properties":{"c":5531,"n":24143}},{"type":"Feature","geometry":{"type":"LineString","coordinates":[[-4.2468,55.85592],[-4.24694,55.85559]]},"properties":{"c":8498,"n":12693}},{"type":"Feature","geometry":{"type":"LineString","coordinates":[[-4.26867,55.85384],[-4.26886,55.85386]]},"properties":{"c":8150,"n":21494}},{"type":"Feature","geometry":{"type":"LineString","coordinates":[[-4.25827,55.85265],[-4.25892,55.85273]]},"properties":{"c":5317,"n":17406}},{"type":"Feature","geometry":{"type":"LineString","coordinates":[[-4.31049,55.84982],[-4.31069,55.84956]]},"properties":{"c":134,"n":910}},{"type":"Feature","geometry":{"type":"LineString","coordinates":[[-4.24709,55.85535],[-4.24758,55.85494],[-4.24884,55.85489]]},"properties":{"c":7815,"n":11424}},{"type":"Feature","geometry":{"type":"LineString","coordinates":[[-4.28632,55.85257],[-4.28705,55.85248]]},"properties":{"c":7406,"n":26976}},{"type":"Feature","geometry":{"type":"LineString","coordinates":[[-4.26472,55.8534],[-4.26606,55.85356]]},"properties":{"c":372,"n":8942}},{"type":"Feature","geometry":{"type":"LineString","coordinates":[[-4.30592,55.85038],[-4.30701,55.85028]]},"properties":{"c":134,"n":1933}},{"type":"Feature","geometry":{"type":"LineString","coordinates":[[-4.25675,55.85244],[-4.25687,55.85246]]},"properties":{"c":6280,"n":20393}},{"type":"Feature","geometry":{"type":"LineString","coordinates":[[-4.30941,55.84794],[-4.30942,55.84783]]},"properties":{"c":343,"n":1976}},{"type":"Feature","geometry":{"type":"LineString","coordinates":[[-4.31045,55.84936],[-4.30974,55.84866]]},"properties":{"c":343,"n":1976}},{"type":"Feature","geometry":{"type":"LineString","coordinates":[[-4.294,55.85188],[-4.29685,55.85159]]},"properties":{"c":1352,"n":14929}},{"type":"Feature","geometry":{"type":"LineString","coordinates":[[-4.30017,55.85101],[-4.30037,55.85098]]},"properties":{"c":1084,"n":9096}},{"type":"Feature","geometry":{"type":"LineString","coordinates":[[-4.25892,55.85273],[-4.26044,55.85289]]},"properties":{"c":5646,"n":18444}},{"type":"Feature","geometry":{"type":"LineString","coordinates":[[-4.28851,55.85234],[-4.28895,55.8523]]},"properties":{"c":9317,"n":35522}},{"type":"Feature","geometry":{"type":"LineString","coordinates":[[-4.25307,55.85191],[-4.2555,55.85228]]},"properties":{"c":10122,"n":24187}},{"type":"Feature","geometry":{"type":"LineString","coordinates":[[-4.31229,55.84763],[-4.31346,55.84748],[-4.31459,55.84768]]},"properties":{"c":0,"n":3617}},{"type":"Feature","geometry":{"type":"LineString","coordinates":[[-4.30987,55.84743],[-4.31025,55.84701],[-4.31026,55.84681]]},"properties":{"c":646,"n":3845}},{"type":"Feature","geometry":{"type":"LineString","coordinates":[[-4.28462,55.85282],[-4.28632,55.85257]]},"properties":{"c":7406,"n":26976}},{"type":"Feature","geometry":{"type":"LineString","coordinates":[[-4.2555,55.85228],[-4.25617,55.85236]]},"properties":{"c":9889,"n":26838}},{"type":"Feature","geometry":{"type":"LineString","coordinates":[[-4.30974,55.84866],[-4.30946,55.84825],[-4.30941,55.84794]]},"properties":{"c":343,"n":1976}},{"type":"Feature","geometry":{"type":"LineString","coordinates":[[-4.2701,55.85396],[-4.27038,55.85394]]},"properties":{"c":6735,"n":18421}},{"type":"Feature","geometry":{"type":"LineString","coordinates":[[-4.28145,55.85336],[-4.28298,55.85311]]},"properties":{"c":7068,"n":16952}},{"type":"Feature","geometry":{"type":"LineString","coordinates":[[-4.30037,55.85098],[-4.30172,55.85079]]},"properties":{"c":1084,"n":9096}},{"type":"Feature","geometry":{"type":"LineString","coordinates":[[-4.28546,55.87708],[-4.28763,55.87772]]},"properties":{"c":982,"n":11774}},{"type":"Feature","geometry":{"type":"LineString","coordinates":[[-4.2835,55.87604],[-4.28323,55.87641]]},"properties":{"c":1279,"n":15790}},{"type":"Feature","geometry":{"type":"LineString","coordinates":[[-4.28323,55.87641],[-4.28546,55.87708]]},"properties":{"c":982,"n":11774}},{"type":"Feature","geometry":{"type":"LineString","coordinates":[[-4.28763,55.87772],[-4.28863,55.87803],[-4.28873,55.87814]]},"properties":{"c":982,"n":11774}},{"type":"Feature","geometry":{"type":"LineString","coordinates":[[-4.28357,55.87595],[-4.2835,55.87604]]},"properties":{"c":1279,"n":15790}},{"type":"Feature","geometry":{"type":"LineString","coordinates":[[-4.22672,55.84925],[-4.22622,55.84914]]},"properties":{"c":3987,"n":23269}},{"type":"Feature","geometry":{"type":"LineString","coordinates":[[-4.22765,55.85363],[-4.22782,55.85342]]},"properties":{"c":813,"n":6858}},{"type":"Feature","geometry":{"type":"LineString","coordinates":[[-4.22739,55.85206],[-4.22645,55.852]]},"properties":{"c":487,"n":2698}},{"type":"Feature","geometry":{"type":"LineString","coordinates":[[-4.226,55.85113],[-4.22608,55.85105],[-4.22601,55.85016]]},"properties":{"c":487,"n":2317}},{"type":"Feature","geometry":{"type":"LineString","coordinates":[[-4.22702,55.85445],[-4.22752,55.85379]]},"properties":{"c":605,"n":6516}},{"type":"Feature","geometry":{"type":"LineString","coordinates":[[-4.2274,55.85209],[-4.22739,55.85206]]},"properties":{"c":487,"n":2698}},{"type":"Feature","geometry":{"type":"LineString","coordinates":[[-4.22719,55.85329],[-4.22732,55.85308],[-4.22717,55.85279],[-4.22701,55.85271]]},"properties":{"c":487,"n":2698}},{"type":"Feature","geometry":{"type":"LineString","coordinates":[[-4.22752,55.85379],[-4.22765,55.85363]]},"properties":{"c":605,"n":6516}},{"type":"Feature","geometry":{"type":"LineString","coordinates":[[-4.22633,55.85538],[-4.22702,55.85445]]},"properties":{"c":605,"n":6516}},{"type":"Feature","geometry":{"type":"LineString","coordinates":[[-4.22601,55.85016],[-4.22672,55.84925]]},"properties":{"c":487,"n":3422}},{"type":"Feature","geometry":{"type":"LineString","coordinates":[[-4.22627,55.84908],[-4.22649,55.8487]]},"properties":{"c":3481,"n":17516}},{"type":"Feature","geometry":{"type":"LineString","coordinates":[[-4.22645,55.852],[-4.22604,55.85138],[-4.226,55.85113]]},"properties":{"c":487,"n":2317}},{"type":"Feature","geometry":{"type":"LineString","coordinates":[[-4.22622,55.84914],[-4.22627,55.84908]]},"properties":{"c":3481,"n":15835}},{"type":"Feature","geometry":{"type":"LineString","coordinates":[[-4.22701,55.85271],[-4.2274,55.85209]]},"properties":{"c":487,"n":2698}},{"type":"Feature","geometry":{"type":"LineString","coordinates":[[-4.22782,55.85342],[-4.22719,55.85329]]},"properties":{"c":487,"n":2698}},{"type":"Feature","geometry":{"type":"LineString","coordinates":[[-4.31862,55.87068],[-4.31973,55.87067]]},"properties":{"c":0,"n":10886}},{"type":"Feature","geometry":{"type":"LineString","coordinates":[[-4.29492,55.86981],[-4.29503,55.86984]]},"properties":{"c":1872,"n":36766}},{"type":"Feature","geometry":{"type":"LineString","coordinates":[[-4.32307,55.8708],[-4.32305,55.87101],[-4.32285,55.87116]]},"properties":{"c":0,"n":9715}},{"type":"Feature","geometry":{"type":"LineString","coordinates":[[-4.32233,55.87113],[-4.32219,55.87106]]},"properties":{"c":42,"n":10368}},{"type":"Feature","geometry":{"type":"LineString","coordinates":[[-4.31284,55.87074],[-4.31488,55.87072]]},"properties":{"c":0,"n":10886}},{"type":"Feature","geometry":{"type":"LineString","coordinates":[[-4.31488,55.87072],[-4.31657,55.8707]]},"properties":{"c":0,"n":10886}},{"type":"Feature","geometry":{"type":"LineString","coordinates":[[-4.2697,55.86538],[-4.27037,55.86545]]},"properties":{"c":2714,"n":14561}},{"type":"Feature","geometry":{"type":"LineString","coordinates":[[-4.31657,55.8707],[-4.3175,55.87069]]},"properties":{"c":0,"n":10886}},{"type":"Feature","geometry":{"type":"LineString","coordinates":[[-4.3053,55.87081],[-4.3058,55.87081]]},"properties":{"c":0,"n":11239}},{"type":"Feature","geometry":{"type":"LineString","coordinates":[[-4.28079,55.86567],[-4.28354,55.86544]]},"properties":{"c":3836,"n":17486}},{"type":"Feature","geometry":{"type":"LineString","coordinates":[[-4.27037,55.86545],[-4.27089,55.86547]]},"properties":{"c":2714,"n":14561}},{"type":"Feature","geometry":{"type":"LineString","coordinates":[[-4.2995,55.87047],[-4.29977,55.87055]]},"properties":{"c":0,"n":25654}},{"type":"Feature","geometry":{"type":"LineString","coordinates":[[-4.26203,55.8645],[-4.26348,55.86468]]},"properties":{"c":1525,"n":4436}},{"type":"Feature","geometry":{"type":"LineString","coordinates":[[-4.27089,55.86547],[-4.2716,55.86546]]},"properties":{"c":3946,"n":18833}},{"type":"Feature","geometry":{"type":"LineString","coordinates":[[-4.29347,55.86935],[-4.29365,55.86942]]},"properties":{"c":1872,"n":30204}},{"type":"Feature","geometry":{"type":"LineString","coordinates":[[-4.28508,55.86573],[-4.28692,55.86631]]},"properties":{"c":10248,"n":32774}},{"type":"Feature","geometry":{"type":"LineString","coordinates":[[-4.30809,55.87079],[-4.3091,55.87078]]},"properties":{"c":0,"n":11792}},{"type":"Feature","geometry":{"type":"LineString","coordinates":[[-4.27881,55.86499],[-4.27887,55.86499]]},"properties":{"c":2419,"n":9333}},{"type":"Feature","geometry":{"type":"LineString","coordinates":[[-4.32268,55.87052],[-4.32305,55.87074]]},"properties":{"c":0,"n":7271}},{"type":"Feature","geometry":{"type":"LineString","coordinates":[[-4.28406,55.86544],[-4.28508,55.86573]]},"properties":{"c":9325,"n":34822}},{"type":"Feature","geometry":{"type":"LineString","coordinates":[[-4.31086,55.87075],[-4.31242,55.87074]]},"properties":{"c":0,"n":11357}},{"type":"Feature","geometry":{"type":"LineString","coordinates":[[-4.29121,55.86764],[-4.29185,55.86817]]},"properties":{"c":1872,"n":28392}},{"type":"Feature","geometry":{"type":"LineString","coordinates":[[-4.26348,55.86468],[-4.26492,55.86484]]},"properties":{"c":1525,"n":4436}},{"type":"Feature","geometry":{"type":"LineString","coordinates":[[-4.3091,55.87078],[-4.30942,55.87077]]},"properties":{"c":0,"n":11792}},{"type":"Feature","geometry":{"type":"LineString","coordinates":[[-4.29737,55.87003],[-4.29746,55.87003]]},"properties":{"c":1002,"n":23944}},{"type":"Feature","geometry":{"type":"LineString","coordinates":[[-4.28024,55.86528],[-4.28036,55.86571]]},"properties":{"c":2828,"n":8343}},{"type":"Feature","geometry":{"type":"LineString","coordinates":[[-4.30147,55.87084],[-4.30179,55.87084]]},"properties":{"c":48,"n":13304}},{"type":"Feature","geometry":{"type":"LineString","coordinates":[[-4.32305,55.87074],[-4.32307,55.8708]]},"properties":{"c":0,"n":9715}},{"type":"Feature","geometry":{"type":"LineString","coordinates":[[-4.28956,55.86713],[-4.29048,55.86741]]},"properties":{"c":1002,"n":8826}},{"type":"Feature","geometry":{"type":"LineString","coordinates":[[-4.30749,55.87079],[-4.30809,55.87079]]},"properties":{"c":0,"n":11321}},{"type":"Feature","geometry":{"type":"LineString","coordinates":[[-4.28692,55.86631],[-4.28875,55.86688]]},"properties":{"c":10240,"n":35268}},{"type":"Feature","geometry":{"type":"LineString","coordinates":[[-4.25907,55.86415],[-4.26055,55.86432]]},"properties":{"c":2616,"n":16603}},{"type":"Feature","geometry":{"type":"LineString","coordinates":[[-4.29705,55.87001],[-4.29737,55.87003]]},"properties":{"c":1002,"n":26893}},{"type":"Feature","geometry":{"type":"LineString","coordinates":[[-4.26661,55.86505],[-4.26819,55.86524]]},"properties":{"c":1744,"n":13607}},{"type":"Feature","geometry":{"type":"LineString","coordinates":[[-4.29389,55.86951],[-4.29492,55.86981]]},"properties":{"c":1872,"n":36766}},{"type":"Feature","geometry":{"type":"LineString","coordinates":[[-4.3058,55.87081],[-4.30676,55.8708]]},"properties":{"c":0,"n":11321}},{"type":"Feature","geometry":{"type":"LineString","coordinates":[[-4.30942,55.87077],[-4.31086,55.87075]]},"properties":{"c":0,"n":11357}},{"type":"Feature","geometry":{"type":"LineString","coordinates":[[-4.26492,55.86484],[-4.26498,55.86485]]},"properties":{"c":1525,"n":4436}},{"type":"Feature","geometry":{"type":"LineString","coordinates":[[-4.31973,55.87067],[-4.32017,55.87065]]},"properties":{"c":0,"n":5927}},{"type":"Feature","geometry":{"type":"LineString","coordinates":[[-4.30413,55.87083],[-4.30448,55.87082]]},"properties":{"c":0,"n":11239}},{"type":"Feature","geometry":{"type":"LineString","coordinates":[[-4.31264,55.87074],[-4.31284,55.87074]]},"properties":{"c":0,"n":10886}},{"type":"Feature","geometry":{"type":"LineString","coordinates":[[-4.27605,55.86518],[-4.27881,55.86499]]},"properties":{"c":2419,"n":9333}},{"type":"Feature","geometry":{"type":"LineString","coordinates":[[-4.28875,55.86688],[-4.28956,55.86713]]},"properties":{"c":1002,"n":8826}},{"type":"Feature","geometry":{"type":"LineString","coordinates":[[-4.28036,55.86571],[-4.28079,55.86567]]},"properties":{"c":3836,"n":17486}},{"type":"Feature","geometry":{"type":"LineString","coordinates":[[-4.28354,55.86544],[-4.28406,55.86544]]},"properties":{"c":3836,"n":17486}},{"type":"Feature","geometry":{"type":"LineString","coordinates":[[-4.31242,55.87074],[-4.31264,55.87074]]},"properties":{"c":0,"n":11357}},{"type":"Feature","geometry":{"type":"LineString","coordinates":[[-4.29543,55.86992],[-4.29615,55.87001],[-4.29705,55.87001]]},"properties":{"c":1002,"n":26893}},{"type":"Feature","geometry":{"type":"LineString","coordinates":[[-4.30078,55.8708],[-4.30147,55.87084]]},"properties":{"c":48,"n":13304}},{"type":"Feature","geometry":{"type":"LineString","coordinates":[[-4.29977,55.87055],[-4.3003,55.87068]]},"properties":{"c":0,"n":25654}},{"type":"Feature","geometry":{"type":"LineString","coordinates":[[-4.28015,55.86529],[-4.28024,55.86528]]},"properties":{"c":2159,"n":5530}},{"type":"Feature","geometry":{"type":"LineString","coordinates":[[-4.30448,55.87082],[-4.3053,55.87081]]},"properties":{"c":0,"n":11239}},{"type":"Feature","geometry":{"type":"LineString","coordinates":[[-4.26055,55.86432],[-4.26203,55.8645]]},"properties":{"c":1525,"n":4436}},{"type":"Feature","geometry":{"type":"LineString","coordinates":[[-4.27378,55.86532],[-4.27605,55.86518]]},"properties":{"c":2419,"n":9333}},{"type":"Feature","geometry":{"type":"LineString","coordinates":[[-4.32221,55.87052],[-4.32225,55.87051]]},"properties":{"c":42,"n":9501}},{"type":"Feature","geometry":{"type":"LineString","coordinates":[[-4.3175,55.87069],[-4.31752,55.87069]]},"properties":{"c":0,"n":10886}},{"type":"Feature","geometry":{"type":"LineString","coordinates":[[-4.29503,55.86984],[-4.29543,55.86992]]},"properties":{"c":1002,"n":26893}},{"type":"Feature","geometry":{"type":"LineString","coordinates":[[-4.29185,55.86817],[-4.29247,55.86871]]},"properties":{"c":1872,"n":30204}},{"type":"Feature","geometry":{"type":"LineString","coordinates":[[-4.28004,55.86497],[-4.28015,55.86529]]},"properties":{"c":2829,"n":8704}},{"type":"Feature","geometry":{"type":"LineString","coordinates":[[-4.27926,55.86496],[-4.27988,55.86492],[-4.28004,55.86497]]},"properties":{"c":2159,"n":6606}},{"type":"Feature","geometry":{"type":"LineString","coordinates":[[-4.31752,55.87069],[-4.318,55.87068]]},"properties":{"c":0,"n":10886}},{"type":"Feature","geometry":{"type":"LineString","coordinates":[[-4.30676,55.8708],[-4.30749,55.87079]]},"properties":{"c":0,"n":11321}},{"type":"Feature","geometry":{"type":"LineString","coordinates":[[-4.32219,55.87106],[-4.32154,55.87095]]},"properties":{"c":0,"n":9908}},{"type":"Feature","geometry":{"type":"LineString","coordinates":[[-4.26819,55.86524],[-4.2697,55.86538]]},"properties":{"c":2714,"n":14561}},{"type":"Feature","geometry":{"type":"LineString","coordinates":[[-4.29247,55.86871],[-4.29293,55.86907],[-4.29347,55.86935]]},"properties":{"c":1872,"n":30204}},{"type":"Feature","geometry":{"type":"LineString","coordinates":[[-4.29746,55.87003],[-4.2995,55.87047]]},"properties":{"c":1002,"n":23933}},{"type":"Feature","geometry":{"type":"LineString","coordinates":[[-4.32017,55.87065],[-4.32156,55.87086],[-4.32193,55.87078]]},"properties":{"c":0,"n":5927}},{"type":"Feature","geometry":{"type":"LineString","coordinates":[[-4.2716,55.86546],[-4.27378,55.86532]]},"properties":{"c":4619,"n":19236}},{"type":"Feature","geometry":{"type":"LineString","coordinates":[[-4.3226,55.8705],[-4.32268,55.87052]]},"properties":{"c":42,"n":11555}},{"type":"Feature","geometry":{"type":"LineString","coordinates":[[-4.318,55.87068],[-4.31862,55.87068]]},"properties":{"c":0,"n":10886}},{"type":"Feature","geometry":{"type":"LineString","coordinates":[[-4.30223,55.87084],[-4.30274,55.87084]]},"properties":{"c":0,"n":11145}},{"type":"Feature","geometry":{"type":"LineString","coordinates":[[-4.32278,55.87118],[-4.32233,55.87113]]},"properties":{"c":0,"n":9715}},{"type":"Feature","geometry":{"type":"LineString","coordinates":[[-4.32285,55.87116],[-4.32278,55.87118]]},"properties":{"c":0,"n":9715}},{"type":"Feature","geometry":{"type":"LineString","coordinates":[[-4.29365,55.86942],[-4.29389,55.86951]]},"properties":{"c":1872,"n":36766}},{"type":"Feature","geometry":{"type":"LineString","coordinates":[[-4.26498,55.86485],[-4.26661,55.86505]]},"properties":{"c":1744,"n":13607}},{"type":"Feature","geometry":{"type":"LineString","coordinates":[[-4.30274,55.87084],[-4.30413,55.87083]]},"properties":{"c":0,"n":11239}},{"type":"Feature","geometry":{"type":"LineString","coordinates":[[-4.3003,55.87068],[-4.30078,55.8708]]},"properties":{"c":116,"n":28517}},{"type":"Feature","geometry":{"type":"LineString","coordinates":[[-4.32225,55.87051],[-4.3226,55.8705]]},"properties":{"c":42,"n":9501}},{"type":"Feature","geometry":{"type":"LineString","coordinates":[[-4.30179,55.87084],[-4.30223,55.87084]]},"properties":{"c":0,"n":11145}},{"type":"Feature","geometry":{"type":"LineString","coordinates":[[-4.32193,55.87078],[-4.322,55.87062],[-4.32221,55.87052]]},"properties":{"c":42,"n":6387}},{"type":"Feature","geometry":{"type":"LineString","coordinates":[[-4.27887,55.86499],[-4.27926,55.86496]]},"properties":{"c":2419,"n":9333}},{"type":"Feature","geometry":{"type":"LineString","coordinates":[[-4.29048,55.86741],[-4.29121,55.86764]]},"properties":{"c":1002,"n":8826}},{"type":"Feature","geometry":{"type":"LineString","coordinates":[[-4.25442,55.85972],[-4.25448,55.85956]]},"properties":{"c":8140,"n":27636}},{"type":"Feature","geometry":{"type":"LineString","coordinates":[[-4.25302,55.86345],[-4.2531,55.86324]]},"properties":{"c":2731,"n":32883}},{"type":"Feature","geometry":{"type":"LineString","coordinates":[[-4.25363,55.86189],[-4.25388,55.86117]]},"properties":{"c":4511,"n":28109}},{"type":"Feature","geometry":{"type":"LineString","coordinates":[[-4.26236,55.8567],[-4.26289,55.85667]]},"properties":{"c":12299,"n":19679}},{"type":"Feature","geometry":{"type":"LineString","coordinates":[[-4.25499,55.85817],[-4.25505,55.85792]]},"properties":{"c":12363,"n":39225}},{"type":"Feature","geometry":{"type":"LineString","coordinates":[[-4.25933,55.85649],[-4.25946,55.8565]]},"properties":{"c":17264,"n":32980}},{"type":"Feature","geometry":{"type":"LineString","coordinates":[[-4.25729,55.85716],[-4.25756,55.85642]]},"properties":{"c":8400,"n":24219}},{"type":"Feature","geometry":{"type":"LineString","coordinates":[[-4.25333,55.86271],[-4.25354,55.86213]]},"properties":{"c":2731,"n":32883}},{"type":"Feature","geometry":{"type":"LineString","coordinates":[[-4.25354,55.86213],[-4.25357,55.86208]]},"properties":{"c":2731,"n":32883}},{"type":"Feature","geometry":{"type":"LineString","coordinates":[[-4.25759,55.85632],[-4.25825,55.8564]]},"properties":{"c":17264,"n":32980}},{"type":"Feature","geometry":{"type":"LineString","coordinates":[[-4.25405,55.86072],[-4.25413,55.8605]]},"properties":{"c":5393,"n":26046}},{"type":"Feature","geometry":{"type":"LineString","coordinates":[[-4.25825,55.8564],[-4.25933,55.85649]]},"properties":{"c":17264,"n":32980}},{"type":"Feature","geometry":{"type":"LineString","coordinates":[[-4.25534,55.85787],[-4.25593,55.85794],[-4.25616,55.85736]]},"properties":{"c":13064,"n":24918}},{"type":"Feature","geometry":{"type":"LineString","coordinates":[[-4.25616,55.85736],[-4.2563,55.85697]]},"properties":{"c":13064,"n":24918}},{"type":"Feature","geometry":{"type":"LineString","coordinates":[[-4.25424,55.86021],[-4.25435,55.85991]]},"properties":{"c":8140,"n":27636}},{"type":"Feature","geometry":{"type":"LineString","coordinates":[[-4.25467,55.85904],[-4.2548,55.85868]]},"properties":{"c":7292,"n":25268}},{"type":"Feature","geometry":{"type":"LineString","coordinates":[[-4.25973,55.85652],[-4.26218,55.85668]]},"properties":{"c":14975,"n":25087}},{"type":"Feature","geometry":{"type":"LineString","coordinates":[[-4.25357,55.86208],[-4.25363,55.86189]]},"properties":{"c":1391,"n":15488}},{"type":"Feature","geometry":{"type":"LineString","coordinates":[[-4.25388,55.86117],[-4.25405,55.86072]]},"properties":{"c":3660,"n":19470}},{"type":"Feature","geometry":{"type":"LineString","coordinates":[[-4.25505,55.85792],[-4.25522,55.85785],[-4.25534,55.85787]]},"properties":{"c":13064,"n":25157}},{"type":"Feature","geometry":{"type":"LineString","coordinates":[[-4.26289,55.85667],[-4.26296,55.85649]]},"properties":{"c":12835,"n":22434}},{"type":"Feature","geometry":{"type":"LineString","coordinates":[[-4.25658,55.85702],[-4.25729,55.85716]]},"properties":{"c":5230,"n":17520}},{"type":"Feature","geometry":{"type":"LineString","coordinates":[[-4.2548,55.85868],[-4.25499,55.85817]]},"properties":{"c":7292,"n":25268}},{"type":"Feature","geometry":{"type":"LineString","coordinates":[[-4.2531,55.86324],[-4.25333,55.86271]]},"properties":{"c":2731,"n":32883}},{"type":"Feature","geometry":{"type":"LineString","coordinates":[[-4.2563,55.85697],[-4.25658,55.85702]]},"properties":{"c":13856,"n":34792}},{"type":"Feature","geometry":{"type":"LineString","coordinates":[[-4.25448,55.85956],[-4.25467,55.85904]]},"properties":{"c":7292,"n":25268}},{"type":"Feature","geometry":{"type":"LineString","coordinates":[[-4.25756,55.85642],[-4.25759,55.85632]]},"properties":{"c":11464,"n":30364}},{"type":"Feature","geometry":{"type":"LineString","coordinates":[[-4.25413,55.8605],[-4.25419,55.86033]]},"properties":{"c":5393,"n":26046}},{"type":"Feature","geometry":{"type":"LineString","coordinates":[[-4.26218,55.85668],[-4.26236,55.8567]]},"properties":{"c":15872,"n":29263}},{"type":"Feature","geometry":{"type":"LineString","coordinates":[[-4.25419,55.86033],[-4.25424,55.86021]]},"properties":{"c":8478,"n":33387}},{"type":"Feature","geometry":{"type":"LineString","coordinates":[[-4.25946,55.8565],[-4.25973,55.85652]]},"properties":{"c":17264,"n":32980}},{"type":"Feature","geometry":{"type":"LineString","coordinates":[[-4.26296,55.85649],[-4.26332,55.85653]]},"properties":{"c":25195,"n":41933}},{"type":"Feature","geometry":{"type":"LineString","coordinates":[[-4.25435,55.85991],[-4.25442,55.85972]]},"properties":{"c":8140,"n":27636}},{"type":"Feature","geometry":{"type":"LineString","coordinates":[[-4.26289,55.85668],[-4.26326,55.85672]]},"properties":{"c":536,"n":7290}},{"type":"Feature","geometry":{"type":"LineString","coordinates":[[-4.26236,55.8567],[-4.2624,55.85671]]},"properties":{"c":3573,"n":9584}},{"type":"Feature","geometry":{"type":"LineString","coordinates":[[-4.26326,55.85672],[-4.26453,55.85681],[-4.26713,55.85664],[-4.26873,55.85663]]},"properties":{"c":0,"n":7884}},{"type":"Feature","geometry":{"type":"LineString","coordinates":[[-4.2624,55.85671],[-4.26289,55.85668]]},"properties":{"c":0,"n":4535}},{"type":"Feature","geometry":{"type":"LineString","coordinates":[[-4.26873,55.85663],[-4.26885,55.85663]]},"properties":{"c":9135,"n":30172}},{"type":"Feature","geometry":{"type":"LineString","coordinates":[[-4.24942,55.86316],[-4.24907,55.86409]]},"properties":{"c":2480,"n":17615}},{"type":"Feature","geometry":{"type":"LineString","coordinates":[[-4.24972,55.86463],[-4.25002,55.86466]]},"properties":{"c":2164,"n":14780}},{"type":"Feature","geometry":{"type":"LineString","coordinates":[[-4.24959,55.86462],[-4.24972,55.86463]]},"properties":{"c":2164,"n":14780}},{"type":"Feature","geometry":{"type":"LineString","coordinates":[[-4.25057,55.86472],[-4.25195,55.86486]]},"properties":{"c":2164,"n":14780}},{"type":"Feature","geometry":{"type":"LineString","coordinates":[[-4.25002,55.86466],[-4.25057,55.86472]]},"properties":{"c":2164,"n":14780}},{"type":"Feature","geometry":{"type":"LineString","coordinates":[[-4.25195,55.86486],[-4.25282,55.86495]]},"properties":{"c":2164,"n":14780}},{"type":"Feature","geometry":{"type":"LineString","coordinates":[[-4.24889,55.86454],[-4.24959,55.86462]]},"properties":{"c":2164,"n":14780}},{"type":"Feature","geometry":{"type":"LineString","coordinates":[[-4.24907,55.86409],[-4.24889,55.86454]]},"properties":{"c":2480,"n":17615}},{"type":"Feature","geometry":{"type":"LineString","coordinates":[[-4.2613,55.8438],[-4.2618,55.84344]]},"properties":{"c":10154,"n":15933}},{"type":"Feature","geometry":{"type":"LineString","coordinates":[[-4.27191,55.83763],[-4.27203,55.83755],[-4.27217,55.83754]]},"properties":{"c":0,"n":261}},{"type":"Feature","geometry":{"type":"LineString","coordinates":[[-4.30094,55.83401],[-4.30231,55.83359],[-4.30314,55.83344]]},"properties":{"c":0,"n":1133}},{"type":"Feature","geometry":{"type":"LineString","coordinates":[[-4.25884,55.84552],[-4.25961,55.84499]]},"properties":{"c":10154,"n":15933}},{"type":"Feature","geometry":{"type":"LineString","coordinates":[[-4.27614,55.83705],[-4.2771,55.83669]]},"properties":{"c":0,"n":542}},{"type":"Feature","geometry":{"type":"LineString","coordinates":[[-4.26957,55.83808],[-4.26994,55.83803]]},"properties":{"c":0,"n":261}},{"type":"Feature","geometry":{"type":"LineString","coordinates":[[-4.30463,55.83304],[-4.30465,55.83279]]},"properties":{"c":0,"n":1810}},{"type":"Feature","geometry":{"type":"LineString","coordinates":[[-4.25961,55.84499],[-4.25997,55.84474]]},"properties":{"c":10154,"n":15933}},{"type":"Feature","geometry":{"type":"LineString","coordinates":[[-4.29601,55.83457],[-4.29664,55.83456]]},"properties":{"c":56,"n":1649}},{"type":"Feature","geometry":{"type":"LineString","coordinates":[[-4.26114,55.84391],[-4.2613,55.8438]]},"properties":{"c":10154,"n":15933}},{"type":"Feature","geometry":{"type":"LineString","coordinates":[[-4.29302,55.83446],[-4.29332,55.83447]]},"properties":{"c":107,"n":2576}},{"type":"Feature","geometry":{"type":"LineString","coordinates":[[-4.30529,55.83025],[-4.3061,55.83025]]},"properties":{"c":0,"n":1972}},{"type":"Feature","geometry":{"type":"LineString","coordinates":[[-4.30094,55.83407],[-4.30094,55.83401]]},"properties":{"c":0,"n":1133}},{"type":"Feature","geometry":{"type":"LineString","coordinates":[[-4.30374,55.83101],[-4.30438,55.83057],[-4.30529,55.83025]]},"properties":{"c":0,"n":1810}},{"type":"Feature","geometry":{"type":"LineString","coordinates":[[-4.27285,55.83772],[-4.27295,55.8378]]},"properties":{"c":5016,"n":8774}},{"type":"Feature","geometry":{"type":"LineString","coordinates":[[-4.26231,55.84309],[-4.26243,55.84311]]},"properties":{"c":25912,"n":55923}},{"type":"Feature","geometry":{"type":"LineString","coordinates":[[-4.25392,55.85025],[-4.2544,55.84925]]},"properties":{"c":24169,"n":20431}},{"type":"Feature","geometry":{"type":"LineString","coordinates":[[-4.28014,55.83558],[-4.28368,55.83438]]},"properties":{"c":0,"n":783}},{"type":"Feature","geometry":{"type":"LineString","coordinates":[[-4.27529,55.83735],[-4.27614,55.83705]]},"properties":{"c":0,"n":542}},{"type":"Feature","geometry":{"type":"LineString","coordinates":[[-4.26734,55.83896],[-4.26805,55.83827]]},"properties":{"c":19437,"n":29652}},{"type":"Feature","geometry":{"type":"LineString","coordinates":[[-4.30465,55.83279],[-4.30446,55.83245],[-4.30377,55.8317],[-4.30368,55.83137],[-4.30374,55.83101]]},"properties":{"c":0,"n":1810}},{"type":"Feature","geometry":{"type":"LineString","coordinates":[[-4.2727,55.83765],[-4.27285,55.83772]]},"properties":{"c":5016,"n":8774}},{"type":"Feature","geometry":{"type":"LineString","coordinates":[[-4.28368,55.83438],[-4.28454,55.83419],[-4.28547,55.8342]]},"properties":{"c":107,"n":3255}},{"type":"Feature","geometry":{"type":"LineString","coordinates":[[-4.26446,55.84153],[-4.26484,55.84125]]},"properties":{"c":19437,"n":35834}},{"type":"Feature","geometry":{"type":"LineString","coordinates":[[-4.25997,55.84474],[-4.26032,55.8445]]},"properties":{"c":10154,"n":15933}},{"type":"Feature","geometry":{"type":"LineString","coordinates":[[-4.27874,55.83607],[-4.28014,55.83558]]},"properties":{"c":0,"n":649}},{"type":"Feature","geometry":{"type":"LineString","coordinates":[[-4.29719,55.83458],[-4.29727,55.83453]]},"properties":{"c":0,"n":1133}},{"type":"Feature","geometry":{"type":"LineString","coordinates":[[-4.26549,55.84076],[-4.26601,55.84029]]},"properties":{"c":19437,"n":30225}},{"type":"Feature","geometry":{"type":"LineString","coordinates":[[-4.29332,55.83447],[-4.29468,55.83452]]},"properties":{"c":107,"n":2576}},{"type":"Feature","geometry":{"type":"LineString","coordinates":[[-4.25566,55.84768],[-4.25585,55.84755]]},"properties":{"c":10960,"n":17034}},{"type":"Feature","geometry":{"type":"LineString","coordinates":[[-4.28669,55.83425],[-4.28753,55.83428]]},"properties":{"c":107,"n":3243}},{"type":"Feature","geometry":{"type":"LineString","coordinates":[[-4.26701,55.83927],[-4.26734,55.83896]]},"properties":{"c":19437,"n":29652}},{"type":"Feature","geometry":{"type":"LineString","coordinates":[[-4.26032,55.8445],[-4.26114,55.84391]]},"properties":{"c":10154,"n":15933}},{"type":"Feature","geometry":{"type":"LineString","coordinates":[[-4.26243,55.84311],[-4.26256,55.84294],[-4.26343,55.8423]]},"properties":{"c":19437,"n":35834}},{"type":"Feature","geometry":{"type":"LineString","coordinates":[[-4.26805,55.83827],[-4.26957,55.83808]]},"properties":{"c":0,"n":261}},{"type":"Feature","geometry":{"type":"LineString","coordinates":[[-4.26606,55.8402],[-4.26658,55.83967]]},"properties":{"c":19437,"n":29935}},{"type":"Feature","geometry":{"type":"LineString","coordinates":[[-4.30673,55.83025],[-4.30641,55.83003]]},"properties":{"c":0,"n":1972}},{"type":"Feature","geometry":{"type":"LineString","coordinates":[[-4.25538,55.84793],[-4.25531,55.84786]]},"properties":{"c":9353,"n":8461}},{"type":"Feature","geometry":{"type":"LineString","coordinates":[[-4.26658,55.83967],[-4.26701,55.83927]]},"properties":{"c":19437,"n":29652}},{"type":"Feature","geometry":{"type":"LineString","coordinates":[[-4.26378,55.84203],[-4.26446,55.84153]]},"properties":{"c":19437,"n":35834}},{"type":"Feature","geometry":{"type":"LineString","coordinates":[[-4.29686,55.83458],[-4.29719,55.83458]]},"properties":{"c":56,"n":1649}},{"type":"Feature","geometry":{"type":"LineString","coordinates":[[-4.26994,55.83803],[-4.27121,55.83788]]},"properties":{"c":0,"n":261}},{"type":"Feature","geometry":{"type":"LineString","coordinates":[[-4.28753,55.83428],[-4.29035,55.83437]]},"properties":{"c":107,"n":2576}},{"type":"Feature","geometry":{"type":"LineString","coordinates":[[-4.25503,55.84819],[-4.25538,55.84793]]},"properties":{"c":26476,"n":31843}},{"type":"Feature","geometry":{"type":"LineString","coordinates":[[-4.27121,55.83788],[-4.27172,55.8378],[-4.2719,55.83767]]},"properties":{"c":0,"n":261}},{"type":"Feature","geometry":{"type":"LineString","coordinates":[[-4.27295,55.8378],[-4.27339,55.83802]]},"properties":{"c":10339,"n":18299}},{"type":"Feature","geometry":{"type":"LineString","coordinates":[[-4.26224,55.84307],[-4.26231,55.84309]]},"properties":{"c":11389,"n":23045}},{"type":"Feature","geometry":{"type":"LineString","coordinates":[[-4.26343,55.8423],[-4.26378,55.84203]]},"properties":{"c":19437,"n":35834}},{"type":"Feature","geometry":{"type":"LineString","coordinates":[[-4.25531,55.84786],[-4.25566,55.84768]]},"properties":{"c":10960,"n":17034}},{"type":"Feature","geometry":{"type":"LineString","coordinates":[[-4.28547,55.8342],[-4.28669,55.83425]]},"properties":{"c":107,"n":3255}},{"type":"Feature","geometry":{"type":"LineString","coordinates":[[-4.29035,55.83437],[-4.29302,55.83446]]},"properties":{"c":107,"n":2576}},{"type":"Feature","geometry":{"type":"LineString","coordinates":[[-4.26601,55.84029],[-4.26606,55.8402]]},"properties":{"c":19437,"n":29935}},{"type":"Feature","geometry":{"type":"LineString","coordinates":[[-4.25307,55.85191],[-4.25392,55.85025]]},"properties":{"c":24360,"n":21626}},{"type":"Feature","geometry":{"type":"LineString","coordinates":[[-4.25477,55.84859],[-4.25486,55.84841]]},"properties":{"c":24169,"n":20431}},{"type":"Feature","geometry":{"type":"LineString","coordinates":[[-4.29727,55.83453],[-4.29785,55.83422],[-4.29864,55.83404],[-4.29913,55.83399],[-4.30094,55.83407]]},"properties":{"c":0,"n":1133}},{"type":"Feature","geometry":{"type":"LineString","coordinates":[[-4.2771,55.83669],[-4.27874,55.83607]]},"properties":{"c":0,"n":542}},{"type":"Feature","geometry":{"type":"LineString","coordinates":[[-4.27217,55.83754],[-4.27224,55.83756]]},"properties":{"c":0,"n":261}},{"type":"Feature","geometry":{"type":"LineString","coordinates":[[-4.2719,55.83767],[-4.27191,55.83763]]},"properties":{"c":1928,"n":3241}},{"type":"Feature","geometry":{"type":"LineString","coordinates":[[-4.30314,55.83344],[-4.3032,55.83338],[-4.30419,55.83323],[-4.30463,55.83304]]},"properties":{"c":0,"n":1133}},{"type":"Feature","geometry":{"type":"LineString","coordinates":[[-4.27422,55.83773],[-4.27529,55.83735]]},"properties":{"c":0,"n":542}},{"type":"Feature","geometry":{"type":"LineString","coordinates":[[-4.26484,55.84125],[-4.26549,55.84076]]},"properties":{"c":19437,"n":35834}},{"type":"Feature","geometry":{"type":"LineString","coordinates":[[-4.29664,55.83456],[-4.29686,55.83458]]},"properties":{"c":56,"n":1649}},{"type":"Feature","geometry":{"type":"LineString","coordinates":[[-4.29468,55.83452],[-4.29601,55.83457]]},"properties":{"c":107,"n":2576}},{"type":"Feature","geometry":{"type":"LineString","coordinates":[[-4.2544,55.84925],[-4.25477,55.84859]]},"properties":{"c":24169,"n":20431}},{"type":"Feature","geometry":{"type":"LineString","coordinates":[[-4.27224,55.83756],[-4.2727,55.83765]]},"properties":{"c":0,"n":261}},{"type":"Feature","geometry":{"type":"LineString","coordinates":[[-4.27339,55.83802],[-4.27422,55.83773]]},"properties":{"c":0,"n":542}},{"type":"Feature","geometry":{"type":"LineString","coordinates":[[-4.25603,55.84743],[-4.25866,55.84564]]},"properties":{"c":10960,"n":17034}},{"type":"Feature","geometry":{"type":"LineString","coordinates":[[-4.3061,55.83025],[-4.30673,55.83025]]},"properties":{"c":0,"n":1972}},{"type":"Feature","geometry":{"type":"LineString","coordinates":[[-4.25585,55.84755],[-4.25603,55.84743]]},"properties":{"c":10960,"n":17034}},{"type":"Feature","geometry":{"type":"LineString","coordinates":[[-4.25486,55.84841],[-4.25503,55.84819]]},"properties":{"c":24169,"n":19379}},{"type":"Feature","geometry":{"type":"LineString","coordinates":[[-4.2618,55.84344],[-4.26224,55.84307]]},"properties":{"c":10154,"n":15933}},{"type":"Feature","geometry":{"type":"LineString","coordinates":[[-4.25866,55.84564],[-4.25884,55.84552]]},"properties":{"c":10154,"n":15933}},{"type":"Feature","geometry":{"type":"LineString","coordinates":[[-4.25302,55.86345],[-4.25292,55.8638],[-4.25303,55.86415],[-4.25347,55.86425]]},"properties":{"c":4200,"n":39970}},{"type":"Feature","geometry":{"type":"LineString","coordinates":[[-4.25347,55.86425],[-4.25414,55.86433]]},"properties":{"c":4200,"n":39970}},{"type":"Feature","geometry":{"type":"LineString","coordinates":[[-4.25414,55.86433],[-4.25555,55.8645]]},"properties":{"c":304,"n":14731}},{"type":"Feature","geometry":{"type":"LineString","coordinates":[[-4.25878,55.86487],[-4.26028,55.86505]]},"properties":{"c":1449,"n":39382}},{"type":"Feature","geometry":{"type":"LineString","coordinates":[[-4.25851,55.86484],[-4.25878,55.86487]]},"properties":{"c":1182,"n":32492}},{"type":"Feature","geometry":{"type":"LineString","coordinates":[[-4.25555,55.8645],[-4.25722,55.86469]]},"properties":{"c":304,"n":14731}},{"type":"Feature","geometry":{"type":"LineString","coordinates":[[-4.25722,55.86469],[-4.25851,55.86484]]},"properties":{"c":304,"n":14731}},{"type":"Feature","geometry":{"type":"LineString","coordinates":[[-4.25064,55.8544],[-4.25113,55.85463]]},"properties":{"c":7763,"n":14884}},{"type":"Feature","geometry":{"type":"LineString","coordinates":[[-4.25113,55.85463],[-4.25162,55.85479]]},"properties":{"c":7763,"n":14884}},{"type":"Feature","geometry":{"type":"LineString","coordinates":[[-4.25844,55.82352],[-4.25883,55.82336],[-4.25982,55.82314]]},"properties":{"c":0,"n":1590}},{"type":"Feature","geometry":{"type":"LineString","coordinates":[[-4.24695,55.83297],[-4.24765,55.83226]]},"properties":{"c":463,"n":2066}},{"type":"Feature","geometry":{"type":"LineString","coordinates":[[-4.25718,55.82538],[-4.25727,55.82524]]},"properties":{"c":0,"n":1590}},{"type":"Feature","geometry":{"type":"LineString","coordinates":[[-4.23548,55.84606],[-4.23548,55.84574]]},"properties":{"c":463,"n":1440}},{"type":"Feature","geometry":{"type":"LineString","coordinates":[[-4.25763,55.82471],[-4.25813,55.82397]]},"properties":{"c":0,"n":1590}},{"type":"Feature","geometry":{"type":"LineString","coordinates":[[-4.23374,55.84777],[-4.23491,55.84738]]},"properties":{"c":326,"n":830}},{"type":"Feature","geometry":{"type":"LineString","coordinates":[[-4.25043,55.82722],[-4.25048,55.82713],[-4.25152,55.82698]]},"properties":{"c":0,"n":418}},{"type":"Feature","geometry":{"type":"LineString","coordinates":[[-4.26057,55.81993],[-4.26058,55.81982]]},"properties":{"c":0,"n":4975}},{"type":"Feature","geometry":{"type":"LineString","coordinates":[[-4.26239,55.81713],[-4.26311,55.81744]]},"properties":{"c":0,"n":5041}},{"type":"Feature","geometry":{"type":"LineString","coordinates":[[-4.24825,55.83155],[-4.24835,55.83128],[-4.24836,55.83077]]},"properties":{"c":463,"n":3946}},{"type":"Feature","geometry":{"type":"LineString","coordinates":[[-4.23979,55.83839],[-4.24022,55.83803],[-4.24118,55.83742]]},"properties":{"c":210,"n":1742}},{"type":"Feature","geometry":{"type":"LineString","coordinates":[[-4.24808,55.83179],[-4.24825,55.83155]]},"properties":{"c":463,"n":3148}},{"type":"Feature","geometry":{"type":"LineString","coordinates":[[-4.24164,55.83715],[-4.24359,55.8358]]},"properties":{"c":463,"n":3360}},{"type":"Feature","geometry":{"type":"LineString","coordinates":[[-4.24552,55.83452],[-4.24606,55.83397]]},"properties":{"c":463,"n":2066}},{"type":"Feature","geometry":{"type":"LineString","coordinates":[[-4.23549,55.84636],[-4.23548,55.84606]]},"properties":{"c":463,"n":1440}},{"type":"Feature","geometry":{"type":"LineString","coordinates":[[-4.22782,55.85342],[-4.22791,55.8533]]},"properties":{"c":326,"n":4160}},{"type":"Feature","geometry":{"type":"LineString","coordinates":[[-4.25316,55.82673],[-4.25534,55.82642]]},"properties":{"c":0,"n":418}},{"type":"Feature","geometry":{"type":"LineString","coordinates":[[-4.25741,55.826],[-4.25718,55.8257]]},"properties":{"c":0,"n":1590}},{"type":"Feature","geometry":{"type":"LineString","coordinates":[[-4.23281,55.84892],[-4.23265,55.84836]]},"properties":{"c":326,"n":3299}},{"type":"Feature","geometry":{"type":"LineString","coordinates":[[-4.23131,55.85047],[-4.23169,55.85009]]},"properties":{"c":326,"n":4900}},{"type":"Feature","geometry":{"type":"LineString","coordinates":[[-4.25713,55.82547],[-4.25718,55.82538]]},"properties":{"c":0,"n":1590}},{"type":"Feature","geometry":{"type":"LineString","coordinates":[[-4.26241,55.81694],[-4.26239,55.81713]]},"properties":{"c":0,"n":2574}},{"type":"Feature","geometry":{"type":"LineString","coordinates":[[-4.23548,55.84574],[-4.23528,55.84306]]},"properties":{"c":463,"n":1440}},{"type":"Feature","geometry":{"type":"LineString","coordinates":[[-4.23963,55.83881],[-4.23953,55.83877]]},"properties":{"c":210,"n":700}},{"type":"Feature","geometry":{"type":"LineString","coordinates":[[-4.24848,55.8307],[-4.24804,55.82946]]},"properties":{"c":0,"n":363}},{"type":"Feature","geometry":{"type":"LineString","coordinates":[[-4.23541,55.84162],[-4.2358,55.84112]]},"properties":{"c":463,"n":1440}},{"type":"Feature","geometry":{"type":"LineString","coordinates":[[-4.24867,55.82842],[-4.24939,55.82841]]},"properties":{"c":0,"n":843}},{"type":"Feature","geometry":{"type":"LineString","coordinates":[[-4.25727,55.82524],[-4.25748,55.82493]]},"properties":{"c":0,"n":1590}},{"type":"Feature","geometry":{"type":"LineString","coordinates":[[-4.23259,55.84823],[-4.23374,55.84777]]},"properties":{"c":326,"n":830}},{"type":"Feature","geometry":{"type":"LineString","coordinates":[[-4.23521,55.84186],[-4.23541,55.84162]]},"properties":{"c":463,"n":1440}},{"type":"Feature","geometry":{"type":"LineString","coordinates":[[-4.23649,55.84063],[-4.23712,55.84033]]},"properties":{"c":463,"n":1440}},{"type":"Feature","geometry":{"type":"LineString","coordinates":[[-4.23911,55.83895],[-4.23937,55.8388],[-4.23956,55.83887]]},"properties":{"c":463,"n":1440}},{"type":"Feature","geometry":{"type":"LineString","coordinates":[[-4.23265,55.84836],[-4.23259,55.84823]]},"properties":{"c":326,"n":3299}},{"type":"Feature","geometry":{"type":"LineString","coordinates":[[-4.2485,55.83077],[-4.24848,55.8307]]},"properties":{"c":0,"n":1215}},{"type":"Feature","geometry":{"type":"LineString","coordinates":[[-4.24151,55.83723],[-4.24164,55.83715]]},"properties":{"c":463,"n":3360}},{"type":"Feature","geometry":{"type":"LineString","coordinates":[[-4.26211,55.81738],[-4.26241,55.81694]]},"properties":{"c":0,"n":2508}},{"type":"Feature","geometry":{"type":"LineString","coordinates":[[-4.23169,55.85009],[-4.23189,55.84992]]},"properties":{"c":326,"n":4900}},{"type":"Feature","geometry":{"type":"LineString","coordinates":[[-4.24118,55.83742],[-4.24151,55.83723]]},"properties":{"c":210,"n":1742}},{"type":"Feature","geometry":{"type":"LineString","coordinates":[[-4.22819,55.85293],[-4.22842,55.85262]]},"properties":{"c":326,"n":4160}},{"type":"Feature","geometry":{"type":"LineString","coordinates":[[-4.24471,55.83502],[-4.24527,55.83473],[-4.24552,55.83452]]},"properties":{"c":463,"n":2066}},{"type":"Feature","geometry":{"type":"LineString","coordinates":[[-4.26058,55.81982],[-4.26085,55.81923]]},"properties":{"c":0,"n":4975}},{"type":"Feature","geometry":{"type":"LineString","coordinates":[[-4.24836,55.83077],[-4.2485,55.83077]]},"properties":{"c":463,"n":1659}},{"type":"Feature","geometry":{"type":"LineString","coordinates":[[-4.2615,55.81831],[-4.26175,55.81797]]},"properties":{"c":0,"n":4975}},{"type":"Feature","geometry":{"type":"LineString","coordinates":[[-4.23528,55.84306],[-4.23536,55.84206],[-4.23521,55.84186]]},"properties":{"c":463,"n":1440}},{"type":"Feature","geometry":{"type":"LineString","coordinates":[[-4.26083,55.82114],[-4.26078,55.82089]]},"properties":{"c":0,"n":4975}},{"type":"Feature","geometry":{"type":"LineString","coordinates":[[-4.22873,55.85221],[-4.22896,55.8519]]},"properties":{"c":326,"n":4498}},{"type":"Feature","geometry":{"type":"LineString","coordinates":[[-4.23556,55.84679],[-4.23549,55.84636]]},"properties":{"c":326,"n":1038}},{"type":"Feature","geometry":{"type":"LineString","coordinates":[[-4.23956,55.83887],[-4.23963,55.83881]]},"properties":{"c":463,"n":1440}},{"type":"Feature","geometry":{"type":"LineString","coordinates":[[-4.26078,55.82089],[-4.26068,55.8205]]},"properties":{"c":0,"n":4975}},{"type":"Feature","geometry":{"type":"LineString","coordinates":[[-4.23491,55.84738],[-4.2356,55.84712]]},"properties":{"c":326,"n":830}},{"type":"Feature","geometry":{"type":"LineString","coordinates":[[-4.26189,55.8177],[-4.26211,55.81738]]},"properties":{"c":0,"n":2508}},{"type":"Feature","geometry":{"type":"LineString","coordinates":[[-4.25718,55.8257],[-4.25713,55.82547]]},"properties":{"c":0,"n":1590}},{"type":"Feature","geometry":{"type":"LineString","coordinates":[[-4.23189,55.84992],[-4.23224,55.84958]]},"properties":{"c":326,"n":5217}},{"type":"Feature","geometry":{"type":"LineString","coordinates":[[-4.23265,55.84922],[-4.23281,55.84892]]},"properties":{"c":326,"n":5217}},{"type":"Feature","geometry":{"type":"LineString","coordinates":[[-4.22842,55.85262],[-4.2286,55.85239]]},"properties":{"c":326,"n":4160}},{"type":"Feature","geometry":{"type":"LineString","coordinates":[[-4.23224,55.84958],[-4.23265,55.84922]]},"properties":{"c":326,"n":5217}},{"type":"Feature","geometry":{"type":"LineString","coordinates":[[-4.24401,55.83551],[-4.2446,55.8351]]},"properties":{"c":463,"n":3360}},{"type":"Feature","geometry":{"type":"LineString","coordinates":[[-4.26085,55.81923],[-4.2615,55.81831]]},"properties":{"c":0,"n":4975}},{"type":"Feature","geometry":{"type":"LineString","coordinates":[[-4.25152,55.82698],[-4.25316,55.82673]]},"properties":{"c":0,"n":418}},{"type":"Feature","geometry":{"type":"LineString","coordinates":[[-4.23592,55.84102],[-4.23641,55.84069]]},"properties":{"c":463,"n":1440}},{"type":"Feature","geometry":{"type":"LineString","coordinates":[[-4.23938,55.8387],[-4.23949,55.83862]]},"properties":{"c":210,"n":700}},{"type":"Feature","geometry":{"type":"LineString","coordinates":[[-4.23641,55.84069],[-4.2364,55.84064]]},"properties":{"c":463,"n":1440}},{"type":"Feature","geometry":{"type":"LineString","coordinates":[[-4.24939,55.82841],[-4.24968,55.82791],[-4.25029,55.82785],[-4.25048,55.82774],[-4.25043,55.82722]]},"properties":{"c":0,"n":418}},{"type":"Feature","geometry":{"type":"LineString","coordinates":[[-4.25982,55.82314],[-4.26046,55.82299],[-4.26088,55.82273]]},"properties":{"c":0,"n":1590}},{"type":"Feature","geometry":{"type":"LineString","coordinates":[[-4.2299,55.85084],[-4.23023,55.85075],[-4.23098,55.85067],[-4.23131,55.85047]]},"properties":{"c":326,"n":4498}},{"type":"Feature","geometry":{"type":"LineString","coordinates":[[-4.24804,55.82946],[-4.24761,55.82868],[-4.24763,55.82844]]},"properties":{"c":0,"n":363}},{"type":"Feature","geometry":{"type":"LineString","coordinates":[[-4.23949,55.83862],[-4.23979,55.83839]]},"properties":{"c":210,"n":700}},{"type":"Feature","geometry":{"type":"LineString","coordinates":[[-4.26088,55.82273],[-4.26113,55.82243]]},"properties":{"c":0,"n":621}},{"type":"Feature","geometry":{"type":"LineString","coordinates":[[-4.26113,55.82243],[-4.26107,55.82213]]},"properties":{"c":0,"n":4975}},{"type":"Feature","geometry":{"type":"LineString","coordinates":[[-4.22896,55.8519],[-4.22952,55.85114]]},"properties":{"c":326,"n":4498}},{"type":"Feature","geometry":{"type":"LineString","coordinates":[[-4.24763,55.82844],[-4.24867,55.82842]]},"properties":{"c":0,"n":843}},{"type":"Feature","geometry":{"type":"LineString","coordinates":[[-4.2438,55.83566],[-4.24401,55.83551]]},"properties":{"c":463,"n":3360}},{"type":"Feature","geometry":{"type":"LineString","coordinates":[[-4.23712,55.84033],[-4.23883,55.83918]]},"properties":{"c":463,"n":1440}},{"type":"Feature","geometry":{"type":"LineString","coordinates":[[-4.24606,55.83397],[-4.24622,55.83378]]},"properties":{"c":463,"n":2066}},{"type":"Feature","geometry":{"type":"LineString","coordinates":[[-4.26175,55.81797],[-4.26189,55.8177]]},"properties":{"c":0,"n":2508}},{"type":"Feature","geometry":{"type":"LineString","coordinates":[[-4.2286,55.85239],[-4.22873,55.85221]]},"properties":{"c":326,"n":4160}},{"type":"Feature","geometry":{"type":"LineString","coordinates":[[-4.26094,55.82154],[-4.26083,55.82114]]},"properties":{"c":0,"n":4975}},{"type":"Feature","geometry":{"type":"LineString","coordinates":[[-4.25534,55.82642],[-4.25741,55.826]]},"properties":{"c":0,"n":418}},{"type":"Feature","geometry":{"type":"LineString","coordinates":[[-4.25748,55.82493],[-4.25763,55.82471]]},"properties":{"c":0,"n":1590}},{"type":"Feature","geometry":{"type":"LineString","coordinates":[[-4.2364,55.84064],[-4.23649,55.84063]]},"properties":{"c":463,"n":1440}},{"type":"Feature","geometry":{"type":"LineString","coordinates":[[-4.23953,55.83877],[-4.23938,55.8387]]},"properties":{"c":210,"n":1578}},{"type":"Feature","geometry":{"type":"LineString","coordinates":[[-4.24622,55.83378],[-4.24695,55.83297]]},"properties":{"c":463,"n":2066}},{"type":"Feature","geometry":{"type":"LineString","coordinates":[[-4.26056,55.81999],[-4.26057,55.81993]]},"properties":{"c":0,"n":4975}},{"type":"Feature","geometry":{"type":"LineString","coordinates":[[-4.26068,55.8205],[-4.26056,55.81999]]},"properties":{"c":0,"n":4975}},{"type":"Feature","geometry":{"type":"LineString","coordinates":[[-4.23883,55.83918],[-4.23911,55.83895]]},"properties":{"c":463,"n":1440}},{"type":"Feature","geometry":{"type":"LineString","coordinates":[[-4.22791,55.8533],[-4.22819,55.85293]]},"properties":{"c":326,"n":4160}},{"type":"Feature","geometry":{"type":"LineString","coordinates":[[-4.2356,55.84712],[-4.23556,55.84679]]},"properties":{"c":326,"n":1038}},{"type":"Feature","geometry":{"type":"LineString","coordinates":[[-4.25813,55.82397],[-4.25844,55.82352]]},"properties":{"c":0,"n":1590}},{"type":"Feature","geometry":{"type":"LineString","coordinates":[[-4.24765,55.83226],[-4.24808,55.83179]]},"properties":{"c":463,"n":2066}},{"type":"Feature","geometry":{"type":"LineString","coordinates":[[-4.26107,55.82213],[-4.26094,55.82154]]},"properties":{"c":0,"n":4975}},{"type":"Feature","geometry":{"type":"LineString","coordinates":[[-4.2446,55.8351],[-4.24471,55.83502]]},"properties":{"c":463,"n":3360}},{"type":"Feature","geometry":{"type":"LineString","coordinates":[[-4.24359,55.8358],[-4.2438,55.83566]]},"properties":{"c":463,"n":3360}},{"type":"Feature","geometry":{"type":"LineString","coordinates":[[-4.2358,55.84112],[-4.23592,55.84102]]},"properties":{"c":463,"n":1440}},{"type":"Feature","geometry":{"type":"LineString","coordinates":[[-4.22952,55.85114],[-4.2299,55.85084]]},"properties":{"c":326,"n":4498}},{"type":"Feature","geometry":{"type":"LineString","coordinates":[[-4.294,55.85188],[-4.29412,55.85203]]},"properties":{"c":9073,"n":28373}},{"type":"Feature","geometry":{"type":"LineString","coordinates":[[-4.29412,55.85203],[-4.29462,55.852]]},"properties":{"c":9073,"n":28824}},{"type":"Feature","geometry":{"type":"LineString","coordinates":[[-4.26845,55.86447],[-4.26908,55.86448]]},"properties":{"c":1366,"n":2693}},{"type":"Feature","geometry":{"type":"LineString","coordinates":[[-4.26977,55.86449],[-4.2703,55.8645]]},"properties":{"c":2160,"n":3988}},{"type":"Feature","geometry":{"type":"LineString","coordinates":[[-4.2682,55.86485],[-4.2682,55.86479]]},"properties":{"c":1366,"n":2693}},{"type":"Feature","geometry":{"type":"LineString","coordinates":[[-4.26498,55.86485],[-4.26511,55.86449]]},"properties":{"c":165,"n":1681}},{"type":"Feature","geometry":{"type":"LineString","coordinates":[[-4.26675,55.86468],[-4.2682,55.86485]]},"properties":{"c":952,"n":1956}},{"type":"Feature","geometry":{"type":"LineString","coordinates":[[-4.2695,55.86449],[-4.26965,55.86449]]},"properties":{"c":1366,"n":2693}},{"type":"Feature","geometry":{"type":"LineString","coordinates":[[-4.26821,55.86446],[-4.26845,55.86447]]},"properties":{"c":165,"n":526}},{"type":"Feature","geometry":{"type":"LineString","coordinates":[[-4.26965,55.86449],[-4.26977,55.86449]]},"properties":{"c":1366,"n":2693}},{"type":"Feature","geometry":{"type":"LineString","coordinates":[[-4.26908,55.86448],[-4.2695,55.86449]]},"properties":{"c":1366,"n":2693}},{"type":"Feature","geometry":{"type":"LineString","coordinates":[[-4.2682,55.86479],[-4.26821,55.86446]]},"properties":{"c":165,"n":526}},{"type":"Feature","geometry":{"type":"LineString","coordinates":[[-4.26511,55.86449],[-4.26675,55.86468]]},"properties":{"c":952,"n":1511}},{"type":"Feature","geometry":{"type":"LineString","coordinates":[[-4.25459,55.85122],[-4.25422,55.85118]]},"properties":{"c":1016,"n":1147}},{"type":"Feature","geometry":{"type":"LineString","coordinates":[[-4.25503,55.85127],[-4.25459,55.85122]]},"properties":{"c":995,"n":2927}},{"type":"Feature","geometry":{"type":"LineString","coordinates":[[-4.2555,55.85228],[-4.25585,55.85137]]},"properties":{"c":995,"n":2927}},{"type":"Feature","geometry":{"type":"LineString","coordinates":[[-4.25568,55.85135],[-4.25503,55.85127]]},"properties":{"c":995,"n":2927}},{"type":"Feature","geometry":{"type":"LineString","coordinates":[[-4.25422,55.85118],[-4.25405,55.85116]]},"properties":{"c":1016,"n":1147}},{"type":"Feature","geometry":{"type":"LineString","coordinates":[[-4.25585,55.85137],[-4.25568,55.85135]]},"properties":{"c":995,"n":2927}},{"type":"Feature","geometry":{"type":"LineString","coordinates":[[-4.25405,55.85116],[-4.25359,55.85111]]},"properties":{"c":1016,"n":1147}},{"type":"Feature","geometry":{"type":"LineString","coordinates":[[-4.24892,55.85064],[-4.24876,55.85065],[-4.24804,55.85045]]},"properties":{"c":13179,"n":13184}},{"type":"Feature","geometry":{"type":"LineString","coordinates":[[-4.27174,55.86778],[-4.27212,55.86802]]},"properties":{"c":8090,"n":44305}},{"type":"Feature","geometry":{"type":"LineString","coordinates":[[-4.27652,55.86697],[-4.27899,55.86681]]},"properties":{"c":49,"n":3676}},{"type":"Feature","geometry":{"type":"LineString","coordinates":[[-4.27079,55.8671],[-4.27114,55.86755]]},"properties":{"c":1175,"n":11530}},{"type":"Feature","geometry":{"type":"LineString","coordinates":[[-4.2647,55.86562],[-4.26772,55.86597]]},"properties":{"c":1175,"n":17105}},{"type":"Feature","geometry":{"type":"LineString","coordinates":[[-4.2715,55.8675],[-4.27174,55.86778]]},"properties":{"c":3922,"n":23587}},{"type":"Feature","geometry":{"type":"LineString","coordinates":[[-4.26055,55.86432],[-4.26046,55.86469]]},"properties":{"c":1200,"n":13975}},{"type":"Feature","geometry":{"type":"LineString","coordinates":[[-4.26472,55.86555],[-4.2647,55.86562]]},"properties":{"c":1169,"n":17915}},{"type":"Feature","geometry":{"type":"LineString","coordinates":[[-4.27212,55.86802],[-4.27234,55.86814]]},"properties":{"c":8139,"n":45566}},{"type":"Feature","geometry":{"type":"LineString","coordinates":[[-4.27056,55.86631],[-4.27072,55.86638],[-4.27082,55.86654],[-4.27079,55.8671]]},"properties":{"c":1175,"n":11530}},{"type":"Feature","geometry":{"type":"LineString","coordinates":[[-4.27598,55.86746],[-4.2764,55.86698]]},"properties":{"c":1238,"n":5783}},{"type":"Feature","geometry":{"type":"LineString","coordinates":[[-4.26772,55.86597],[-4.27056,55.86631]]},"properties":{"c":1175,"n":17105}},{"type":"Feature","geometry":{"type":"LineString","coordinates":[[-4.26479,55.8652],[-4.26485,55.86521]]},"properties":{"c":1553,"n":19578}},{"type":"Feature","geometry":{"type":"LineString","coordinates":[[-4.2619,55.86487],[-4.26335,55.86503]]},"properties":{"c":1553,"n":19275}},{"type":"Feature","geometry":{"type":"LineString","coordinates":[[-4.26485,55.86521],[-4.26472,55.86555]]},"properties":{"c":1169,"n":17773}},{"type":"Feature","geometry":{"type":"LineString","coordinates":[[-4.27234,55.86814],[-4.27288,55.86816],[-4.27472,55.86803]]},"properties":{"c":49,"n":2799}},{"type":"Feature","geometry":{"type":"LineString","coordinates":[[-4.27462,55.86755],[-4.27598,55.86746]]},"properties":{"c":1238,"n":5783}},{"type":"Feature","geometry":{"type":"LineString","coordinates":[[-4.27472,55.86803],[-4.27462,55.86755]]},"properties":{"c":1238,"n":5783}},{"type":"Feature","geometry":{"type":"LineString","coordinates":[[-4.27131,55.86756],[-4.2715,55.8675]]},"properties":{"c":186,"n":10101}},{"type":"Feature","geometry":{"type":"LineString","coordinates":[[-4.2764,55.86698],[-4.27652,55.86697]]},"properties":{"c":1238,"n":6782}},{"type":"Feature","geometry":{"type":"LineString","coordinates":[[-4.27114,55.86755],[-4.27131,55.86756]]},"properties":{"c":186,"n":10101}},{"type":"Feature","geometry":{"type":"LineString","coordinates":[[-4.26046,55.86469],[-4.2619,55.86487]]},"properties":{"c":1169,"n":9855}},{"type":"Feature","geometry":{"type":"LineString","coordinates":[[-4.26335,55.86503],[-4.26479,55.8652]]},"properties":{"c":1553,"n":19578}},{"type":"Feature","geometry":{"type":"LineString","coordinates":[[-4.3333,55.84202],[-4.33404,55.84081]]},"properties":{"c":0,"n":1033}},{"type":"Feature","geometry":{"type":"LineString","coordinates":[[-4.31104,55.84973],[-4.31728,55.84862]]},"properties":{"c":0,"n":1023}},{"type":"Feature","geometry":{"type":"LineString","coordinates":[[-4.33484,55.83953],[-4.33488,55.83946]]},"properties":{"c":0,"n":1033}},{"type":"Feature","geometry":{"type":"LineString","coordinates":[[-4.32745,55.84709],[-4.32848,55.84695]]},"properties":{"c":0,"n":1423}},{"type":"Feature","geometry":{"type":"LineString","coordinates":[[-4.33235,55.8436],[-4.33274,55.84295]]},"properties":{"c":0,"n":1033}},{"type":"Feature","geometry":{"type":"LineString","coordinates":[[-4.33469,55.83975],[-4.3348,55.83959]]},"properties":{"c":0,"n":1033}},{"type":"Feature","geometry":{"type":"LineString","coordinates":[[-4.33452,55.84003],[-4.33468,55.83977]]},"properties":{"c":0,"n":1033}},{"type":"Feature","geometry":{"type":"LineString","coordinates":[[-4.33488,55.83946],[-4.33493,55.83909]]},"properties":{"c":0,"n":1033}},{"type":"Feature","geometry":{"type":"LineString","coordinates":[[-4.33138,55.84519],[-4.3315,55.845]]},"properties":{"c":0,"n":969}},{"type":"Feature","geometry":{"type":"LineString","coordinates":[[-4.33117,55.84559],[-4.33138,55.84519]]},"properties":{"c":0,"n":969}},{"type":"Feature","geometry":{"type":"LineString","coordinates":[[-4.33274,55.84295],[-4.33278,55.84288]]},"properties":{"c":0,"n":1033}},{"type":"Feature","geometry":{"type":"LineString","coordinates":[[-4.32235,55.84778],[-4.32328,55.84766]]},"properties":{"c":0,"n":1423}},{"type":"Feature","geometry":{"type":"LineString","coordinates":[[-4.33278,55.84288],[-4.3333,55.84202]]},"properties":{"c":0,"n":1033}},{"type":"Feature","geometry":{"type":"LineString","coordinates":[[-4.33443,55.84016],[-4.33452,55.84003]]},"properties":{"c":0,"n":1033}},{"type":"Feature","geometry":{"type":"LineString","coordinates":[[-4.32848,55.84695],[-4.33057,55.84662]]},"properties":{"c":0,"n":1423}},{"type":"Feature","geometry":{"type":"LineString","coordinates":[[-4.32048,55.84806],[-4.32119,55.84793]]},"properties":{"c":0,"n":1423}},{"type":"Feature","geometry":{"type":"LineString","coordinates":[[-4.32328,55.84766],[-4.3253,55.84739]]},"properties":{"c":0,"n":1423}},{"type":"Feature","geometry":{"type":"LineString","coordinates":[[-4.33499,55.83756],[-4.33515,55.83695]]},"properties":{"c":0,"n":825}},{"type":"Feature","geometry":{"type":"LineString","coordinates":[[-4.31089,55.84975],[-4.31104,55.84973]]},"properties":{"c":0,"n":1023}},{"type":"Feature","geometry":{"type":"LineString","coordinates":[[-4.3348,55.83959],[-4.33484,55.83953]]},"properties":{"c":0,"n":1033}},{"type":"Feature","geometry":{"type":"LineString","coordinates":[[-4.33482,55.83849],[-4.33499,55.83756]]},"properties":{"c":0,"n":1312}},{"type":"Feature","geometry":{"type":"LineString","coordinates":[[-4.33177,55.84457],[-4.33192,55.84432]]},"properties":{"c":0,"n":1033}},{"type":"Feature","geometry":{"type":"LineString","coordinates":[[-4.31049,55.84982],[-4.31089,55.84975]]},"properties":{"c":0,"n":1023}},{"type":"Feature","geometry":{"type":"LineString","coordinates":[[-4.32119,55.84793],[-4.32235,55.84778]]},"properties":{"c":0,"n":1423}},{"type":"Feature","geometry":{"type":"LineString","coordinates":[[-4.33073,55.84638],[-4.33099,55.84592]]},"properties":{"c":0,"n":969}},{"type":"Feature","geometry":{"type":"LineString","coordinates":[[-4.33157,55.84489],[-4.3316,55.84485]]},"properties":{"c":0,"n":969}},{"type":"Feature","geometry":{"type":"LineString","coordinates":[[-4.33057,55.84662],[-4.33073,55.84638]]},"properties":{"c":0,"n":605}},{"type":"Feature","geometry":{"type":"LineString","coordinates":[[-4.3253,55.84739],[-4.32745,55.84709]]},"properties":{"c":0,"n":1423}},{"type":"Feature","geometry":{"type":"LineString","coordinates":[[-4.3189,55.84834],[-4.319,55.84832]]},"properties":{"c":0,"n":1234}},{"type":"Feature","geometry":{"type":"LineString","coordinates":[[-4.33468,55.83977],[-4.33469,55.83975]]},"properties":{"c":0,"n":1033}},{"type":"Feature","geometry":{"type":"LineString","coordinates":[[-4.31728,55.84862],[-4.3189,55.84834]]},"properties":{"c":0,"n":1234}},{"type":"Feature","geometry":{"type":"LineString","coordinates":[[-4.33166,55.84475],[-4.33169,55.84471]]},"properties":{"c":0,"n":1033}},{"type":"Feature","geometry":{"type":"LineString","coordinates":[[-4.33493,55.83909],[-4.33482,55.83854]]},"properties":{"c":0,"n":1312}},{"type":"Feature","geometry":{"type":"LineString","coordinates":[[-4.33482,55.83854],[-4.33482,55.83849]]},"properties":{"c":0,"n":1312}},{"type":"Feature","geometry":{"type":"LineString","coordinates":[[-4.33519,55.83666],[-4.33534,55.83624]]},"properties":{"c":0,"n":825}},{"type":"Feature","geometry":{"type":"LineString","coordinates":[[-4.33515,55.83695],[-4.33519,55.83666]]},"properties":{"c":0,"n":825}},{"type":"Feature","geometry":{"type":"LineString","coordinates":[[-4.33099,55.84592],[-4.33117,55.84559]]},"properties":{"c":0,"n":969}},{"type":"Feature","geometry":{"type":"LineString","coordinates":[[-4.33404,55.84081],[-4.33443,55.84016]]},"properties":{"c":0,"n":1033}},{"type":"Feature","geometry":{"type":"LineString","coordinates":[[-4.33169,55.84471],[-4.33177,55.84457]]},"properties":{"c":0,"n":1033}},{"type":"Feature","geometry":{"type":"LineString","coordinates":[[-4.33534,55.83624],[-4.33528,55.83623]]},"properties":{"c":0,"n":1407}},{"type":"Feature","geometry":{"type":"LineString","coordinates":[[-4.3316,55.84485],[-4.33166,55.84475]]},"properties":{"c":0,"n":1009}},{"type":"Feature","geometry":{"type":"LineString","coordinates":[[-4.319,55.84832],[-4.32048,55.84806]]},"properties":{"c":0,"n":1220}},{"type":"Feature","geometry":{"type":"LineString","coordinates":[[-4.3315,55.845],[-4.33157,55.84489]]},"properties":{"c":0,"n":969}},{"type":"Feature","geometry":{"type":"LineString","coordinates":[[-4.33192,55.84432],[-4.33235,55.8436]]},"properties":{"c":0,"n":1033}},{"type":"Feature","geometry":{"type":"LineString","coordinates":[[-4.2176,55.84281],[-4.2175,55.84271]]},"properties":{"c":760,"n":4325}},{"type":"Feature","geometry":{"type":"LineString","coordinates":[[-4.22657,55.84864],[-4.22483,55.84798]]},"properties":{"c":760,"n":3557}},{"type":"Feature","geometry":{"type":"LineString","coordinates":[[-4.22322,55.84713],[-4.22262,55.84668]]},"properties":{"c":760,"n":3557}},{"type":"Feature","geometry":{"type":"LineString","coordinates":[[-4.21882,55.84383],[-4.21817,55.84331]]},"properties":{"c":760,"n":3424}},{"type":"Feature","geometry":{"type":"LineString","coordinates":[[-4.22384,55.84759],[-4.22339,55.84727]]},"properties":{"c":760,"n":3557}},{"type":"Feature","geometry":{"type":"LineString","coordinates":[[-4.2197,55.84449],[-4.21884,55.84385]]},"properties":{"c":760,"n":3424}},{"type":"Feature","geometry":{"type":"LineString","coordinates":[[-4.22649,55.8487],[-4.22657,55.84864]]},"properties":{"c":760,"n":3557}},{"type":"Feature","geometry":{"type":"LineString","coordinates":[[-4.21884,55.84385],[-4.21882,55.84383]]},"properties":{"c":760,"n":3424}},{"type":"Feature","geometry":{"type":"LineString","coordinates":[[-4.22339,55.84727],[-4.22322,55.84713]]},"properties":{"c":760,"n":3557}},{"type":"Feature","geometry":{"type":"LineString","coordinates":[[-4.22483,55.84798],[-4.22384,55.84759]]},"properties":{"c":760,"n":3557}},{"type":"Feature","geometry":{"type":"LineString","coordinates":[[-4.22038,55.845],[-4.2197,55.84449]]},"properties":{"c":760,"n":3557}},{"type":"Feature","geometry":{"type":"LineString","coordinates":[[-4.22262,55.84668],[-4.22038,55.845]]},"properties":{"c":760,"n":3557}},{"type":"Feature","geometry":{"type":"LineString","coordinates":[[-4.2175,55.84271],[-4.21783,55.84265]]},"properties":{"c":1286,"n":5166}},{"type":"Feature","geometry":{"type":"LineString","coordinates":[[-4.21817,55.84331],[-4.2176,55.84281]]},"properties":{"c":760,"n":3424}},{"type":"Feature","geometry":{"type":"LineString","coordinates":[[-4.21908,55.86087],[-4.2191,55.86044]]},"properties":{"c":0,"n":276}},{"type":"Feature","geometry":{"type":"LineString","coordinates":[[-4.21643,55.86041],[-4.21645,55.85978]]},"properties":{"c":0,"n":502}},{"type":"Feature","geometry":{"type":"LineString","coordinates":[[-4.21646,55.85916],[-4.21425,55.85914]]},"properties":{"c":0,"n":276}},{"type":"Feature","geometry":{"type":"LineString","coordinates":[[-4.21425,55.85914],[-4.21427,55.85838]]},"properties":{"c":0,"n":276}},{"type":"Feature","geometry":{"type":"LineString","coordinates":[[-4.2219,55.86172],[-4.21952,55.8617]]},"properties":{"c":0,"n":276}},{"type":"Feature","geometry":{"type":"LineString","coordinates":[[-4.21427,55.85838],[-4.21351,55.85835]]},"properties":{"c":2030,"n":19654}},{"type":"Feature","geometry":{"type":"LineString","coordinates":[[-4.21645,55.85978],[-4.21646,55.85916]]},"properties":{"c":0,"n":502}},{"type":"Feature","geometry":{"type":"LineString","coordinates":[[-4.21952,55.8617],[-4.21906,55.8617]]},"properties":{"c":0,"n":276}},{"type":"Feature","geometry":{"type":"LineString","coordinates":[[-4.2191,55.86044],[-4.21643,55.86041]]},"properties":{"c":0,"n":276}},{"type":"Feature","geometry":{"type":"LineString","coordinates":[[-4.21908,55.86106],[-4.21908,55.86087]]},"properties":{"c":0,"n":276}},{"type":"Feature","geometry":{"type":"LineString","coordinates":[[-4.21906,55.8617],[-4.21908,55.86106]]},"properties":{"c":0,"n":276}},{"type":"Feature","geometry":{"type":"LineString","coordinates":[[-4.21652,55.85719],[-4.21655,55.85611],[-4.2167,55.85566]]},"properties":{"c":0,"n":126}},{"type":"Feature","geometry":{"type":"LineString","coordinates":[[-4.2167,55.85566],[-4.21681,55.85539]]},"properties":{"c":0,"n":126}},{"type":"Feature","geometry":{"type":"LineString","coordinates":[[-4.21531,55.85269],[-4.21569,55.85057]]},"properties":{"c":0,"n":1054}},{"type":"Feature","geometry":{"type":"LineString","coordinates":[[-4.21723,55.85437],[-4.21681,55.85433]]},"properties":{"c":0,"n":6680}},{"type":"Feature","geometry":{"type":"LineString","coordinates":[[-4.21569,55.85057],[-4.21601,55.84971]]},"properties":{"c":0,"n":1054}},{"type":"Feature","geometry":{"type":"LineString","coordinates":[[-4.214,55.8487],[-4.21354,55.84867]]},"properties":{"c":166,"n":5301}},{"type":"Feature","geometry":{"type":"LineString","coordinates":[[-4.21649,55.85783],[-4.2165,55.85747]]},"properties":{"c":0,"n":126}},{"type":"Feature","geometry":{"type":"LineString","coordinates":[[-4.21491,55.84878],[-4.21418,55.84872]]},"properties":{"c":166,"n":5301}},{"type":"Feature","geometry":{"type":"LineString","coordinates":[[-4.21148,55.84851],[-4.21019,55.84842]]},"properties":{"c":166,"n":5301}},{"type":"Feature","geometry":{"type":"LineString","coordinates":[[-4.21055,55.84659],[-4.20997,55.84632]]},"properties":{"c":1452,"n":8496}},{"type":"Feature","geometry":{"type":"LineString","coordinates":[[-4.21914,55.8584],[-4.21864,55.85841]]},"properties":{"c":2030,"n":19278}},{"type":"Feature","geometry":{"type":"LineString","coordinates":[[-4.20997,55.84632],[-4.20958,55.84609]]},"properties":{"c":586,"n":4334}},{"type":"Feature","geometry":{"type":"LineString","coordinates":[[-4.2218,55.85855],[-4.22179,55.85832]]},"properties":{"c":413,"n":419}},{"type":"Feature","geometry":{"type":"LineString","coordinates":[[-4.21019,55.84842],[-4.20995,55.84841]]},"properties":{"c":166,"n":5301}},{"type":"Feature","geometry":{"type":"LineString","coordinates":[[-4.20973,55.84839],[-4.20974,55.84833]]},"properties":{"c":166,"n":4030}},{"type":"Feature","geometry":{"type":"LineString","coordinates":[[-4.2153,55.85281],[-4.21531,55.85269]]},"properties":{"c":0,"n":1054}},{"type":"Feature","geometry":{"type":"LineString","coordinates":[[-4.22182,55.85893],[-4.2218,55.85855]]},"properties":{"c":413,"n":419}},{"type":"Feature","geometry":{"type":"LineString","coordinates":[[-4.21587,55.85424],[-4.21558,55.85426]]},"properties":{"c":0,"n":3738}},{"type":"Feature","geometry":{"type":"LineString","coordinates":[[-4.21649,55.85847],[-4.21649,55.85783]]},"properties":{"c":0,"n":126}},{"type":"Feature","geometry":{"type":"LineString","coordinates":[[-4.21601,55.84971],[-4.2162,55.84887]]},"properties":{"c":0,"n":1054}},{"type":"Feature","geometry":{"type":"LineString","coordinates":[[-4.21864,55.85841],[-4.21755,55.85845]]},"properties":{"c":2030,"n":19278}},{"type":"Feature","geometry":{"type":"LineString","coordinates":[[-4.21354,55.84867],[-4.21313,55.84864]]},"properties":{"c":166,"n":5301}},{"type":"Feature","geometry":{"type":"LineString","coordinates":[[-4.20933,55.84611],[-4.20914,55.84623]]},"properties":{"c":586,"n":4334}},{"type":"Feature","geometry":{"type":"LineString","coordinates":[[-4.21681,55.85539],[-4.21689,55.85515]]},"properties":{"c":0,"n":126}},{"type":"Feature","geometry":{"type":"LineString","coordinates":[[-4.21516,55.85422],[-4.21498,55.85421]]},"properties":{"c":0,"n":3646}},{"type":"Feature","geometry":{"type":"LineString","coordinates":[[-4.21418,55.84872],[-4.214,55.8487]]},"properties":{"c":166,"n":5301}},{"type":"Feature","geometry":{"type":"LineString","coordinates":[[-4.21197,55.84855],[-4.21148,55.84851]]},"properties":{"c":166,"n":5301}},{"type":"Feature","geometry":{"type":"LineString","coordinates":[[-4.2165,55.85747],[-4.21651,55.85721]]},"properties":{"c":0,"n":126}},{"type":"Feature","geometry":{"type":"LineString","coordinates":[[-4.22188,55.86019],[-4.22188,55.86013]]},"properties":{"c":413,"n":419}},{"type":"Feature","geometry":{"type":"LineString","coordinates":[[-4.20908,55.84627],[-4.20892,55.84636]]},"properties":{"c":1452,"n":8496}},{"type":"Feature","geometry":{"type":"LineString","coordinates":[[-4.21556,55.84882],[-4.21491,55.84878]]},"properties":{"c":166,"n":5301}},{"type":"Feature","geometry":{"type":"LineString","coordinates":[[-4.21247,55.84859],[-4.21197,55.84855]]},"properties":{"c":166,"n":5301}},{"type":"Feature","geometry":{"type":"LineString","coordinates":[[-4.21313,55.84864],[-4.2129,55.84862]]},"properties":{"c":166,"n":5301}},{"type":"Feature","geometry":{"type":"LineString","coordinates":[[-4.22184,55.85934],[-4.22182,55.85893]]},"properties":{"c":413,"n":419}},{"type":"Feature","geometry":{"type":"LineString","coordinates":[[-4.22179,55.85832],[-4.22077,55.85835]]},"properties":{"c":2030,"n":19278}},{"type":"Feature","geometry":{"type":"LineString","coordinates":[[-4.20995,55.84841],[-4.20973,55.84839]]},"properties":{"c":166,"n":5898}},{"type":"Feature","geometry":{"type":"LineString","coordinates":[[-4.2129,55.84862],[-4.21247,55.84859]]},"properties":{"c":166,"n":5301}},{"type":"Feature","geometry":{"type":"LineString","coordinates":[[-4.20958,55.84609],[-4.20933,55.84611]]},"properties":{"c":586,"n":4334}},{"type":"Feature","geometry":{"type":"LineString","coordinates":[[-4.22188,55.86013],[-4.22185,55.85965]]},"properties":{"c":413,"n":419}},{"type":"Feature","geometry":{"type":"LineString","coordinates":[[-4.21558,55.85426],[-4.21516,55.85422]]},"properties":{"c":0,"n":3338}},{"type":"Feature","geometry":{"type":"LineString","coordinates":[[-4.21977,55.85838],[-4.21914,55.8584]]},"properties":{"c":2030,"n":19278}},{"type":"Feature","geometry":{"type":"LineString","coordinates":[[-4.21651,55.85721],[-4.21652,55.85719]]},"properties":{"c":0,"n":126}},{"type":"Feature","geometry":{"type":"LineString","coordinates":[[-4.21498,55.85421],[-4.21501,55.85413]]},"properties":{"c":0,"n":1060}},{"type":"Feature","geometry":{"type":"LineString","coordinates":[[-4.22077,55.85835],[-4.22062,55.85835]]},"properties":{"c":2030,"n":19278}},{"type":"Feature","geometry":{"type":"LineString","coordinates":[[-4.21755,55.85845],[-4.21649,55.85847]]},"properties":{"c":2030,"n":19278}},{"type":"Feature","geometry":{"type":"LineString","coordinates":[[-4.21501,55.85413],[-4.21524,55.85358]]},"properties":{"c":0,"n":1403}},{"type":"Feature","geometry":{"type":"LineString","coordinates":[[-4.21524,55.85358],[-4.2153,55.85281]]},"properties":{"c":0,"n":2097}},{"type":"Feature","geometry":{"type":"LineString","coordinates":[[-4.2162,55.84887],[-4.21556,55.84882]]},"properties":{"c":166,"n":5301}},{"type":"Feature","geometry":{"type":"LineString","coordinates":[[-4.21036,55.84683],[-4.21055,55.84659]]},"properties":{"c":166,"n":4428}},{"type":"Feature","geometry":{"type":"LineString","coordinates":[[-4.2219,55.8609],[-4.22189,55.86046]]},"properties":{"c":413,"n":419}},{"type":"Feature","geometry":{"type":"LineString","coordinates":[[-4.22185,55.85965],[-4.22184,55.85934]]},"properties":{"c":413,"n":419}},{"type":"Feature","geometry":{"type":"LineString","coordinates":[[-4.21681,55.85433],[-4.21587,55.85424]]},"properties":{"c":0,"n":7080}},{"type":"Feature","geometry":{"type":"LineString","coordinates":[[-4.21689,55.85515],[-4.21723,55.85437]]},"properties":{"c":0,"n":126}},{"type":"Feature","geometry":{"type":"LineString","coordinates":[[-4.20974,55.84833],[-4.20998,55.8475],[-4.21036,55.84683]]},"properties":{"c":166,"n":4030}},{"type":"Feature","geometry":{"type":"LineString","coordinates":[[-4.20914,55.84623],[-4.20908,55.84627]]},"properties":{"c":586,"n":4334}},{"type":"Feature","geometry":{"type":"LineString","coordinates":[[-4.22062,55.85835],[-4.21977,55.85838]]},"properties":{"c":2030,"n":19278}},{"type":"Feature","geometry":{"type":"LineString","coordinates":[[-4.22189,55.86046],[-4.22188,55.86019]]},"properties":{"c":413,"n":419}},{"type":"Feature","geometry":{"type":"LineString","coordinates":[[-4.27592,55.8648],[-4.2758,55.86441]]},"properties":{"c":1120,"n":7443}},{"type":"Feature","geometry":{"type":"LineString","coordinates":[[-4.2758,55.86441],[-4.27565,55.86393]]},"properties":{"c":1494,"n":10871}},{"type":"Feature","geometry":{"type":"LineString","coordinates":[[-4.27565,55.86393],[-4.27562,55.86382]]},"properties":{"c":1494,"n":9502}},{"type":"Feature","geometry":{"type":"LineString","coordinates":[[-4.27963,55.86328],[-4.28034,55.8635]]},"properties":{"c":18615,"n":74292}},{"type":"Feature","geometry":{"type":"LineString","coordinates":[[-4.27825,55.86362],[-4.27965,55.86353]]},"properties":{"c":1400,"n":10216}},{"type":"Feature","geometry":{"type":"LineString","coordinates":[[-4.27697,55.8637],[-4.27825,55.86362]]},"properties":{"c":1400,"n":10216}},{"type":"Feature","geometry":{"type":"LineString","coordinates":[[-4.27562,55.86382],[-4.27697,55.8637]]},"properties":{"c":1400,"n":10216}},{"type":"Feature","geometry":{"type":"LineString","coordinates":[[-4.27965,55.86353],[-4.27963,55.86328]]},"properties":{"c":1400,"n":10216}},{"type":"Feature","geometry":{"type":"LineString","coordinates":[[-4.2737,55.86495],[-4.27592,55.8648]]},"properties":{"c":1160,"n":7117}},{"type":"Feature","geometry":{"type":"LineString","coordinates":[[-4.27378,55.86532],[-4.2737,55.86495]]},"properties":{"c":2200,"n":9903}},{"type":"Feature","geometry":{"type":"LineString","coordinates":[[-4.26148,55.87402],[-4.26177,55.87422]]},"properties":{"c":788,"n":7818}},{"type":"Feature","geometry":{"type":"LineString","coordinates":[[-4.25537,55.86996],[-4.25778,55.86989],[-4.26,55.86969]]},"properties":{"c":53,"n":1164}},{"type":"Feature","geometry":{"type":"LineString","coordinates":[[-4.26,55.86969],[-4.26036,55.86968]]},"properties":{"c":707,"n":5477}},{"type":"Feature","geometry":{"type":"LineString","coordinates":[[-4.26093,55.87214],[-4.26127,55.87331]]},"properties":{"c":0,"n":359}},{"type":"Feature","geometry":{"type":"LineString","coordinates":[[-4.26221,55.87459],[-4.26309,55.87521]]},"properties":{"c":1973,"n":16709}},{"type":"Feature","geometry":{"type":"LineString","coordinates":[[-4.26199,55.87437],[-4.26203,55.8744]]},"properties":{"c":788,"n":7818}},{"type":"Feature","geometry":{"type":"LineString","coordinates":[[-4.26573,55.87719],[-4.26621,55.87754],[-4.26688,55.87781]]},"properties":{"c":1973,"n":16709}},{"type":"Feature","geometry":{"type":"LineString","coordinates":[[-4.2526,55.86993],[-4.25537,55.86996]]},"properties":{"c":53,"n":1164}},{"type":"Feature","geometry":{"type":"LineString","coordinates":[[-4.26404,55.87593],[-4.26419,55.87605]]},"properties":{"c":1973,"n":16709}},{"type":"Feature","geometry":{"type":"LineString","coordinates":[[-4.26309,55.87521],[-4.26335,55.8754]]},"properties":{"c":1973,"n":16709}},{"type":"Feature","geometry":{"type":"LineString","coordinates":[[-4.25208,55.8698],[-4.2526,55.86993]]},"properties":{"c":53,"n":551}},{"type":"Feature","geometry":{"type":"LineString","coordinates":[[-4.26419,55.87605],[-4.26448,55.87626]]},"properties":{"c":1973,"n":16709}},{"type":"Feature","geometry":{"type":"LineString","coordinates":[[-4.26484,55.87654],[-4.26544,55.87698]]},"properties":{"c":1973,"n":16709}},{"type":"Feature","geometry":{"type":"LineString","coordinates":[[-4.26448,55.87626],[-4.26484,55.87654]]},"properties":{"c":1973,"n":16709}},{"type":"Feature","geometry":{"type":"LineString","coordinates":[[-4.24608,55.86803],[-4.24636,55.8682]]},"properties":{"c":53,"n":1164}},{"type":"Feature","geometry":{"type":"LineString","coordinates":[[-4.26036,55.86968],[-4.26063,55.86976],[-4.26084,55.87035]]},"properties":{"c":1276,"n":9218}},{"type":"Feature","geometry":{"type":"LineString","coordinates":[[-4.26127,55.87331],[-4.26148,55.87402]]},"properties":{"c":1973,"n":16558}},{"type":"Feature","geometry":{"type":"LineString","coordinates":[[-4.25022,55.86866],[-4.25052,55.86886]]},"properties":{"c":53,"n":1164}},{"type":"Feature","geometry":{"type":"LineString","coordinates":[[-4.26544,55.87698],[-4.26573,55.87719]]},"properties":{"c":1973,"n":16709}},{"type":"Feature","geometry":{"type":"LineString","coordinates":[[-4.26074,55.87143],[-4.26093,55.87214]]},"properties":{"c":0,"n":369}},{"type":"Feature","geometry":{"type":"LineString","coordinates":[[-4.25119,55.86926],[-4.25159,55.86952]]},"properties":{"c":53,"n":1076}},{"type":"Feature","geometry":{"type":"LineString","coordinates":[[-4.25052,55.86886],[-4.25057,55.86883]]},"properties":{"c":53,"n":1164}},{"type":"Feature","geometry":{"type":"LineString","coordinates":[[-4.25159,55.86952],[-4.25208,55.8698]]},"properties":{"c":53,"n":551}},{"type":"Feature","geometry":{"type":"LineString","coordinates":[[-4.26335,55.8754],[-4.26404,55.87593]]},"properties":{"c":1973,"n":16709}},{"type":"Feature","geometry":{"type":"LineString","coordinates":[[-4.24796,55.86808],[-4.2487,55.86772]]},"properties":{"c":53,"n":1164}},{"type":"Feature","geometry":{"type":"LineString","coordinates":[[-4.26084,55.87035],[-4.26062,55.87084],[-4.26074,55.87143]]},"properties":{"c":0,"n":369}},{"type":"Feature","geometry":{"type":"LineString","coordinates":[[-4.2621,55.87445],[-4.26221,55.87459]]},"properties":{"c":788,"n":7818}},{"type":"Feature","geometry":{"type":"LineString","coordinates":[[-4.26177,55.87422],[-4.26199,55.87437]]},"properties":{"c":788,"n":7818}},{"type":"Feature","geometry":{"type":"LineString","coordinates":[[-4.26688,55.87781],[-4.26782,55.87818]]},"properties":{"c":1973,"n":16709}},{"type":"Feature","geometry":{"type":"LineString","coordinates":[[-4.26782,55.87818],[-4.26894,55.87877]]},"properties":{"c":1973,"n":16709}},{"type":"Feature","geometry":{"type":"LineString","coordinates":[[-4.24636,55.8682],[-4.247,55.86859],[-4.24796,55.86808]]},"properties":{"c":53,"n":1164}},{"type":"Feature","geometry":{"type":"LineString","coordinates":[[-4.2487,55.86772],[-4.25022,55.86866]]},"properties":{"c":53,"n":1164}},{"type":"Feature","geometry":{"type":"LineString","coordinates":[[-4.25057,55.86883],[-4.25119,55.86926]]},"properties":{"c":53,"n":2348}},{"type":"Feature","geometry":{"type":"LineString","coordinates":[[-4.26203,55.8744],[-4.2621,55.87445]]},"properties":{"c":788,"n":7818}},{"type":"Feature","geometry":{"type":"LineString","coordinates":[[-4.20577,55.86085],[-4.2064,55.8604],[-4.20658,55.86018]]},"properties":{"c":0,"n":67}},{"type":"Feature","geometry":{"type":"LineString","coordinates":[[-4.19757,55.85426],[-4.19755,55.85405]]},"properties":{"c":0,"n":263}},{"type":"Feature","geometry":{"type":"LineString","coordinates":[[-4.20434,55.85786],[-4.2036,55.85782]]},"properties":{"c":0,"n":332}},{"type":"Feature","geometry":{"type":"LineString","coordinates":[[-4.17229,55.83803],[-4.17239,55.83781]]},"properties":{"c":0,"n":489}},{"type":"Feature","geometry":{"type":"LineString","coordinates":[[-4.17039,55.83709],[-4.17007,55.83705]]},"properties":{"c":0,"n":555}},{"type":"Feature","geometry":{"type":"LineString","coordinates":[[-4.20667,55.86273],[-4.20582,55.86266]]},"properties":{"c":0,"n":1089}},{"type":"Feature","geometry":{"type":"LineString","coordinates":[[-4.19247,55.8496],[-4.19231,55.84955]]},"properties":{"c":0,"n":1618}},{"type":"Feature","geometry":{"type":"LineString","coordinates":[[-4.20037,55.85623],[-4.19953,55.85576]]},"properties":{"c":0,"n":272}},{"type":"Feature","geometry":{"type":"LineString","coordinates":[[-4.1809,55.84465],[-4.18001,55.84426],[-4.17942,55.84415],[-4.17889,55.84412]]},"properties":{"c":0,"n":2101}},{"type":"Feature","geometry":{"type":"LineString","coordinates":[[-4.17694,55.84294],[-4.1757,55.84223]]},"properties":{"c":0,"n":489}},{"type":"Feature","geometry":{"type":"LineString","coordinates":[[-4.17141,55.8397],[-4.17181,55.83891]]},"properties":{"c":0,"n":489}},{"type":"Feature","geometry":{"type":"LineString","coordinates":[[-4.20138,55.8568],[-4.20037,55.85623]]},"properties":{"c":0,"n":272}},{"type":"Feature","geometry":{"type":"LineString","coordinates":[[-4.20658,55.86018],[-4.20657,55.85878]]},"properties":{"c":0,"n":100}},{"type":"Feature","geometry":{"type":"LineString","coordinates":[[-4.19953,55.85576],[-4.1994,55.85569]]},"properties":{"c":0,"n":185}},{"type":"Feature","geometry":{"type":"LineString","coordinates":[[-4.19751,55.8536],[-4.19748,55.85322]]},"properties":{"c":0,"n":263}},{"type":"Feature","geometry":{"type":"LineString","coordinates":[[-4.18638,55.84734],[-4.18583,55.84713]]},"properties":{"c":0,"n":1618}},{"type":"Feature","geometry":{"type":"LineString","coordinates":[[-4.18137,55.84486],[-4.1809,55.84465]]},"properties":{"c":0,"n":2101}},{"type":"Feature","geometry":{"type":"LineString","coordinates":[[-4.17891,55.84382],[-4.17851,55.84364]]},"properties":{"c":0,"n":94}},{"type":"Feature","geometry":{"type":"LineString","coordinates":[[-4.20656,55.85799],[-4.20651,55.85799]]},"properties":{"c":0,"n":332}},{"type":"Feature","geometry":{"type":"LineString","coordinates":[[-4.19755,55.85405],[-4.19751,55.8536]]},"properties":{"c":0,"n":263}},{"type":"Feature","geometry":{"type":"LineString","coordinates":[[-4.19133,55.84923],[-4.19106,55.84913]]},"properties":{"c":0,"n":1618}},{"type":"Feature","geometry":{"type":"LineString","coordinates":[[-4.2036,55.85782],[-4.20313,55.85771]]},"properties":{"c":0,"n":285}},{"type":"Feature","geometry":{"type":"LineString","coordinates":[[-4.19748,55.85322],[-4.19735,55.85123]]},"properties":{"c":0,"n":263}},{"type":"Feature","geometry":{"type":"LineString","coordinates":[[-4.20573,55.86149],[-4.20577,55.86085]]},"properties":{"c":0,"n":67}},{"type":"Feature","geometry":{"type":"LineString","coordinates":[[-4.17222,55.83815],[-4.17229,55.83803]]},"properties":{"c":0,"n":489}},{"type":"Feature","geometry":{"type":"LineString","coordinates":[[-4.17239,55.83781],[-4.17243,55.83772]]},"properties":{"c":0,"n":489}},{"type":"Feature","geometry":{"type":"LineString","coordinates":[[-4.19862,55.85521],[-4.1981,55.85504]]},"properties":{"c":0,"n":263}},{"type":"Feature","geometry":{"type":"LineString","coordinates":[[-4.1981,55.85504],[-4.19748,55.85489]]},"properties":{"c":0,"n":180}},{"type":"Feature","geometry":{"type":"LineString","coordinates":[[-4.17889,55.84412],[-4.17891,55.84382]]},"properties":{"c":0,"n":94}},{"type":"Feature","geometry":{"type":"LineString","coordinates":[[-4.19748,55.85489],[-4.1976,55.85473],[-4.19762,55.85448]]},"properties":{"c":0,"n":180}},{"type":"Feature","geometry":{"type":"LineString","coordinates":[[-4.19704,55.85113],[-4.19577,55.85071]]},"properties":{"c":0,"n":1581}},{"type":"Feature","geometry":{"type":"LineString","coordinates":[[-4.18162,55.84497],[-4.18137,55.84486]]},"properties":{"c":0,"n":2101}},{"type":"Feature","geometry":{"type":"LineString","coordinates":[[-4.21092,55.86306],[-4.21028,55.86301]]},"properties":{"c":0,"n":505}},{"type":"Feature","geometry":{"type":"LineString","coordinates":[[-4.1757,55.84223],[-4.17422,55.84137]]},"properties":{"c":0,"n":489}},{"type":"Feature","geometry":{"type":"LineString","coordinates":[[-4.17851,55.84364],[-4.17846,55.84359]]},"properties":{"c":0,"n":94}},{"type":"Feature","geometry":{"type":"LineString","coordinates":[[-4.19762,55.85448],[-4.19757,55.85426]]},"properties":{"c":0,"n":263}},{"type":"Feature","geometry":{"type":"LineString","coordinates":[[-4.19735,55.85123],[-4.19704,55.85113]]},"properties":{"c":0,"n":1616}},{"type":"Feature","geometry":{"type":"LineString","coordinates":[[-4.19577,55.85071],[-4.19411,55.85015]]},"properties":{"c":0,"n":1618}},{"type":"Feature","geometry":{"type":"LineString","coordinates":[[-4.19014,55.84881],[-4.18956,55.8486]]},"properties":{"c":0,"n":1618}},{"type":"Feature","geometry":{"type":"LineString","coordinates":[[-4.20708,55.86277],[-4.20667,55.86273]]},"properties":{"c":0,"n":1089}},{"type":"Feature","geometry":{"type":"LineString","coordinates":[[-4.18384,55.84596],[-4.18162,55.84497]]},"properties":{"c":0,"n":1618}},{"type":"Feature","geometry":{"type":"LineString","coordinates":[[-4.18583,55.84713],[-4.18384,55.84596]]},"properties":{"c":0,"n":1618}},{"type":"Feature","geometry":{"type":"LineString","coordinates":[[-4.17846,55.84359],[-4.17694,55.84294]]},"properties":{"c":0,"n":94}},{"type":"Feature","geometry":{"type":"LineString","coordinates":[[-4.17204,55.83847],[-4.17222,55.83815]]},"properties":{"c":0,"n":489}},{"type":"Feature","geometry":{"type":"LineString","coordinates":[[-4.19231,55.84955],[-4.19133,55.84923]]},"properties":{"c":0,"n":1618}},{"type":"Feature","geometry":{"type":"LineString","coordinates":[[-4.21028,55.86301],[-4.20888,55.86291]]},"properties":{"c":0,"n":505}},{"type":"Feature","geometry":{"type":"LineString","coordinates":[[-4.20801,55.86284],[-4.20752,55.86281]]},"properties":{"c":0,"n":790}},{"type":"Feature","geometry":{"type":"LineString","coordinates":[[-4.20752,55.86281],[-4.20708,55.86277]]},"properties":{"c":0,"n":790}},{"type":"Feature","geometry":{"type":"LineString","coordinates":[[-4.17181,55.83891],[-4.17204,55.83847]]},"properties":{"c":0,"n":489}},{"type":"Feature","geometry":{"type":"LineString","coordinates":[[-4.20578,55.86209],[-4.20573,55.86149]]},"properties":{"c":0,"n":67}},{"type":"Feature","geometry":{"type":"LineString","coordinates":[[-4.20313,55.85771],[-4.20261,55.85749]]},"properties":{"c":0,"n":250}},{"type":"Feature","geometry":{"type":"LineString","coordinates":[[-4.17125,55.83745],[-4.17066,55.83727],[-4.17039,55.83709]]},"properties":{"c":0,"n":483}},{"type":"Feature","geometry":{"type":"LineString","coordinates":[[-4.19917,55.85539],[-4.19862,55.85521]]},"properties":{"c":0,"n":263}},{"type":"Feature","geometry":{"type":"LineString","coordinates":[[-4.19106,55.84913],[-4.19014,55.84881]]},"properties":{"c":0,"n":1618}},{"type":"Feature","geometry":{"type":"LineString","coordinates":[[-4.20657,55.85878],[-4.20656,55.85799]]},"properties":{"c":0,"n":100}},{"type":"Feature","geometry":{"type":"LineString","coordinates":[[-4.17422,55.84137],[-4.17141,55.8397]]},"properties":{"c":0,"n":489}},{"type":"Feature","geometry":{"type":"LineString","coordinates":[[-4.20651,55.85799],[-4.20434,55.85786]]},"properties":{"c":0,"n":332}},{"type":"Feature","geometry":{"type":"LineString","coordinates":[[-4.1994,55.85569],[-4.19921,55.85557],[-4.19917,55.85539]]},"properties":{"c":0,"n":180}},{"type":"Feature","geometry":{"type":"LineString","coordinates":[[-4.18956,55.8486],[-4.18638,55.84734]]},"properties":{"c":0,"n":1618}},{"type":"Feature","geometry":{"type":"LineString","coordinates":[[-4.17243,55.83772],[-4.17125,55.83745]]},"properties":{"c":0,"n":483}},{"type":"Feature","geometry":{"type":"LineString","coordinates":[[-4.20261,55.85749],[-4.20138,55.8568]]},"properties":{"c":0,"n":250}},{"type":"Feature","geometry":{"type":"LineString","coordinates":[[-4.19411,55.85015],[-4.19247,55.8496]]},"properties":{"c":0,"n":1618}},{"type":"Feature","geometry":{"type":"LineString","coordinates":[[-4.20582,55.86266],[-4.20578,55.86209]]},"properties":{"c":0,"n":67}},{"type":"Feature","geometry":{"type":"LineString","coordinates":[[-4.20888,55.86291],[-4.20801,55.86284]]},"properties":{"c":0,"n":505}},{"type":"Feature","geometry":{"type":"LineString","coordinates":[[-4.25318,55.85936],[-4.25218,55.85925]]},"properties":{"c":848,"n":2368}},{"type":"Feature","geometry":{"type":"LineString","coordinates":[[-4.25209,55.85951],[-4.25203,55.85965]]},"properties":{"c":8584,"n":13393}},{"type":"Feature","geometry":{"type":"LineString","coordinates":[[-4.25448,55.85956],[-4.25375,55.85948],[-4.25369,55.85963],[-4.25322,55.85957],[-4.25328,55.85941],[-4.25318,55.85936]]},"properties":{"c":848,"n":2368}},{"type":"Feature","geometry":{"type":"LineString","coordinates":[[-4.25218,55.85925],[-4.25209,55.85951]]},"properties":{"c":8584,"n":13393}},{"type":"Feature","geometry":{"type":"LineString","coordinates":[[-4.31017,55.88439],[-4.31054,55.88405]]},"properties":{"c":685,"n":5798}},{"type":"Feature","geometry":{"type":"LineString","coordinates":[[-4.30988,55.88463],[-4.31017,55.88439]]},"properties":{"c":685,"n":5798}},{"type":"Feature","geometry":{"type":"LineString","coordinates":[[-4.2499,55.86189],[-4.25003,55.86156]]},"properties":{"c":406,"n":19698}},{"type":"Feature","geometry":{"type":"LineString","coordinates":[[-4.25003,55.86156],[-4.24892,55.86143]]},"properties":{"c":14836,"n":46003}},{"type":"Feature","geometry":{"type":"LineString","coordinates":[[-4.24942,55.86316],[-4.2499,55.86189]]},"properties":{"c":406,"n":19698}},{"type":"Feature","geometry":{"type":"LineString","coordinates":[[-4.25039,55.8658],[-4.25148,55.8659]]},"properties":{"c":0,"n":843}},{"type":"Feature","geometry":{"type":"LineString","coordinates":[[-4.24851,55.8656],[-4.25001,55.86575]]},"properties":{"c":0,"n":843}},{"type":"Feature","geometry":{"type":"LineString","coordinates":[[-4.25001,55.86575],[-4.25039,55.8658]]},"properties":{"c":0,"n":843}},{"type":"Feature","geometry":{"type":"LineString","coordinates":[[-4.24849,55.86564],[-4.24851,55.8656]]},"properties":{"c":175,"n":3624}},{"type":"Feature","geometry":{"type":"LineString","coordinates":[[-4.23659,55.86426],[-4.23668,55.86401]]},"properties":{"c":0,"n":815}},{"type":"Feature","geometry":{"type":"LineString","coordinates":[[-4.23626,55.86457],[-4.23659,55.86426]]},"properties":{"c":1443,"n":5894}},{"type":"Feature","geometry":{"type":"LineString","coordinates":[[-4.23685,55.8633],[-4.23682,55.86315]]},"properties":{"c":0,"n":1827}},{"type":"Feature","geometry":{"type":"LineString","coordinates":[[-4.23682,55.86315],[-4.23679,55.86294]]},"properties":{"c":0,"n":1286}},{"type":"Feature","geometry":{"type":"LineString","coordinates":[[-4.23668,55.86401],[-4.23673,55.86388]]},"properties":{"c":0,"n":815}},{"type":"Feature","geometry":{"type":"LineString","coordinates":[[-4.23679,55.86294],[-4.23729,55.86297]]},"properties":{"c":565,"n":7084}},{"type":"Feature","geometry":{"type":"LineString","coordinates":[[-4.23673,55.86388],[-4.23687,55.86362]]},"properties":{"c":0,"n":815}},{"type":"Feature","geometry":{"type":"LineString","coordinates":[[-4.23687,55.86362],[-4.23687,55.86354]]},"properties":{"c":0,"n":1827}},{"type":"Feature","geometry":{"type":"LineString","coordinates":[[-4.23687,55.86354],[-4.23685,55.8633]]},"properties":{"c":0,"n":1827}},{"type":"Feature","geometry":{"type":"LineString","coordinates":[[-4.26097,55.85903],[-4.26104,55.85879]]},"properties":{"c":3287,"n":5242}},{"type":"Feature","geometry":{"type":"LineString","coordinates":[[-4.26106,55.85874],[-4.2595,55.8586]]},"properties":{"c":9950,"n":49310}},{"type":"Feature","geometry":{"type":"LineString","coordinates":[[-4.26071,55.85973],[-4.26091,55.85923]]},"properties":{"c":3287,"n":5242}},{"type":"Feature","geometry":{"type":"LineString","coordinates":[[-4.26091,55.85923],[-4.26097,55.85903]]},"properties":{"c":3287,"n":5242}},{"type":"Feature","geometry":{"type":"LineString","coordinates":[[-4.26104,55.85879],[-4.26106,55.85874]]},"properties":{"c":3287,"n":5242}},{"type":"Feature","geometry":{"type":"LineString","coordinates":[[-4.21167,55.85564],[-4.21135,55.85528]]},"properties":{"c":0,"n":876}},{"type":"Feature","geometry":{"type":"LineString","coordinates":[[-4.21001,55.85402],[-4.20994,55.85401]]},"properties":{"c":0,"n":4348}},{"type":"Feature","geometry":{"type":"LineString","coordinates":[[-4.21135,55.85528],[-4.21102,55.85492]]},"properties":{"c":0,"n":876}},{"type":"Feature","geometry":{"type":"LineString","coordinates":[[-4.20994,55.85401],[-4.20978,55.85393],[-4.20975,55.85383]]},"properties":{"c":0,"n":4348}},{"type":"Feature","geometry":{"type":"LineString","coordinates":[[-4.21444,55.85546],[-4.21286,55.85529]]},"properties":{"c":0,"n":1409}},{"type":"Feature","geometry":{"type":"LineString","coordinates":[[-4.20766,55.85333],[-4.20693,55.85327]]},"properties":{"c":0,"n":7196}},{"type":"Feature","geometry":{"type":"LineString","coordinates":[[-4.21351,55.85835],[-4.2137,55.8582],[-4.21382,55.85755]]},"properties":{"c":0,"n":3055}},{"type":"Feature","geometry":{"type":"LineString","coordinates":[[-4.20693,55.85327],[-4.20457,55.8531]]},"properties":{"c":0,"n":7196}},{"type":"Feature","geometry":{"type":"LineString","coordinates":[[-4.20344,55.853],[-4.20287,55.85291]]},"properties":{"c":0,"n":7196}},{"type":"Feature","geometry":{"type":"LineString","coordinates":[[-4.20397,55.85305],[-4.20344,55.853]]},"properties":{"c":0,"n":7196}},{"type":"Feature","geometry":{"type":"LineString","coordinates":[[-4.21087,55.8546],[-4.21082,55.85437]]},"properties":{"c":0,"n":876}},{"type":"Feature","geometry":{"type":"LineString","coordinates":[[-4.21213,55.85551],[-4.2119,55.85558]]},"properties":{"c":0,"n":876}},{"type":"Feature","geometry":{"type":"LineString","coordinates":[[-4.21382,55.85755],[-4.21403,55.85627],[-4.21444,55.85546]]},"properties":{"c":0,"n":3055}},{"type":"Feature","geometry":{"type":"LineString","coordinates":[[-4.21088,55.85474],[-4.21087,55.8546]]},"properties":{"c":0,"n":876}},{"type":"Feature","geometry":{"type":"LineString","coordinates":[[-4.20457,55.8531],[-4.20397,55.85305]]},"properties":{"c":0,"n":7196}},{"type":"Feature","geometry":{"type":"LineString","coordinates":[[-4.20857,55.85345],[-4.20766,55.85333]]},"properties":{"c":0,"n":4163}},{"type":"Feature","geometry":{"type":"LineString","coordinates":[[-4.21286,55.85529],[-4.21213,55.85551]]},"properties":{"c":0,"n":1409}},{"type":"Feature","geometry":{"type":"LineString","coordinates":[[-4.21082,55.85437],[-4.21052,55.85417],[-4.21001,55.85402]]},"properties":{"c":0,"n":876}},{"type":"Feature","geometry":{"type":"LineString","coordinates":[[-4.2119,55.85558],[-4.21167,55.85564]]},"properties":{"c":0,"n":876}},{"type":"Feature","geometry":{"type":"LineString","coordinates":[[-4.21102,55.85492],[-4.2108,55.85488]]},"properties":{"c":0,"n":876}},{"type":"Feature","geometry":{"type":"LineString","coordinates":[[-4.20874,55.85347],[-4.20857,55.85345]]},"properties":{"c":0,"n":4507}},{"type":"Feature","geometry":{"type":"LineString","coordinates":[[-4.20977,55.8538],[-4.20954,55.85365],[-4.20874,55.85347]]},"properties":{"c":0,"n":4348}},{"type":"Feature","geometry":{"type":"LineString","coordinates":[[-4.2108,55.85488],[-4.21077,55.85481],[-4.21088,55.85474]]},"properties":{"c":0,"n":876}},{"type":"Feature","geometry":{"type":"LineString","coordinates":[[-4.20975,55.85383],[-4.20977,55.8538]]},"properties":{"c":0,"n":4348}},{"type":"Feature","geometry":{"type":"LineString","coordinates":[[-4.20287,55.85291],[-4.20171,55.85268]]},"properties":{"c":0,"n":7200}},{"type":"Feature","geometry":{"type":"LineString","coordinates":[[-4.23351,55.84931],[-4.2337,55.84948]]},"properties":{"c":0,"n":7978}},{"type":"Feature","geometry":{"type":"LineString","coordinates":[[-4.23281,55.84892],[-4.23318,55.84902]]},"properties":{"c":0,"n":7978}},{"type":"Feature","geometry":{"type":"LineString","coordinates":[[-4.23318,55.84902],[-4.23351,55.84931]]},"properties":{"c":0,"n":7978}},{"type":"Feature","geometry":{"type":"LineString","coordinates":[[-4.2469,55.85312],[-4.24714,55.85321]]},"properties":{"c":33738,"n":29783}},{"type":"Feature","geometry":{"type":"LineString","coordinates":[[-4.2896,55.85811],[-4.2917,55.85859]]},"properties":{"c":5002,"n":4024}},{"type":"Feature","geometry":{"type":"LineString","coordinates":[[-4.28502,55.85873],[-4.28534,55.85869]]},"properties":{"c":1242,"n":897}},{"type":"Feature","geometry":{"type":"LineString","coordinates":[[-4.29416,55.85722],[-4.29409,55.8572]]},"properties":{"c":6719,"n":3615}},{"type":"Feature","geometry":{"type":"LineString","coordinates":[[-4.28122,55.85949],[-4.28136,55.85935],[-4.28166,55.85927]]},"properties":{"c":1242,"n":3023}},{"type":"Feature","geometry":{"type":"LineString","coordinates":[[-4.28534,55.85869],[-4.28602,55.85855],[-4.28731,55.85885]]},"properties":{"c":4654,"n":9821}},{"type":"Feature","geometry":{"type":"LineString","coordinates":[[-4.29314,55.85717],[-4.29303,55.85732]]},"properties":{"c":13169,"n":4778}},{"type":"Feature","geometry":{"type":"LineString","coordinates":[[-4.28731,55.85885],[-4.2888,55.85919]]},"properties":{"c":5582,"n":15666}},{"type":"Feature","geometry":{"type":"LineString","coordinates":[[-4.28247,55.85931],[-4.28329,55.8594]]},"properties":{"c":1242,"n":3023}},{"type":"Feature","geometry":{"type":"LineString","coordinates":[[-4.28404,55.85875],[-4.28502,55.85873]]},"properties":{"c":5206,"n":8009}},{"type":"Feature","geometry":{"type":"LineString","coordinates":[[-4.29398,55.85735],[-4.29314,55.85717]]},"properties":{"c":13169,"n":4778}},{"type":"Feature","geometry":{"type":"LineString","coordinates":[[-4.2917,55.85859],[-4.29234,55.85839]]},"properties":{"c":5002,"n":4024}},{"type":"Feature","geometry":{"type":"LineString","coordinates":[[-4.29409,55.8572],[-4.29398,55.85735]]},"properties":{"c":13169,"n":4778}},{"type":"Feature","geometry":{"type":"LineString","coordinates":[[-4.28112,55.85991],[-4.28113,55.85988]]},"properties":{"c":4478,"n":18223}},{"type":"Feature","geometry":{"type":"LineString","coordinates":[[-4.29277,55.8583],[-4.29305,55.85794],[-4.29343,55.85773],[-4.29381,55.85763],[-4.29416,55.85722]]},"properties":{"c":6101,"n":2892}},{"type":"Feature","geometry":{"type":"LineString","coordinates":[[-4.28329,55.8594],[-4.28353,55.85942],[-4.28366,55.85936],[-4.28391,55.85884]]},"properties":{"c":1242,"n":3023}},{"type":"Feature","geometry":{"type":"LineString","coordinates":[[-4.29303,55.85732],[-4.29291,55.85748]]},"properties":{"c":13169,"n":4778}},{"type":"Feature","geometry":{"type":"LineString","coordinates":[[-4.2812,55.85955],[-4.28122,55.85949]]},"properties":{"c":4478,"n":18223}},{"type":"Feature","geometry":{"type":"LineString","coordinates":[[-4.29234,55.85839],[-4.29277,55.8583]]},"properties":{"c":5002,"n":4024}},{"type":"Feature","geometry":{"type":"LineString","coordinates":[[-4.27684,55.86017],[-4.27874,55.86002],[-4.28105,55.8602]]},"properties":{"c":1083,"n":3070}},{"type":"Feature","geometry":{"type":"LineString","coordinates":[[-4.28391,55.85884],[-4.28391,55.85875]]},"properties":{"c":1242,"n":3023}},{"type":"Feature","geometry":{"type":"LineString","coordinates":[[-4.29291,55.85748],[-4.2928,55.85764],[-4.29324,55.85773]]},"properties":{"c":25968,"n":9082}},{"type":"Feature","geometry":{"type":"LineString","coordinates":[[-4.26885,55.8594],[-4.26984,55.85937]]},"properties":{"c":1083,"n":5726}},{"type":"Feature","geometry":{"type":"LineString","coordinates":[[-4.27052,55.85946],[-4.2734,55.86009],[-4.27442,55.86017],[-4.27684,55.86017]]},"properties":{"c":1083,"n":5854}},{"type":"Feature","geometry":{"type":"LineString","coordinates":[[-4.28105,55.8602],[-4.28112,55.85991]]},"properties":{"c":4478,"n":18223}},{"type":"Feature","geometry":{"type":"LineString","coordinates":[[-4.26852,55.85938],[-4.26885,55.8594]]},"properties":{"c":1083,"n":5726}},{"type":"Feature","geometry":{"type":"LineString","coordinates":[[-4.28166,55.85927],[-4.28211,55.85929]]},"properties":{"c":1242,"n":3023}},{"type":"Feature","geometry":{"type":"LineString","coordinates":[[-4.2888,55.85919],[-4.2896,55.85811]]},"properties":{"c":5389,"n":11795}},{"type":"Feature","geometry":{"type":"LineString","coordinates":[[-4.28211,55.85929],[-4.28247,55.85931]]},"properties":{"c":1242,"n":3023}},{"type":"Feature","geometry":{"type":"LineString","coordinates":[[-4.28391,55.85875],[-4.28404,55.85875]]},"properties":{"c":1242,"n":3023}},{"type":"Feature","geometry":{"type":"LineString","coordinates":[[-4.26984,55.85937],[-4.27052,55.85946]]},"properties":{"c":1083,"n":5854}},{"type":"Feature","geometry":{"type":"LineString","coordinates":[[-4.28113,55.85988],[-4.2812,55.85955]]},"properties":{"c":4478,"n":18223}},{"type":"Feature","geometry":{"type":"LineString","coordinates":[[-4.25133,55.84927],[-4.25063,55.8489]]},"properties":{"c":0,"n":13347}},{"type":"Feature","geometry":{"type":"LineString","coordinates":[[-4.25199,55.849],[-4.25202,55.84896]]},"properties":{"c":0,"n":13347}},{"type":"Feature","geometry":{"type":"LineString","coordinates":[[-4.25197,55.84969],[-4.2516,55.84941]]},"properties":{"c":0,"n":13347}},{"type":"Feature","geometry":{"type":"LineString","coordinates":[[-4.25202,55.84896],[-4.25176,55.84893],[-4.25148,55.84923]]},"properties":{"c":0,"n":13347}},{"type":"Feature","geometry":{"type":"LineString","coordinates":[[-4.25063,55.8489],[-4.25076,55.84874]]},"properties":{"c":0,"n":14368}},{"type":"Feature","geometry":{"type":"LineString","coordinates":[[-4.25187,55.84914],[-4.25199,55.849]]},"properties":{"c":0,"n":13347}},{"type":"Feature","geometry":{"type":"LineString","coordinates":[[-4.2516,55.84941],[-4.25187,55.84914]]},"properties":{"c":0,"n":13347}},{"type":"Feature","geometry":{"type":"LineString","coordinates":[[-4.25148,55.84923],[-4.25145,55.84931],[-4.25133,55.84927]]},"properties":{"c":0,"n":13347}},{"type":"Feature","geometry":{"type":"LineString","coordinates":[[-4.28573,55.8652],[-4.28746,55.86574]]},"properties":{"c":3243,"n":50217}},{"type":"Feature","geometry":{"type":"LineString","coordinates":[[-4.30627,55.86585],[-4.30687,55.86558]]},"properties":{"c":2147,"n":14443}},{"type":"Feature","geometry":{"type":"LineString","coordinates":[[-4.30518,55.86616],[-4.30517,55.86609]]},"properties":{"c":5119,"n":18481}},{"type":"Feature","geometry":{"type":"LineString","coordinates":[[-4.30716,55.86543],[-4.30845,55.86497],[-4.31026,55.86408]]},"properties":{"c":2147,"n":14443}},{"type":"Feature","geometry":{"type":"LineString","coordinates":[[-4.3039,55.86719],[-4.30391,55.86734],[-4.30416,55.86741],[-4.30484,55.86707],[-4.30495,55.86693],[-4.30492,55.8667],[-4.3052,55.86647],[-4.30517,55.86635]]},"properties":{"c":5119,"n":17477}},{"type":"Feature","geometry":{"type":"LineString","coordinates":[[-4.29149,55.86695],[-4.29192,55.86704]]},"properties":{"c":2430,"n":23967}},{"type":"Feature","geometry":{"type":"LineString","coordinates":[[-4.3002,55.86802],[-4.30126,55.86784]]},"properties":{"c":483,"n":6638}},{"type":"Feature","geometry":{"type":"LineString","coordinates":[[-4.28562,55.86516],[-4.28573,55.8652]]},"properties":{"c":8543,"n":67284}},{"type":"Feature","geometry":{"type":"LineString","coordinates":[[-4.28987,55.86653],[-4.29035,55.86686]]},"properties":{"c":3300,"n":43533}},{"type":"Feature","geometry":{"type":"LineString","coordinates":[[-4.29064,55.8668],[-4.29149,55.86695]]},"properties":{"c":2430,"n":23967}},{"type":"Feature","geometry":{"type":"LineString","coordinates":[[-4.30529,55.86596],[-4.30587,55.86602],[-4.30627,55.86585]]},"properties":{"c":1661,"n":13909}},{"type":"Feature","geometry":{"type":"LineString","coordinates":[[-4.30171,55.86762],[-4.30224,55.86735]]},"properties":{"c":1668,"n":10155}},{"type":"Feature","geometry":{"type":"LineString","coordinates":[[-4.29235,55.86715],[-4.29314,55.86733]]},"properties":{"c":2430,"n":23967}},{"type":"Feature","geometry":{"type":"LineString","coordinates":[[-4.28277,55.86427],[-4.2837,55.86456]]},"properties":{"c":12663,"n":77609}},{"type":"Feature","geometry":{"type":"LineString","coordinates":[[-4.30517,55.86635],[-4.30518,55.86616]]},"properties":{"c":5119,"n":17477}},{"type":"Feature","geometry":{"type":"LineString","coordinates":[[-4.28433,55.86476],[-4.2848,55.86491]]},"properties":{"c":7174,"n":60273}},{"type":"Feature","geometry":{"type":"LineString","coordinates":[[-4.2893,55.86632],[-4.28987,55.86653]]},"properties":{"c":3300,"n":43533}},{"type":"Feature","geometry":{"type":"LineString","coordinates":[[-4.2809,55.86482],[-4.28126,55.86479],[-4.28138,55.86482]]},"properties":{"c":260,"n":5045}},{"type":"Feature","geometry":{"type":"LineString","coordinates":[[-4.27925,55.86491],[-4.28007,55.8649]]},"properties":{"c":929,"n":6047}},{"type":"Feature","geometry":{"type":"LineString","coordinates":[[-4.28007,55.8649],[-4.28041,55.86486]]},"properties":{"c":260,"n":5045}},{"type":"Feature","geometry":{"type":"LineString","coordinates":[[-4.29314,55.86733],[-4.29328,55.86727]]},"properties":{"c":2430,"n":25779}},{"type":"Feature","geometry":{"type":"LineString","coordinates":[[-4.30126,55.86784],[-4.30171,55.86762]]},"properties":{"c":1668,"n":10155}},{"type":"Feature","geometry":{"type":"LineString","coordinates":[[-4.31026,55.86408],[-4.3112,55.86344]]},"properties":{"c":2147,"n":14443}},{"type":"Feature","geometry":{"type":"LineString","coordinates":[[-4.28746,55.86574],[-4.2893,55.86632]]},"properties":{"c":3243,"n":42726}},{"type":"Feature","geometry":{"type":"LineString","coordinates":[[-4.30687,55.86558],[-4.30716,55.86543]]},"properties":{"c":2147,"n":14443}},{"type":"Feature","geometry":{"type":"LineString","coordinates":[[-4.27926,55.86496],[-4.27925,55.86491]]},"properties":{"c":260,"n":4691}},{"type":"Feature","geometry":{"type":"LineString","coordinates":[[-4.2837,55.86456],[-4.28433,55.86476]]},"properties":{"c":12663,"n":77609}},{"type":"Feature","geometry":{"type":"LineString","coordinates":[[-4.29328,55.86727],[-4.29337,55.86724]]},"properties":{"c":421,"n":4498}},{"type":"Feature","geometry":{"type":"LineString","coordinates":[[-4.28041,55.86486],[-4.2809,55.86482]]},"properties":{"c":260,"n":5045}},{"type":"Feature","geometry":{"type":"LineString","coordinates":[[-4.29337,55.86724],[-4.29356,55.86733]]},"properties":{"c":421,"n":4498}},{"type":"Feature","geometry":{"type":"LineString","coordinates":[[-4.29667,55.86798],[-4.29843,55.8681],[-4.3002,55.86802]]},"properties":{"c":483,"n":6638}},{"type":"Feature","geometry":{"type":"LineString","coordinates":[[-4.30517,55.86609],[-4.30529,55.86596]]},"properties":{"c":1661,"n":14786}},{"type":"Feature","geometry":{"type":"LineString","coordinates":[[-4.29356,55.86733],[-4.2953,55.86784],[-4.29667,55.86798]]},"properties":{"c":421,"n":4498}},{"type":"Feature","geometry":{"type":"LineString","coordinates":[[-4.2848,55.86491],[-4.28562,55.86516]]},"properties":{"c":9466,"n":63992}},{"type":"Feature","geometry":{"type":"LineString","coordinates":[[-4.30278,55.86706],[-4.30308,55.8669]]},"properties":{"c":1668,"n":10155}},{"type":"Feature","geometry":{"type":"LineString","coordinates":[[-4.30236,55.86729],[-4.30278,55.86706]]},"properties":{"c":1668,"n":10155}},{"type":"Feature","geometry":{"type":"LineString","coordinates":[[-4.30308,55.8669],[-4.3039,55.86719]]},"properties":{"c":1668,"n":14009}},{"type":"Feature","geometry":{"type":"LineString","coordinates":[[-4.29035,55.86686],[-4.29064,55.8668]]},"properties":{"c":2430,"n":23967}},{"type":"Feature","geometry":{"type":"LineString","coordinates":[[-4.31122,55.86343],[-4.31157,55.86305]]},"properties":{"c":2147,"n":14443}},{"type":"Feature","geometry":{"type":"LineString","coordinates":[[-4.29192,55.86704],[-4.29235,55.86715]]},"properties":{"c":2430,"n":23967}},{"type":"Feature","geometry":{"type":"LineString","coordinates":[[-4.30224,55.86735],[-4.30236,55.86729]]},"properties":{"c":1668,"n":10155}},{"type":"Feature","geometry":{"type":"LineString","coordinates":[[-4.28138,55.86482],[-4.28231,55.86474],[-4.28277,55.86427]]},"properties":{"c":260,"n":4537}},{"type":"Feature","geometry":{"type":"LineString","coordinates":[[-4.3112,55.86344],[-4.31122,55.86343]]},"properties":{"c":2147,"n":14443}},{"type":"Feature","geometry":{"type":"LineString","coordinates":[[-4.24836,55.83077],[-4.24835,55.8307]]},"properties":{"c":0,"n":2287}},{"type":"Feature","geometry":{"type":"LineString","coordinates":[[-4.24818,55.83022],[-4.24784,55.82947]]},"properties":{"c":0,"n":3139}},{"type":"Feature","geometry":{"type":"LineString","coordinates":[[-4.24835,55.8307],[-4.24818,55.83022]]},"properties":{"c":0,"n":3139}},{"type":"Feature","geometry":{"type":"LineString","coordinates":[[-4.24736,55.82847],[-4.24719,55.82805]]},"properties":{"c":0,"n":3607}},{"type":"Feature","geometry":{"type":"LineString","coordinates":[[-4.24784,55.82947],[-4.24764,55.82911]]},"properties":{"c":0,"n":3139}},{"type":"Feature","geometry":{"type":"LineString","coordinates":[[-4.24764,55.82911],[-4.24736,55.82847]]},"properties":{"c":0,"n":3136}},{"type":"Feature","geometry":{"type":"LineString","coordinates":[[-4.29399,55.8737],[-4.29408,55.87375]]},"properties":{"c":0,"n":8728}},{"type":"Feature","geometry":{"type":"LineString","coordinates":[[-4.27605,55.87027],[-4.27659,55.87062],[-4.2769,55.87096]]},"properties":{"c":8650,"n":44421}},{"type":"Feature","geometry":{"type":"LineString","coordinates":[[-4.2981,55.87436],[-4.29868,55.87441]]},"properties":{"c":0,"n":3022}},{"type":"Feature","geometry":{"type":"LineString","coordinates":[[-4.30567,55.87573],[-4.30602,55.87634]]},"properties":{"c":116,"n":7659}},{"type":"Feature","geometry":{"type":"LineString","coordinates":[[-4.28505,55.87199],[-4.28561,55.87204]]},"properties":{"c":1675,"n":24415}},{"type":"Feature","geometry":{"type":"LineString","coordinates":[[-4.27815,55.87181],[-4.27822,55.87187]]},"properties":{"c":4215,"n":33339}},{"type":"Feature","geometry":{"type":"LineString","coordinates":[[-4.29243,55.87297],[-4.29399,55.8737]]},"properties":{"c":0,"n":8740}},{"type":"Feature","geometry":{"type":"LineString","coordinates":[[-4.2737,55.86892],[-4.27426,55.86925]]},"properties":{"c":8650,"n":44421}},{"type":"Feature","geometry":{"type":"LineString","coordinates":[[-4.27549,55.86995],[-4.27605,55.87027]]},"properties":{"c":8650,"n":44421}},{"type":"Feature","geometry":{"type":"LineString","coordinates":[[-4.27761,55.87158],[-4.278,55.87183]]},"properties":{"c":8703,"n":47423}},{"type":"Feature","geometry":{"type":"LineString","coordinates":[[-4.27426,55.86925],[-4.27448,55.86937]]},"properties":{"c":8650,"n":44421}},{"type":"Feature","geometry":{"type":"LineString","coordinates":[[-4.27234,55.86814],[-4.27315,55.86862]]},"properties":{"c":8090,"n":42767}},{"type":"Feature","geometry":{"type":"LineString","coordinates":[[-4.30284,55.87469],[-4.30334,55.87478]]},"properties":{"c":116,"n":7577}},{"type":"Feature","geometry":{"type":"LineString","coordinates":[[-4.29683,55.87426],[-4.29746,55.8743]]},"properties":{"c":0,"n":3022}},{"type":"Feature","geometry":{"type":"LineString","coordinates":[[-4.29076,55.87269],[-4.29187,55.8728]]},"properties":{"c":2706,"n":35147}},{"type":"Feature","geometry":{"type":"LineString","coordinates":[[-4.29187,55.8728],[-4.29243,55.87297]]},"properties":{"c":0,"n":15014}},{"type":"Feature","geometry":{"type":"LineString","coordinates":[[-4.2877,55.87227],[-4.28903,55.87246]]},"properties":{"c":2706,"n":35147}},{"type":"Feature","geometry":{"type":"LineString","coordinates":[[-4.27328,55.8687],[-4.2737,55.86892]]},"properties":{"c":8650,"n":44374}},{"type":"Feature","geometry":{"type":"LineString","coordinates":[[-4.29408,55.87375],[-4.29452,55.87394],[-4.29501,55.87407]]},"properties":{"c":0,"n":8683}},{"type":"Feature","geometry":{"type":"LineString","coordinates":[[-4.30128,55.87463],[-4.30284,55.87469]]},"properties":{"c":48,"n":5181}},{"type":"Feature","geometry":{"type":"LineString","coordinates":[[-4.29501,55.87407],[-4.29611,55.8742]]},"properties":{"c":0,"n":3022}},{"type":"Feature","geometry":{"type":"LineString","coordinates":[[-4.28634,55.87212],[-4.2877,55.87227]]},"properties":{"c":2706,"n":35147}},{"type":"Feature","geometry":{"type":"LineString","coordinates":[[-4.2769,55.87096],[-4.2775,55.87149]]},"properties":{"c":8650,"n":44421}},{"type":"Feature","geometry":{"type":"LineString","coordinates":[[-4.30602,55.87634],[-4.30613,55.87655]]},"properties":{"c":116,"n":8194}},{"type":"Feature","geometry":{"type":"LineString","coordinates":[[-4.27524,55.86982],[-4.27532,55.86986]]},"properties":{"c":8650,"n":44421}},{"type":"Feature","geometry":{"type":"LineString","coordinates":[[-4.27315,55.86862],[-4.27328,55.8687]]},"properties":{"c":8650,"n":44374}},{"type":"Feature","geometry":{"type":"LineString","coordinates":[[-4.28162,55.87228],[-4.28301,55.8726]]},"properties":{"c":2567,"n":26184}},{"type":"Feature","geometry":{"type":"LineString","coordinates":[[-4.28424,55.87287],[-4.28442,55.87266]]},"properties":{"c":3312,"n":45501}},{"type":"Feature","geometry":{"type":"LineString","coordinates":[[-4.30547,55.87561],[-4.30567,55.87573]]},"properties":{"c":116,"n":7659}},{"type":"Feature","geometry":{"type":"LineString","coordinates":[[-4.29934,55.87447],[-4.30128,55.87463]]},"properties":{"c":0,"n":3022}},{"type":"Feature","geometry":{"type":"LineString","coordinates":[[-4.30613,55.87655],[-4.30634,55.87697]]},"properties":{"c":116,"n":8194}},{"type":"Feature","geometry":{"type":"LineString","coordinates":[[-4.28903,55.87246],[-4.2897,55.87257]]},"properties":{"c":2706,"n":35147}},{"type":"Feature","geometry":{"type":"LineString","coordinates":[[-4.28301,55.8726],[-4.28364,55.87273]]},"properties":{"c":2804,"n":34935}},{"type":"Feature","geometry":{"type":"LineString","coordinates":[[-4.28477,55.87211],[-4.28496,55.87199]]},"properties":{"c":1746,"n":25277}},{"type":"Feature","geometry":{"type":"LineString","coordinates":[[-4.27822,55.87187],[-4.27908,55.872]]},"properties":{"c":2567,"n":26184}},{"type":"Feature","geometry":{"type":"LineString","coordinates":[[-4.28364,55.87273],[-4.28424,55.87287]]},"properties":{"c":2804,"n":34935}},{"type":"Feature","geometry":{"type":"LineString","coordinates":[[-4.29746,55.8743],[-4.29792,55.87434]]},"properties":{"c":0,"n":3022}},{"type":"Feature","geometry":{"type":"LineString","coordinates":[[-4.29792,55.87434],[-4.2981,55.87436]]},"properties":{"c":0,"n":3022}},{"type":"Feature","geometry":{"type":"LineString","coordinates":[[-4.28496,55.87199],[-4.28505,55.87199]]},"properties":{"c":1474,"n":17255}},{"type":"Feature","geometry":{"type":"LineString","coordinates":[[-4.29868,55.87441],[-4.29934,55.87447]]},"properties":{"c":0,"n":3022}},{"type":"Feature","geometry":{"type":"LineString","coordinates":[[-4.2897,55.87257],[-4.29076,55.87269]]},"properties":{"c":2706,"n":35147}},{"type":"Feature","geometry":{"type":"LineString","coordinates":[[-4.27448,55.86937],[-4.27524,55.86982]]},"properties":{"c":8650,"n":44421}},{"type":"Feature","geometry":{"type":"LineString","coordinates":[[-4.29611,55.8742],[-4.29683,55.87426]]},"properties":{"c":0,"n":3022}},{"type":"Feature","geometry":{"type":"LineString","coordinates":[[-4.278,55.87183],[-4.27815,55.87181]]},"properties":{"c":4562,"n":34420}},{"type":"Feature","geometry":{"type":"LineString","coordinates":[[-4.2775,55.87149],[-4.27761,55.87158]]},"properties":{"c":8703,"n":47423}},{"type":"Feature","geometry":{"type":"LineString","coordinates":[[-4.30404,55.875],[-4.30516,55.87546]]},"properties":{"c":116,"n":7577}},{"type":"Feature","geometry":{"type":"LineString","coordinates":[[-4.28561,55.87204],[-4.28576,55.87207]]},"properties":{"c":1675,"n":24415}},{"type":"Feature","geometry":{"type":"LineString","coordinates":[[-4.28576,55.87207],[-4.28634,55.87212]]},"properties":{"c":2706,"n":35147}},{"type":"Feature","geometry":{"type":"LineString","coordinates":[[-4.30516,55.87546],[-4.30547,55.87561]]},"properties":{"c":116,"n":7577}},{"type":"Feature","geometry":{"type":"LineString","coordinates":[[-4.27908,55.872],[-4.28027,55.87198],[-4.28162,55.87228]]},"properties":{"c":2567,"n":26184}},{"type":"Feature","geometry":{"type":"LineString","coordinates":[[-4.30334,55.87478],[-4.30404,55.875]]},"properties":{"c":116,"n":7577}},{"type":"Feature","geometry":{"type":"LineString","coordinates":[[-4.27532,55.86986],[-4.27549,55.86995]]},"properties":{"c":8650,"n":44421}},{"type":"Feature","geometry":{"type":"LineString","coordinates":[[-4.28442,55.87266],[-4.28477,55.87211]]},"properties":{"c":1746,"n":25277}},{"type":"Feature","geometry":{"type":"LineString","coordinates":[[-4.30172,55.85079],[-4.30167,55.85086]]},"properties":{"c":1084,"n":10675}},{"type":"Feature","geometry":{"type":"LineString","coordinates":[[-4.2878,55.86788],[-4.28913,55.86829]]},"properties":{"c":8292,"n":29306}},{"type":"Feature","geometry":{"type":"LineString","coordinates":[[-4.28875,55.86688],[-4.2878,55.86788]]},"properties":{"c":9238,"n":36909}},{"type":"Feature","geometry":{"type":"LineString","coordinates":[[-4.34224,55.89454],[-4.34381,55.8944]]},"properties":{"c":0,"n":317}},{"type":"Feature","geometry":{"type":"LineString","coordinates":[[-4.32485,55.88989],[-4.32587,55.89023]]},"properties":{"c":0,"n":143}},{"type":"Feature","geometry":{"type":"LineString","coordinates":[[-4.33712,55.89386],[-4.33934,55.89408],[-4.34077,55.89436]]},"properties":{"c":0,"n":174}},{"type":"Feature","geometry":{"type":"LineString","coordinates":[[-4.33178,55.89245],[-4.33235,55.89266]]},"properties":{"c":0,"n":174}},{"type":"Feature","geometry":{"type":"LineString","coordinates":[[-4.34381,55.8944],[-4.34509,55.89429]]},"properties":{"c":0,"n":317}},{"type":"Feature","geometry":{"type":"LineString","coordinates":[[-4.33103,55.89217],[-4.3313,55.89227]]},"properties":{"c":0,"n":174}},{"type":"Feature","geometry":{"type":"LineString","coordinates":[[-4.35286,55.89529],[-4.35327,55.89542]]},"properties":{"c":0,"n":317}},{"type":"Feature","geometry":{"type":"LineString","coordinates":[[-4.34509,55.89429],[-4.34632,55.89422]]},"properties":{"c":0,"n":317}},{"type":"Feature","geometry":{"type":"LineString","coordinates":[[-4.3268,55.89058],[-4.32707,55.89068]]},"properties":{"c":0,"n":174}},{"type":"Feature","geometry":{"type":"LineString","coordinates":[[-4.33262,55.89276],[-4.3347,55.89349]]},"properties":{"c":0,"n":174}},{"type":"Feature","geometry":{"type":"LineString","coordinates":[[-4.3261,55.89032],[-4.32629,55.89039]]},"properties":{"c":0,"n":143}},{"type":"Feature","geometry":{"type":"LineString","coordinates":[[-4.3468,55.8942],[-4.34819,55.89422],[-4.34918,55.89432]]},"properties":{"c":0,"n":317}},{"type":"Feature","geometry":{"type":"LineString","coordinates":[[-4.3274,55.8908],[-4.33019,55.89185]]},"properties":{"c":0,"n":174}},{"type":"Feature","geometry":{"type":"LineString","coordinates":[[-4.3493,55.89434],[-4.35047,55.89458]]},"properties":{"c":0,"n":317}},{"type":"Feature","geometry":{"type":"LineString","coordinates":[[-4.32629,55.89039],[-4.3268,55.89058]]},"properties":{"c":0,"n":174}},{"type":"Feature","geometry":{"type":"LineString","coordinates":[[-4.34632,55.89422],[-4.3468,55.8942]]},"properties":{"c":0,"n":317}},{"type":"Feature","geometry":{"type":"LineString","coordinates":[[-4.34163,55.89463],[-4.34176,55.89456],[-4.34205,55.89456]]},"properties":{"c":0,"n":182}},{"type":"Feature","geometry":{"type":"LineString","coordinates":[[-4.34918,55.89432],[-4.3493,55.89434]]},"properties":{"c":0,"n":317}},{"type":"Feature","geometry":{"type":"LineString","coordinates":[[-4.35327,55.89542],[-4.35349,55.89549]]},"properties":{"c":0,"n":317}},{"type":"Feature","geometry":{"type":"LineString","coordinates":[[-4.33019,55.89185],[-4.33103,55.89217]]},"properties":{"c":0,"n":174}},{"type":"Feature","geometry":{"type":"LineString","coordinates":[[-4.34205,55.89456],[-4.34224,55.89454]]},"properties":{"c":0,"n":317}},{"type":"Feature","geometry":{"type":"LineString","coordinates":[[-4.34077,55.89436],[-4.34163,55.89463]]},"properties":{"c":0,"n":182}},{"type":"Feature","geometry":{"type":"LineString","coordinates":[[-4.3313,55.89227],[-4.33178,55.89245]]},"properties":{"c":0,"n":174}},{"type":"Feature","geometry":{"type":"LineString","coordinates":[[-4.35047,55.89458],[-4.352,55.89502]]},"properties":{"c":0,"n":317}},{"type":"Feature","geometry":{"type":"LineString","coordinates":[[-4.32587,55.89023],[-4.3261,55.89032]]},"properties":{"c":0,"n":143}},{"type":"Feature","geometry":{"type":"LineString","coordinates":[[-4.32707,55.89068],[-4.3274,55.8908]]},"properties":{"c":0,"n":174}},{"type":"Feature","geometry":{"type":"LineString","coordinates":[[-4.35446,55.89578],[-4.35484,55.89587]]},"properties":{"c":0,"n":362}},{"type":"Feature","geometry":{"type":"LineString","coordinates":[[-4.3347,55.89349],[-4.33572,55.8937],[-4.33712,55.89386]]},"properties":{"c":0,"n":174}},{"type":"Feature","geometry":{"type":"LineString","coordinates":[[-4.35349,55.89549],[-4.35446,55.89578]]},"properties":{"c":0,"n":317}},{"type":"Feature","geometry":{"type":"LineString","coordinates":[[-4.33235,55.89266],[-4.33262,55.89276]]},"properties":{"c":0,"n":174}},{"type":"Feature","geometry":{"type":"LineString","coordinates":[[-4.352,55.89502],[-4.35286,55.89529]]},"properties":{"c":0,"n":317}},{"type":"Feature","geometry":{"type":"LineString","coordinates":[[-4.27722,55.8325],[-4.27768,55.83225]]},"properties":{"c":17266,"n":28932}},{"type":"Feature","geometry":{"type":"LineString","coordinates":[[-4.26805,55.83827],[-4.26886,55.83743]]},"properties":{"c":19437,"n":29580}},{"type":"Feature","geometry":{"type":"LineString","coordinates":[[-4.27252,55.83516],[-4.27349,55.83462]]},"properties":{"c":15465,"n":26572}},{"type":"Feature","geometry":{"type":"LineString","coordinates":[[-4.27768,55.83225],[-4.27823,55.83193]]},"properties":{"c":17266,"n":28932}},{"type":"Feature","geometry":{"type":"LineString","coordinates":[[-4.27046,55.83631],[-4.27052,55.83627]]},"properties":{"c":20513,"n":32358}},{"type":"Feature","geometry":{"type":"LineString","coordinates":[[-4.26921,55.83702],[-4.26939,55.8369]]},"properties":{"c":21365,"n":32589}},{"type":"Feature","geometry":{"type":"LineString","coordinates":[[-4.27538,55.83355],[-4.27583,55.83329]]},"properties":{"c":17266,"n":28932}},{"type":"Feature","geometry":{"type":"LineString","coordinates":[[-4.27458,55.834],[-4.27538,55.83355]]},"properties":{"c":17266,"n":28932}},{"type":"Feature","geometry":{"type":"LineString","coordinates":[[-4.27823,55.83193],[-4.27886,55.83156]]},"properties":{"c":17266,"n":28932}},{"type":"Feature","geometry":{"type":"LineString","coordinates":[[-4.26886,55.83743],[-4.26921,55.83702]]},"properties":{"c":19437,"n":29580}},{"type":"Feature","geometry":{"type":"LineString","coordinates":[[-4.26939,55.8369],[-4.27046,55.83631]]},"properties":{"c":19437,"n":29739}},{"type":"Feature","geometry":{"type":"LineString","coordinates":[[-4.27678,55.83276],[-4.27722,55.8325]]},"properties":{"c":17266,"n":28932}},{"type":"Feature","geometry":{"type":"LineString","coordinates":[[-4.27052,55.83627],[-4.27058,55.83624]]},"properties":{"c":19981,"n":31306}},{"type":"Feature","geometry":{"type":"LineString","coordinates":[[-4.27634,55.833],[-4.27678,55.83276]]},"properties":{"c":17266,"n":28932}},{"type":"Feature","geometry":{"type":"LineString","coordinates":[[-4.27583,55.83329],[-4.27634,55.833]]},"properties":{"c":17266,"n":28932}},{"type":"Feature","geometry":{"type":"LineString","coordinates":[[-4.27058,55.83624],[-4.27156,55.83569]]},"properties":{"c":20739,"n":31005}},{"type":"Feature","geometry":{"type":"LineString","coordinates":[[-4.27156,55.83569],[-4.27252,55.83516]]},"properties":{"c":15465,"n":26572}},{"type":"Feature","geometry":{"type":"LineString","coordinates":[[-4.27349,55.83462],[-4.27458,55.834]]},"properties":{"c":15465,"n":26572}},{"type":"Feature","geometry":{"type":"LineString","coordinates":[[-4.20216,55.84785],[-4.20225,55.84781]]},"properties":{"c":0,"n":1421}},{"type":"Feature","geometry":{"type":"LineString","coordinates":[[-4.20256,55.84907],[-4.2012,55.84835]]},"properties":{"c":0,"n":604}},{"type":"Feature","geometry":{"type":"LineString","coordinates":[[-4.20294,55.84926],[-4.20256,55.84907]]},"properties":{"c":0,"n":604}},{"type":"Feature","geometry":{"type":"LineString","coordinates":[[-4.20172,55.84808],[-4.2019,55.84799]]},"properties":{"c":0,"n":1980}},{"type":"Feature","geometry":{"type":"LineString","coordinates":[[-4.20783,55.85333],[-4.20806,55.8533]]},"properties":{"c":0,"n":794}},{"type":"Feature","geometry":{"type":"LineString","coordinates":[[-4.20275,55.84753],[-4.20278,55.84755]]},"properties":{"c":0,"n":291}},{"type":"Feature","geometry":{"type":"LineString","coordinates":[[-4.20806,55.8533],[-4.20807,55.85194],[-4.20636,55.85099]]},"properties":{"c":0,"n":604}},{"type":"Feature","geometry":{"type":"LineString","coordinates":[[-4.20236,55.84775],[-4.20275,55.84753]]},"properties":{"c":0,"n":291}},{"type":"Feature","geometry":{"type":"LineString","coordinates":[[-4.20232,55.84777],[-4.20236,55.84775]]},"properties":{"c":0,"n":274}},{"type":"Feature","geometry":{"type":"LineString","coordinates":[[-4.20766,55.85333],[-4.20783,55.85333]]},"properties":{"c":0,"n":4241}},{"type":"Feature","geometry":{"type":"LineString","coordinates":[[-4.2019,55.84799],[-4.20216,55.84785]]},"properties":{"c":0,"n":1980}},{"type":"Feature","geometry":{"type":"LineString","coordinates":[[-4.20636,55.85099],[-4.2032,55.84939]]},"properties":{"c":0,"n":604}},{"type":"Feature","geometry":{"type":"LineString","coordinates":[[-4.2012,55.84835],[-4.2017,55.84809]]},"properties":{"c":0,"n":2194}},{"type":"Feature","geometry":{"type":"LineString","coordinates":[[-4.2032,55.84939],[-4.20294,55.84926]]},"properties":{"c":0,"n":604}},{"type":"Feature","geometry":{"type":"LineString","coordinates":[[-4.2017,55.84809],[-4.20172,55.84808]]},"properties":{"c":0,"n":2194}},{"type":"Feature","geometry":{"type":"LineString","coordinates":[[-4.20225,55.84781],[-4.20232,55.84777]]},"properties":{"c":0,"n":757}},{"type":"Feature","geometry":{"type":"LineString","coordinates":[[-4.28811,55.88923],[-4.28849,55.88945]]},"properties":{"c":0,"n":1535}},{"type":"Feature","geometry":{"type":"LineString","coordinates":[[-4.27941,55.88268],[-4.27962,55.88295]]},"properties":{"c":1055,"n":15965}},{"type":"Feature","geometry":{"type":"LineString","coordinates":[[-4.27233,55.88004],[-4.27277,55.88033]]},"properties":{"c":879,"n":10776}},{"type":"Feature","geometry":{"type":"LineString","coordinates":[[-4.28085,55.88433],[-4.28107,55.8846]]},"properties":{"c":625,"n":14474}},{"type":"Feature","geometry":{"type":"LineString","coordinates":[[-4.28849,55.88945],[-4.28881,55.88965]]},"properties":{"c":0,"n":1535}},{"type":"Feature","geometry":{"type":"LineString","coordinates":[[-4.2861,55.8877],[-4.28631,55.88785]]},"properties":{"c":0,"n":3270}},{"type":"Feature","geometry":{"type":"LineString","coordinates":[[-4.28078,55.88426],[-4.28085,55.88433]]},"properties":{"c":328,"n":7738}},{"type":"Feature","geometry":{"type":"LineString","coordinates":[[-4.29004,55.89069],[-4.29029,55.89083]]},"properties":{"c":0,"n":3270}},{"type":"Feature","geometry":{"type":"LineString","coordinates":[[-4.27328,55.88044],[-4.27418,55.88062]]},"properties":{"c":1150,"n":16489}},{"type":"Feature","geometry":{"type":"LineString","coordinates":[[-4.27143,55.87997],[-4.27233,55.88004]]},"properties":{"c":152,"n":5393}},{"type":"Feature","geometry":{"type":"LineString","coordinates":[[-4.27892,55.88226],[-4.27941,55.88268]]},"properties":{"c":1055,"n":15965}},{"type":"Feature","geometry":{"type":"LineString","coordinates":[[-4.26894,55.87877],[-4.27078,55.87973]]},"properties":{"c":423,"n":11106}},{"type":"Feature","geometry":{"type":"LineString","coordinates":[[-4.27078,55.87973],[-4.27143,55.87997]]},"properties":{"c":423,"n":11106}},{"type":"Feature","geometry":{"type":"LineString","coordinates":[[-4.28046,55.88403],[-4.28064,55.88408]]},"properties":{"c":328,"n":7738}},{"type":"Feature","geometry":{"type":"LineString","coordinates":[[-4.27418,55.88062],[-4.27513,55.8808]]},"properties":{"c":1150,"n":16489}},{"type":"Feature","geometry":{"type":"LineString","coordinates":[[-4.28107,55.8846],[-4.28145,55.88484]]},"properties":{"c":1352,"n":30093}},{"type":"Feature","geometry":{"type":"LineString","coordinates":[[-4.28881,55.88965],[-4.29004,55.89069]]},"properties":{"c":0,"n":1535}},{"type":"Feature","geometry":{"type":"LineString","coordinates":[[-4.28631,55.88785],[-4.28644,55.88794]]},"properties":{"c":0,"n":3270}},{"type":"Feature","geometry":{"type":"LineString","coordinates":[[-4.28329,55.88592],[-4.28373,55.88621]]},"properties":{"c":1352,"n":23390}},{"type":"Feature","geometry":{"type":"LineString","coordinates":[[-4.27987,55.8833],[-4.28046,55.88403]]},"properties":{"c":1055,"n":15965}},{"type":"Feature","geometry":{"type":"LineString","coordinates":[[-4.2778,55.88167],[-4.27807,55.88179]]},"properties":{"c":1150,"n":16489}},{"type":"Feature","geometry":{"type":"LineString","coordinates":[[-4.28455,55.88671],[-4.28523,55.88714]]},"properties":{"c":0,"n":3409}},{"type":"Feature","geometry":{"type":"LineString","coordinates":[[-4.28267,55.88554],[-4.28329,55.88592]]},"properties":{"c":1352,"n":23390}},{"type":"Feature","geometry":{"type":"LineString","coordinates":[[-4.28145,55.88484],[-4.28267,55.88554]]},"properties":{"c":1352,"n":23322}},{"type":"Feature","geometry":{"type":"LineString","coordinates":[[-4.27807,55.88179],[-4.27892,55.88226]]},"properties":{"c":1150,"n":16489}},{"type":"Feature","geometry":{"type":"LineString","coordinates":[[-4.27513,55.8808],[-4.27633,55.88108],[-4.2778,55.88167]]},"properties":{"c":1150,"n":16489}},{"type":"Feature","geometry":{"type":"LineString","coordinates":[[-4.28644,55.88794],[-4.28717,55.88849]]},"properties":{"c":0,"n":3270}},{"type":"Feature","geometry":{"type":"LineString","coordinates":[[-4.28373,55.88621],[-4.28455,55.88671]]},"properties":{"c":1352,"n":23390}},{"type":"Feature","geometry":{"type":"LineString","coordinates":[[-4.28523,55.88714],[-4.2861,55.8877]]},"properties":{"c":0,"n":3270}},{"type":"Feature","geometry":{"type":"LineString","coordinates":[[-4.28064,55.88408],[-4.28078,55.88426]]},"properties":{"c":328,"n":7738}},{"type":"Feature","geometry":{"type":"LineString","coordinates":[[-4.27277,55.88033],[-4.27328,55.88044]]},"properties":{"c":1150,"n":16489}},{"type":"Feature","geometry":{"type":"LineString","coordinates":[[-4.27962,55.88295],[-4.27987,55.8833]]},"properties":{"c":1055,"n":15965}},{"type":"Feature","geometry":{"type":"LineString","coordinates":[[-4.28717,55.88849],[-4.28811,55.88923]]},"properties":{"c":0,"n":3270}},{"type":"Feature","geometry":{"type":"LineString","coordinates":[[-4.24239,55.85919],[-4.24299,55.85926]]},"properties":{"c":1273,"n":2431}},{"type":"Feature","geometry":{"type":"LineString","coordinates":[[-4.2439,55.85937],[-4.24471,55.85944]]},"properties":{"c":5848,"n":8692}},{"type":"Feature","geometry":{"type":"LineString","coordinates":[[-4.24368,55.85934],[-4.2439,55.85937]]},"properties":{"c":3562,"n":7315}},{"type":"Feature","geometry":{"type":"LineString","coordinates":[[-4.24299,55.85926],[-4.24368,55.85934]]},"properties":{"c":4556,"n":8174}},{"type":"Feature","geometry":{"type":"LineString","coordinates":[[-4.24471,55.85944],[-4.24518,55.85949]]},"properties":{"c":5848,"n":8692}},{"type":"Feature","geometry":{"type":"LineString","coordinates":[[-4.24518,55.85949],[-4.24535,55.8591]]},"properties":{"c":7562,"n":13577}},{"type":"Feature","geometry":{"type":"LineString","coordinates":[[-4.24556,55.85865],[-4.2457,55.85835]]},"properties":{"c":7562,"n":13577}},{"type":"Feature","geometry":{"type":"LineString","coordinates":[[-4.24535,55.8591],[-4.24556,55.85865]]},"properties":{"c":7562,"n":13577}},{"type":"Feature","geometry":{"type":"LineString","coordinates":[[-4.2457,55.85835],[-4.24575,55.85825]]},"properties":{"c":7562,"n":13577}},{"type":"Feature","geometry":{"type":"LineString","coordinates":[[-4.24138,55.85904],[-4.24239,55.85919]]},"properties":{"c":1273,"n":2431}},{"type":"Feature","geometry":{"type":"LineString","coordinates":[[-4.27284,55.86466],[-4.2721,55.86473]]},"properties":{"c":3197,"n":12238}},{"type":"Feature","geometry":{"type":"LineString","coordinates":[[-4.2737,55.86495],[-4.27362,55.8646]]},"properties":{"c":2378,"n":7696}},{"type":"Feature","geometry":{"type":"LineString","coordinates":[[-4.27362,55.8646],[-4.27284,55.86466]]},"properties":{"c":3197,"n":12238}},{"type":"Feature","geometry":{"type":"LineString","coordinates":[[-4.25927,55.82739],[-4.25907,55.82727]]},"properties":{"c":1647,"n":13084}},{"type":"Feature","geometry":{"type":"LineString","coordinates":[[-4.25851,55.82899],[-4.2589,55.82881],[-4.25908,55.82864]]},"properties":{"c":1272,"n":5924}},{"type":"Feature","geometry":{"type":"LineString","coordinates":[[-4.25643,55.82993],[-4.25654,55.82987]]},"properties":{"c":1272,"n":5924}},{"type":"Feature","geometry":{"type":"LineString","coordinates":[[-4.25934,55.82748],[-4.25927,55.82739]]},"properties":{"c":1647,"n":13084}},{"type":"Feature","geometry":{"type":"LineString","coordinates":[[-4.25005,55.831],[-4.2515,55.83126]]},"properties":{"c":463,"n":2148}},{"type":"Feature","geometry":{"type":"LineString","coordinates":[[-4.25739,55.82947],[-4.25851,55.82899]]},"properties":{"c":1272,"n":5924}},{"type":"Feature","geometry":{"type":"LineString","coordinates":[[-4.25908,55.82864],[-4.25916,55.82851]]},"properties":{"c":1272,"n":5924}},{"type":"Feature","geometry":{"type":"LineString","coordinates":[[-4.2485,55.83077],[-4.24862,55.83077]]},"properties":{"c":463,"n":2148}},{"type":"Feature","geometry":{"type":"LineString","coordinates":[[-4.25654,55.82987],[-4.25668,55.82979]]},"properties":{"c":1272,"n":5924}},{"type":"Feature","geometry":{"type":"LineString","coordinates":[[-4.25916,55.82851],[-4.25934,55.82808]]},"properties":{"c":1272,"n":5924}},{"type":"Feature","geometry":{"type":"LineString","coordinates":[[-4.25938,55.82796],[-4.25934,55.82748]]},"properties":{"c":1647,"n":13084}},{"type":"Feature","geometry":{"type":"LineString","coordinates":[[-4.25533,55.83118],[-4.25577,55.83044],[-4.25643,55.82993]]},"properties":{"c":1272,"n":5924}},{"type":"Feature","geometry":{"type":"LineString","coordinates":[[-4.24862,55.83077],[-4.25005,55.831]]},"properties":{"c":463,"n":2148}},{"type":"Feature","geometry":{"type":"LineString","coordinates":[[-4.25668,55.82979],[-4.25739,55.82947]]},"properties":{"c":1272,"n":5924}},{"type":"Feature","geometry":{"type":"LineString","coordinates":[[-4.2515,55.83126],[-4.25544,55.83193]]},"properties":{"c":463,"n":2148}},{"type":"Feature","geometry":{"type":"LineString","coordinates":[[-4.25934,55.82808],[-4.25938,55.82796]]},"properties":{"c":1272,"n":6105}},{"type":"Feature","geometry":{"type":"LineString","coordinates":[[-4.25544,55.83193],[-4.25533,55.83118]]},"properties":{"c":1272,"n":5924}},{"type":"Feature","geometry":{"type":"LineString","coordinates":[[-4.16357,55.84233],[-4.16342,55.84229]]},"properties":{"c":0,"n":486}},{"type":"Feature","geometry":{"type":"LineString","coordinates":[[-4.13669,55.84056],[-4.13588,55.84046]]},"properties":{"c":0,"n":486}},{"type":"Feature","geometry":{"type":"LineString","coordinates":[[-4.17209,55.84349],[-4.17097,55.8433]]},"properties":{"c":0,"n":486}},{"type":"Feature","geometry":{"type":"LineString","coordinates":[[-4.165,55.84256],[-4.16422,55.84245]]},"properties":{"c":0,"n":486}},{"type":"Feature","geometry":{"type":"LineString","coordinates":[[-4.15952,55.84124],[-4.15896,55.84109]]},"properties":{"c":0,"n":486}},{"type":"Feature","geometry":{"type":"LineString","coordinates":[[-4.16149,55.84175],[-4.16041,55.84148]]},"properties":{"c":0,"n":486}},{"type":"Feature","geometry":{"type":"LineString","coordinates":[[-4.14686,55.83958],[-4.14675,55.83958]]},"properties":{"c":0,"n":486}},{"type":"Feature","geometry":{"type":"LineString","coordinates":[[-4.16041,55.84148],[-4.16008,55.84139]]},"properties":{"c":0,"n":486}},{"type":"Feature","geometry":{"type":"LineString","coordinates":[[-4.17889,55.84412],[-4.1766,55.84421],[-4.17609,55.84416]]},"properties":{"c":0,"n":2007}},{"type":"Feature","geometry":{"type":"LineString","coordinates":[[-4.14675,55.83958],[-4.14589,55.83965]]},"properties":{"c":0,"n":486}},{"type":"Feature","geometry":{"type":"LineString","coordinates":[[-4.17495,55.84396],[-4.17372,55.84377]]},"properties":{"c":0,"n":486}},{"type":"Feature","geometry":{"type":"LineString","coordinates":[[-4.14832,55.83948],[-4.14798,55.83949]]},"properties":{"c":0,"n":486}},{"type":"Feature","geometry":{"type":"LineString","coordinates":[[-4.15323,55.83975],[-4.1529,55.83968]]},"properties":{"c":0,"n":486}},{"type":"Feature","geometry":{"type":"LineString","coordinates":[[-4.16832,55.84286],[-4.16709,55.84275]]},"properties":{"c":0,"n":486}},{"type":"Feature","geometry":{"type":"LineString","coordinates":[[-4.13588,55.84046],[-4.13514,55.84033]]},"properties":{"c":0,"n":486}},{"type":"Feature","geometry":{"type":"LineString","coordinates":[[-4.16191,55.84197],[-4.16149,55.84175]]},"properties":{"c":0,"n":486}},{"type":"Feature","geometry":{"type":"LineString","coordinates":[[-4.17097,55.8433],[-4.17087,55.84328]]},"properties":{"c":0,"n":486}},{"type":"Feature","geometry":{"type":"LineString","coordinates":[[-4.16267,55.8421],[-4.16223,55.84199],[-4.16191,55.84197]]},"properties":{"c":0,"n":486}},{"type":"Feature","geometry":{"type":"LineString","coordinates":[[-4.16975,55.84308],[-4.16888,55.84294]]},"properties":{"c":0,"n":486}},{"type":"Feature","geometry":{"type":"LineString","coordinates":[[-4.1529,55.83968],[-4.15123,55.83942],[-4.14832,55.83948]]},"properties":{"c":0,"n":486}},{"type":"Feature","geometry":{"type":"LineString","coordinates":[[-4.17609,55.84416],[-4.17495,55.84396]]},"properties":{"c":0,"n":486}},{"type":"Feature","geometry":{"type":"LineString","coordinates":[[-4.14589,55.83965],[-4.14548,55.83969]]},"properties":{"c":0,"n":486}},{"type":"Feature","geometry":{"type":"LineString","coordinates":[[-4.14353,55.83987],[-4.13842,55.8404]]},"properties":{"c":0,"n":486}},{"type":"Feature","geometry":{"type":"LineString","coordinates":[[-4.16709,55.84275],[-4.16617,55.84268]]},"properties":{"c":0,"n":486}},{"type":"Feature","geometry":{"type":"LineString","coordinates":[[-4.15719,55.84061],[-4.15586,55.8402]]},"properties":{"c":0,"n":486}},{"type":"Feature","geometry":{"type":"LineString","coordinates":[[-4.13815,55.84043],[-4.13669,55.84056]]},"properties":{"c":0,"n":486}},{"type":"Feature","geometry":{"type":"LineString","coordinates":[[-4.1478,55.83951],[-4.14686,55.83958]]},"properties":{"c":0,"n":486}},{"type":"Feature","geometry":{"type":"LineString","coordinates":[[-4.13842,55.8404],[-4.13815,55.84043]]},"properties":{"c":0,"n":486}},{"type":"Feature","geometry":{"type":"LineString","coordinates":[[-4.15786,55.84081],[-4.15765,55.84076]]},"properties":{"c":0,"n":486}},{"type":"Feature","geometry":{"type":"LineString","coordinates":[[-4.14548,55.83969],[-4.14353,55.83987]]},"properties":{"c":0,"n":486}},{"type":"Feature","geometry":{"type":"LineString","coordinates":[[-4.14798,55.83949],[-4.1478,55.83951]]},"properties":{"c":0,"n":486}},{"type":"Feature","geometry":{"type":"LineString","coordinates":[[-4.16422,55.84245],[-4.16357,55.84233]]},"properties":{"c":0,"n":486}},{"type":"Feature","geometry":{"type":"LineString","coordinates":[[-4.15586,55.8402],[-4.15323,55.83975]]},"properties":{"c":0,"n":486}},{"type":"Feature","geometry":{"type":"LineString","coordinates":[[-4.16888,55.84294],[-4.16852,55.84288]]},"properties":{"c":0,"n":486}},{"type":"Feature","geometry":{"type":"LineString","coordinates":[[-4.15765,55.84076],[-4.15719,55.84061]]},"properties":{"c":0,"n":486}},{"type":"Feature","geometry":{"type":"LineString","coordinates":[[-4.16617,55.84268],[-4.165,55.84256]]},"properties":{"c":0,"n":486}},{"type":"Feature","geometry":{"type":"LineString","coordinates":[[-4.15896,55.84109],[-4.15873,55.84103]]},"properties":{"c":0,"n":486}},{"type":"Feature","geometry":{"type":"LineString","coordinates":[[-4.17087,55.84328],[-4.16975,55.84308]]},"properties":{"c":0,"n":486}},{"type":"Feature","geometry":{"type":"LineString","coordinates":[[-4.15873,55.84103],[-4.15786,55.84081]]},"properties":{"c":0,"n":486}},{"type":"Feature","geometry":{"type":"LineString","coordinates":[[-4.16342,55.84229],[-4.16267,55.8421]]},"properties":{"c":0,"n":486}},{"type":"Feature","geometry":{"type":"LineString","coordinates":[[-4.16852,55.84288],[-4.16832,55.84286]]},"properties":{"c":0,"n":486}},{"type":"Feature","geometry":{"type":"LineString","coordinates":[[-4.16008,55.84139],[-4.1599,55.84135]]},"properties":{"c":0,"n":486}},{"type":"Feature","geometry":{"type":"LineString","coordinates":[[-4.17372,55.84377],[-4.17209,55.84349]]},"properties":{"c":0,"n":486}},{"type":"Feature","geometry":{"type":"LineString","coordinates":[[-4.1599,55.84135],[-4.15952,55.84124]]},"properties":{"c":0,"n":486}},{"type":"Feature","geometry":{"type":"LineString","coordinates":[[-4.27881,55.85279],[-4.27877,55.85322]]},"properties":{"c":7903,"n":30936}},{"type":"Feature","geometry":{"type":"LineString","coordinates":[[-4.27885,55.85233],[-4.27881,55.85279]]},"properties":{"c":7903,"n":30936}},{"type":"Feature","geometry":{"type":"LineString","coordinates":[[-4.27877,55.85322],[-4.27874,55.85355]]},"properties":{"c":7903,"n":30936}},{"type":"Feature","geometry":{"type":"LineString","coordinates":[[-4.27746,55.85173],[-4.27852,55.85177]]},"properties":{"c":8103,"n":34474}},{"type":"Feature","geometry":{"type":"LineString","coordinates":[[-4.27852,55.85177],[-4.27891,55.85179]]},"properties":{"c":8103,"n":34474}},{"type":"Feature","geometry":{"type":"LineString","coordinates":[[-4.2772,55.85369],[-4.27724,55.85337]]},"properties":{"c":14564,"n":35737}},{"type":"Feature","geometry":{"type":"LineString","coordinates":[[-4.27727,55.85316],[-4.27736,55.85271]]},"properties":{"c":14564,"n":35737}},{"type":"Feature","geometry":{"type":"LineString","coordinates":[[-4.27737,55.85262],[-4.27746,55.85173]]},"properties":{"c":10702,"n":30294}},{"type":"Feature","geometry":{"type":"LineString","coordinates":[[-4.27724,55.85337],[-4.27727,55.85316]]},"properties":{"c":14564,"n":35737}},{"type":"Feature","geometry":{"type":"LineString","coordinates":[[-4.27736,55.85271],[-4.27737,55.85262]]},"properties":{"c":10702,"n":30294}},{"type":"Feature","geometry":{"type":"LineString","coordinates":[[-4.27891,55.85179],[-4.27885,55.85233]]},"properties":{"c":7903,"n":30936}},{"type":"Feature","geometry":{"type":"LineString","coordinates":[[-4.19923,55.84723],[-4.19881,55.8471]]},"properties":{"c":0,"n":707}},{"type":"Feature","geometry":{"type":"LineString","coordinates":[[-4.19881,55.8471],[-4.19825,55.84686]]},"properties":{"c":0,"n":707}},{"type":"Feature","geometry":{"type":"LineString","coordinates":[[-4.19825,55.84686],[-4.19794,55.84672]]},"properties":{"c":0,"n":707}},{"type":"Feature","geometry":{"type":"LineString","coordinates":[[-4.20172,55.84808],[-4.20171,55.84801],[-4.20198,55.84783]]},"properties":{"c":0,"n":214}},{"type":"Feature","geometry":{"type":"LineString","coordinates":[[-4.20094,55.8477],[-4.20001,55.84749]]},"properties":{"c":0,"n":609}},{"type":"Feature","geometry":{"type":"LineString","coordinates":[[-4.20198,55.84783],[-4.20118,55.84774]]},"properties":{"c":0,"n":609}},{"type":"Feature","geometry":{"type":"LineString","coordinates":[[-4.20001,55.84749],[-4.19923,55.84723]]},"properties":{"c":0,"n":609}},{"type":"Feature","geometry":{"type":"LineString","coordinates":[[-4.20118,55.84774],[-4.20094,55.8477]]},"properties":{"c":0,"n":609}},{"type":"Feature","geometry":{"type":"LineString","coordinates":[[-4.19794,55.84672],[-4.19761,55.84656]]},"properties":{"c":0,"n":707}},{"type":"Feature","geometry":{"type":"LineString","coordinates":[[-4.3037,55.86906],[-4.30516,55.86922]]},"properties":{"c":3011,"n":41282}},{"type":"Feature","geometry":{"type":"LineString","coordinates":[[-4.29972,55.87043],[-4.30031,55.87024]]},"properties":{"c":2071,"n":22822}},{"type":"Feature","geometry":{"type":"LineString","coordinates":[[-4.30087,55.86978],[-4.30247,55.86921],[-4.30315,55.86909],[-4.3037,55.86906]]},"properties":{"c":3011,"n":41282}},{"type":"Feature","geometry":{"type":"LineString","coordinates":[[-4.30516,55.86922],[-4.30606,55.86935]]},"properties":{"c":3011,"n":41282}},{"type":"Feature","geometry":{"type":"LineString","coordinates":[[-4.3062,55.86937],[-4.3075,55.86935]]},"properties":{"c":3011,"n":41753}},{"type":"Feature","geometry":{"type":"LineString","coordinates":[[-4.30606,55.86935],[-4.3062,55.86937]]},"properties":{"c":3011,"n":41753}},{"type":"Feature","geometry":{"type":"LineString","coordinates":[[-4.2995,55.87047],[-4.29972,55.87043]]},"properties":{"c":2071,"n":22822}},{"type":"Feature","geometry":{"type":"LineString","coordinates":[[-4.30031,55.87024],[-4.30087,55.86978]]},"properties":{"c":2119,"n":24038}},{"type":"Feature","geometry":{"type":"LineString","coordinates":[[-4.3075,55.86935],[-4.30763,55.86958],[-4.30794,55.8696]]},"properties":{"c":9555,"n":58216}},{"type":"Feature","geometry":{"type":"LineString","coordinates":[[-4.2681,55.84128],[-4.26947,55.84154]]},"properties":{"c":0,"n":6755}},{"type":"Feature","geometry":{"type":"LineString","coordinates":[[-4.26655,55.84098],[-4.2681,55.84128]]},"properties":{"c":0,"n":6755}},{"type":"Feature","geometry":{"type":"LineString","coordinates":[[-4.26549,55.84076],[-4.26655,55.84098]]},"properties":{"c":0,"n":6755}},{"type":"Feature","geometry":{"type":"LineString","coordinates":[[-4.23957,55.86969],[-4.23977,55.87009]]},"properties":{"c":0,"n":336}},{"type":"Feature","geometry":{"type":"LineString","coordinates":[[-4.2408,55.87186],[-4.24084,55.87193]]},"properties":{"c":0,"n":314}},{"type":"Feature","geometry":{"type":"LineString","coordinates":[[-4.24466,55.87374],[-4.24594,55.87493]]},"properties":{"c":0,"n":755}},{"type":"Feature","geometry":{"type":"LineString","coordinates":[[-4.24733,55.8765],[-4.24735,55.87671]]},"properties":{"c":0,"n":314}},{"type":"Feature","geometry":{"type":"LineString","coordinates":[[-4.24136,55.87244],[-4.24174,55.87258],[-4.243,55.87286]]},"properties":{"c":0,"n":314}},{"type":"Feature","geometry":{"type":"LineString","coordinates":[[-4.23977,55.87009],[-4.23989,55.87034]]},"properties":{"c":0,"n":336}},{"type":"Feature","geometry":{"type":"LineString","coordinates":[[-4.2403,55.87112],[-4.2408,55.87186]]},"properties":{"c":0,"n":314}},{"type":"Feature","geometry":{"type":"LineString","coordinates":[[-4.25145,55.8772],[-4.25408,55.87786]]},"properties":{"c":0,"n":2621}},{"type":"Feature","geometry":{"type":"LineString","coordinates":[[-4.243,55.87286],[-4.2437,55.87304]]},"properties":{"c":0,"n":314}},{"type":"Feature","geometry":{"type":"LineString","coordinates":[[-4.24699,55.87604],[-4.24733,55.8765]]},"properties":{"c":0,"n":314}},{"type":"Feature","geometry":{"type":"LineString","coordinates":[[-4.2437,55.87304],[-4.24466,55.87374]]},"properties":{"c":0,"n":314}},{"type":"Feature","geometry":{"type":"LineString","coordinates":[[-4.25408,55.87786],[-4.25437,55.87782],[-4.25459,55.87768]]},"properties":{"c":0,"n":155}},{"type":"Feature","geometry":{"type":"LineString","coordinates":[[-4.24668,55.87566],[-4.24699,55.87604]]},"properties":{"c":0,"n":755}},{"type":"Feature","geometry":{"type":"LineString","coordinates":[[-4.23924,55.86941],[-4.23957,55.86969]]},"properties":{"c":0,"n":336}},{"type":"Feature","geometry":{"type":"LineString","coordinates":[[-4.24885,55.87682],[-4.25031,55.87699]]},"properties":{"c":0,"n":2621}},{"type":"Feature","geometry":{"type":"LineString","coordinates":[[-4.24594,55.87493],[-4.24668,55.87566]]},"properties":{"c":0,"n":755}},{"type":"Feature","geometry":{"type":"LineString","coordinates":[[-4.23732,55.86889],[-4.23798,55.86905]]},"properties":{"c":0,"n":336}},{"type":"Feature","geometry":{"type":"LineString","coordinates":[[-4.2409,55.87201],[-4.24093,55.87206]]},"properties":{"c":0,"n":701}},{"type":"Feature","geometry":{"type":"LineString","coordinates":[[-4.24735,55.87671],[-4.24753,55.87672]]},"properties":{"c":0,"n":2621}},{"type":"Feature","geometry":{"type":"LineString","coordinates":[[-4.25031,55.87699],[-4.25145,55.8772]]},"properties":{"c":0,"n":2621}},{"type":"Feature","geometry":{"type":"LineString","coordinates":[[-4.24093,55.87206],[-4.24101,55.87219]]},"properties":{"c":0,"n":314}},{"type":"Feature","geometry":{"type":"LineString","coordinates":[[-4.24753,55.87672],[-4.24782,55.87674]]},"properties":{"c":0,"n":2621}},{"type":"Feature","geometry":{"type":"LineString","coordinates":[[-4.24101,55.87219],[-4.24136,55.87244]]},"properties":{"c":0,"n":314}},{"type":"Feature","geometry":{"type":"LineString","coordinates":[[-4.23817,55.86909],[-4.23889,55.86926],[-4.23924,55.86941]]},"properties":{"c":0,"n":336}},{"type":"Feature","geometry":{"type":"LineString","coordinates":[[-4.24084,55.87193],[-4.2409,55.87201]]},"properties":{"c":0,"n":314}},{"type":"Feature","geometry":{"type":"LineString","coordinates":[[-4.24782,55.87674],[-4.24885,55.87682]]},"properties":{"c":0,"n":2621}},{"type":"Feature","geometry":{"type":"LineString","coordinates":[[-4.23989,55.87034],[-4.2403,55.87112]]},"properties":{"c":0,"n":336}},{"type":"Feature","geometry":{"type":"LineString","coordinates":[[-4.23798,55.86905],[-4.23817,55.86909]]},"properties":{"c":0,"n":336}},{"type":"Feature","geometry":{"type":"LineString","coordinates":[[-4.25456,55.87797],[-4.25451,55.8788]]},"properties":{"c":0,"n":3550}},{"type":"Feature","geometry":{"type":"LineString","coordinates":[[-4.25442,55.87984],[-4.25436,55.88078]]},"properties":{"c":0,"n":3550}},{"type":"Feature","geometry":{"type":"LineString","coordinates":[[-4.25451,55.8788],[-4.25448,55.87899]]},"properties":{"c":0,"n":3550}},{"type":"Feature","geometry":{"type":"LineString","coordinates":[[-4.25436,55.88078],[-4.25434,55.88155]]},"properties":{"c":0,"n":3550}},{"type":"Feature","geometry":{"type":"LineString","coordinates":[[-4.25445,55.87945],[-4.25442,55.87984]]},"properties":{"c":0,"n":3550}},{"type":"Feature","geometry":{"type":"LineString","coordinates":[[-4.25448,55.87899],[-4.25445,55.87945]]},"properties":{"c":0,"n":3550}},{"type":"Feature","geometry":{"type":"LineString","coordinates":[[-4.25408,55.87786],[-4.25456,55.87797]]},"properties":{"c":0,"n":2466}},{"type":"Feature","geometry":{"type":"LineString","coordinates":[[-4.33363,55.86449],[-4.33378,55.86452]]},"properties":{"c":1274,"n":4145}},{"type":"Feature","geometry":{"type":"LineString","coordinates":[[-4.32766,55.86392],[-4.32855,55.86393]]},"properties":{"c":656,"n":2236}},{"type":"Feature","geometry":{"type":"LineString","coordinates":[[-4.31214,55.86321],[-4.31241,55.8633]]},"properties":{"c":1232,"n":3875}},{"type":"Feature","geometry":{"type":"LineString","coordinates":[[-4.31336,55.86353],[-4.31417,55.86368]]},"properties":{"c":1232,"n":3875}},{"type":"Feature","geometry":{"type":"LineString","coordinates":[[-4.33484,55.86471],[-4.33552,55.86485]]},"properties":{"c":656,"n":2236}},{"type":"Feature","geometry":{"type":"LineString","coordinates":[[-4.34054,55.86413],[-4.34065,55.86396]]},"properties":{"c":656,"n":2236}},{"type":"Feature","geometry":{"type":"LineString","coordinates":[[-4.33395,55.86452],[-4.33473,55.86469]]},"properties":{"c":656,"n":2236}},{"type":"Feature","geometry":{"type":"LineString","coordinates":[[-4.31777,55.86392],[-4.31846,55.86395]]},"properties":{"c":1232,"n":3875}},{"type":"Feature","geometry":{"type":"LineString","coordinates":[[-4.33164,55.86427],[-4.33269,55.86433]]},"properties":{"c":1274,"n":4145}},{"type":"Feature","geometry":{"type":"LineString","coordinates":[[-4.33748,55.86528],[-4.33903,55.86569]]},"properties":{"c":656,"n":2236}},{"type":"Feature","geometry":{"type":"LineString","coordinates":[[-4.33552,55.86485],[-4.33748,55.86528]]},"properties":{"c":1274,"n":4145}},{"type":"Feature","geometry":{"type":"LineString","coordinates":[[-4.33269,55.86433],[-4.33282,55.86434]]},"properties":{"c":1274,"n":4145}},{"type":"Feature","geometry":{"type":"LineString","coordinates":[[-4.33934,55.86577],[-4.34054,55.86413]]},"properties":{"c":656,"n":2236}},{"type":"Feature","geometry":{"type":"LineString","coordinates":[[-4.32106,55.864],[-4.32702,55.8641]]},"properties":{"c":1232,"n":3875}},{"type":"Feature","geometry":{"type":"LineString","coordinates":[[-4.31954,55.86397],[-4.32106,55.864]]},"properties":{"c":1232,"n":3875}},{"type":"Feature","geometry":{"type":"LineString","coordinates":[[-4.32702,55.8641],[-4.32725,55.86407]]},"properties":{"c":1232,"n":3875}},{"type":"Feature","geometry":{"type":"LineString","coordinates":[[-4.32725,55.86407],[-4.32766,55.86392]]},"properties":{"c":614,"n":1947}},{"type":"Feature","geometry":{"type":"LineString","coordinates":[[-4.32991,55.86422],[-4.33164,55.86427]]},"properties":{"c":1274,"n":4145}},{"type":"Feature","geometry":{"type":"LineString","coordinates":[[-4.31846,55.86395],[-4.31876,55.86396]]},"properties":{"c":1232,"n":3875}},{"type":"Feature","geometry":{"type":"LineString","coordinates":[[-4.33378,55.86452],[-4.33395,55.86452]]},"properties":{"c":656,"n":2236}},{"type":"Feature","geometry":{"type":"LineString","coordinates":[[-4.31609,55.86393],[-4.31709,55.86394]]},"properties":{"c":1232,"n":3875}},{"type":"Feature","geometry":{"type":"LineString","coordinates":[[-4.31417,55.86368],[-4.31463,55.86376]]},"properties":{"c":1232,"n":3875}},{"type":"Feature","geometry":{"type":"LineString","coordinates":[[-4.32855,55.86393],[-4.32894,55.86413]]},"properties":{"c":656,"n":2236}},{"type":"Feature","geometry":{"type":"LineString","coordinates":[[-4.34095,55.86346],[-4.34121,55.86314],[-4.3417,55.86308]]},"properties":{"c":656,"n":2236}},{"type":"Feature","geometry":{"type":"LineString","coordinates":[[-4.31157,55.86305],[-4.31214,55.86321]]},"properties":{"c":1232,"n":3875}},{"type":"Feature","geometry":{"type":"LineString","coordinates":[[-4.319,55.86396],[-4.31954,55.86397]]},"properties":{"c":1232,"n":3875}},{"type":"Feature","geometry":{"type":"LineString","coordinates":[[-4.33903,55.86569],[-4.33934,55.86577]]},"properties":{"c":656,"n":2236}},{"type":"Feature","geometry":{"type":"LineString","coordinates":[[-4.32894,55.86413],[-4.32991,55.86422]]},"properties":{"c":656,"n":2236}},{"type":"Feature","geometry":{"type":"LineString","coordinates":[[-4.31876,55.86396],[-4.319,55.86396]]},"properties":{"c":1232,"n":3875}},{"type":"Feature","geometry":{"type":"LineString","coordinates":[[-4.31709,55.86394],[-4.31756,55.86393]]},"properties":{"c":1232,"n":3875}},{"type":"Feature","geometry":{"type":"LineString","coordinates":[[-4.31756,55.86393],[-4.31777,55.86392]]},"properties":{"c":1232,"n":3875}},{"type":"Feature","geometry":{"type":"LineString","coordinates":[[-4.31463,55.86376],[-4.31609,55.86393]]},"properties":{"c":1232,"n":3875}},{"type":"Feature","geometry":{"type":"LineString","coordinates":[[-4.31241,55.8633],[-4.31336,55.86353]]},"properties":{"c":1232,"n":3875}},{"type":"Feature","geometry":{"type":"LineString","coordinates":[[-4.33282,55.86434],[-4.33363,55.86449]]},"properties":{"c":1274,"n":4145}},{"type":"Feature","geometry":{"type":"LineString","coordinates":[[-4.33473,55.86469],[-4.33484,55.86471]]},"properties":{"c":656,"n":2236}},{"type":"Feature","geometry":{"type":"LineString","coordinates":[[-4.34065,55.86396],[-4.34095,55.86346]]},"properties":{"c":656,"n":2236}},{"type":"Feature","geometry":{"type":"LineString","coordinates":[[-4.25339,55.86197],[-4.25245,55.86186]]},"properties":{"c":7217,"n":37761}},{"type":"Feature","geometry":{"type":"LineString","coordinates":[[-4.25245,55.86186],[-4.25229,55.86229],[-4.25247,55.86234]]},"properties":{"c":0,"n":27988}},{"type":"Feature","geometry":{"type":"LineString","coordinates":[[-4.25357,55.86208],[-4.25339,55.86197]]},"properties":{"c":4269,"n":22715}},{"type":"Feature","geometry":{"type":"LineString","coordinates":[[-4.26296,55.84125],[-4.26343,55.83998]]},"properties":{"c":8453,"n":17115}},{"type":"Feature","geometry":{"type":"LineString","coordinates":[[-4.26437,55.83773],[-4.26455,55.8372]]},"properties":{"c":3872,"n":11849}},{"type":"Feature","geometry":{"type":"LineString","coordinates":[[-4.26353,55.83999],[-4.26361,55.83975]]},"properties":{"c":3872,"n":11849}},{"type":"Feature","geometry":{"type":"LineString","coordinates":[[-4.26408,55.83854],[-4.26432,55.83787]]},"properties":{"c":3872,"n":11849}},{"type":"Feature","geometry":{"type":"LineString","coordinates":[[-4.26514,55.83558],[-4.26517,55.83548]]},"properties":{"c":5800,"n":17435}},{"type":"Feature","geometry":{"type":"LineString","coordinates":[[-4.26264,55.84219],[-4.26296,55.84125]]},"properties":{"c":8453,"n":17220}},{"type":"Feature","geometry":{"type":"LineString","coordinates":[[-4.26378,55.83927],[-4.26399,55.83872]]},"properties":{"c":3872,"n":11849}},{"type":"Feature","geometry":{"type":"LineString","coordinates":[[-4.2654,55.83489],[-4.26548,55.8349]]},"properties":{"c":5800,"n":15740}},{"type":"Feature","geometry":{"type":"LineString","coordinates":[[-4.26455,55.8372],[-4.26473,55.83667]]},"properties":{"c":3872,"n":11849}},{"type":"Feature","geometry":{"type":"LineString","coordinates":[[-4.26478,55.83654],[-4.26514,55.83558]]},"properties":{"c":3872,"n":12950}},{"type":"Feature","geometry":{"type":"LineString","coordinates":[[-4.26435,55.8378],[-4.26437,55.83773]]},"properties":{"c":3872,"n":11849}},{"type":"Feature","geometry":{"type":"LineString","coordinates":[[-4.26399,55.83872],[-4.26408,55.83854]]},"properties":{"c":3872,"n":11849}},{"type":"Feature","geometry":{"type":"LineString","coordinates":[[-4.26224,55.84307],[-4.26218,55.84305]]},"properties":{"c":8453,"n":17220}},{"type":"Feature","geometry":{"type":"LineString","coordinates":[[-4.26473,55.83667],[-4.26475,55.83661]]},"properties":{"c":3872,"n":11738}},{"type":"Feature","geometry":{"type":"LineString","coordinates":[[-4.26517,55.83548],[-4.2654,55.83489]]},"properties":{"c":5800,"n":15462}},{"type":"Feature","geometry":{"type":"LineString","coordinates":[[-4.26432,55.83787],[-4.26435,55.8378]]},"properties":{"c":3872,"n":11849}},{"type":"Feature","geometry":{"type":"LineString","coordinates":[[-4.26218,55.84305],[-4.26241,55.84279],[-4.26264,55.84219]]},"properties":{"c":8453,"n":17220}},{"type":"Feature","geometry":{"type":"LineString","coordinates":[[-4.26361,55.83975],[-4.26378,55.83927]]},"properties":{"c":3872,"n":11849}},{"type":"Feature","geometry":{"type":"LineString","coordinates":[[-4.26475,55.83661],[-4.26478,55.83654]]},"properties":{"c":3872,"n":12076}},{"type":"Feature","geometry":{"type":"LineString","coordinates":[[-4.26343,55.83998],[-4.26353,55.83999]]},"properties":{"c":3872,"n":11713}},{"type":"Feature","geometry":{"type":"LineString","coordinates":[[-4.27206,55.8349],[-4.27216,55.83496]]},"properties":{"c":8179,"n":21373}},{"type":"Feature","geometry":{"type":"LineString","coordinates":[[-4.27111,55.83543],[-4.27206,55.8349]]},"properties":{"c":8179,"n":16454}},{"type":"Feature","geometry":{"type":"LineString","coordinates":[[-4.27006,55.83602],[-4.27111,55.83543]]},"properties":{"c":3602,"n":7076}},{"type":"Feature","geometry":{"type":"LineString","coordinates":[[-4.27052,55.83627],[-4.27006,55.83602]]},"properties":{"c":4232,"n":8808}},{"type":"Feature","geometry":{"type":"LineString","coordinates":[[-4.20385,55.86251],[-4.20341,55.86248]]},"properties":{"c":0,"n":1022}},{"type":"Feature","geometry":{"type":"LineString","coordinates":[[-4.20314,55.86246],[-4.20243,55.8624]]},"properties":{"c":0,"n":1022}},{"type":"Feature","geometry":{"type":"LineString","coordinates":[[-4.19761,55.86391],[-4.19742,55.86405]]},"properties":{"c":0,"n":484}},{"type":"Feature","geometry":{"type":"LineString","coordinates":[[-4.19521,55.86563],[-4.19459,55.86607]]},"properties":{"c":0,"n":484}},{"type":"Feature","geometry":{"type":"LineString","coordinates":[[-4.19406,55.86645],[-4.19382,55.86662]]},"properties":{"c":0,"n":484}},{"type":"Feature","geometry":{"type":"LineString","coordinates":[[-4.20478,55.86258],[-4.20429,55.86255]]},"properties":{"c":0,"n":1022}},{"type":"Feature","geometry":{"type":"LineString","coordinates":[[-4.19598,55.86507],[-4.19521,55.86563]]},"properties":{"c":0,"n":484}},{"type":"Feature","geometry":{"type":"LineString","coordinates":[[-4.19824,55.86346],[-4.19761,55.86391]]},"properties":{"c":0,"n":484}},{"type":"Feature","geometry":{"type":"LineString","coordinates":[[-4.20429,55.86255],[-4.20385,55.86251]]},"properties":{"c":0,"n":1022}},{"type":"Feature","geometry":{"type":"LineString","coordinates":[[-4.19652,55.86468],[-4.19598,55.86507]]},"properties":{"c":0,"n":484}},{"type":"Feature","geometry":{"type":"LineString","coordinates":[[-4.20341,55.86248],[-4.20314,55.86246]]},"properties":{"c":0,"n":1022}},{"type":"Feature","geometry":{"type":"LineString","coordinates":[[-4.19297,55.86717],[-4.19274,55.86729]]},"properties":{"c":0,"n":484}},{"type":"Feature","geometry":{"type":"LineString","coordinates":[[-4.19382,55.86662],[-4.19297,55.86717]]},"properties":{"c":0,"n":484}},{"type":"Feature","geometry":{"type":"LineString","coordinates":[[-4.19459,55.86607],[-4.19406,55.86645]]},"properties":{"c":0,"n":484}},{"type":"Feature","geometry":{"type":"LineString","coordinates":[[-4.20129,55.86232],[-4.20059,55.86235]]},"properties":{"c":0,"n":476}},{"type":"Feature","geometry":{"type":"LineString","coordinates":[[-4.20059,55.86235],[-4.20015,55.8624]]},"properties":{"c":0,"n":476}},{"type":"Feature","geometry":{"type":"LineString","coordinates":[[-4.20582,55.86266],[-4.20478,55.86258]]},"properties":{"c":0,"n":1022}},{"type":"Feature","geometry":{"type":"LineString","coordinates":[[-4.20015,55.8624],[-4.19933,55.86272]]},"properties":{"c":0,"n":484}},{"type":"Feature","geometry":{"type":"LineString","coordinates":[[-4.20243,55.8624],[-4.20129,55.86232]]},"properties":{"c":0,"n":1022}},{"type":"Feature","geometry":{"type":"LineString","coordinates":[[-4.19933,55.86272],[-4.19824,55.86346]]},"properties":{"c":0,"n":484}},{"type":"Feature","geometry":{"type":"LineString","coordinates":[[-4.19742,55.86405],[-4.19652,55.86468]]},"properties":{"c":0,"n":484}},{"type":"Feature","geometry":{"type":"LineString","coordinates":[[-4.30529,55.86596],[-4.30529,55.86581]]},"properties":{"c":0,"n":5507}},{"type":"Feature","geometry":{"type":"LineString","coordinates":[[-4.26464,55.86561],[-4.26318,55.86543]]},"properties":{"c":1972,"n":18764}},{"type":"Feature","geometry":{"type":"LineString","coordinates":[[-4.2647,55.86562],[-4.26464,55.86561]]},"properties":{"c":1972,"n":17804}},{"type":"Feature","geometry":{"type":"LineString","coordinates":[[-4.26318,55.86543],[-4.26189,55.86532]]},"properties":{"c":3035,"n":28641}},{"type":"Feature","geometry":{"type":"LineString","coordinates":[[-4.33216,55.87303],[-4.33446,55.87346]]},"properties":{"c":0,"n":3594}},{"type":"Feature","geometry":{"type":"LineString","coordinates":[[-4.33749,55.87419],[-4.33846,55.87445]]},"properties":{"c":0,"n":3594}},{"type":"Feature","geometry":{"type":"LineString","coordinates":[[-4.34052,55.87499],[-4.34084,55.87508]]},"properties":{"c":0,"n":3594}},{"type":"Feature","geometry":{"type":"LineString","coordinates":[[-4.33038,55.87268],[-4.33103,55.87282]]},"properties":{"c":0,"n":3594}},{"type":"Feature","geometry":{"type":"LineString","coordinates":[[-4.32355,55.87064],[-4.32462,55.87116]]},"properties":{"c":42,"n":6728}},{"type":"Feature","geometry":{"type":"LineString","coordinates":[[-4.34084,55.87508],[-4.34138,55.87524]]},"properties":{"c":0,"n":3594}},{"type":"Feature","geometry":{"type":"LineString","coordinates":[[-4.33124,55.87286],[-4.33163,55.87293]]},"properties":{"c":0,"n":3684}},{"type":"Feature","geometry":{"type":"LineString","coordinates":[[-4.33163,55.87293],[-4.33216,55.87303]]},"properties":{"c":0,"n":3684}},{"type":"Feature","geometry":{"type":"LineString","coordinates":[[-4.33846,55.87445],[-4.33953,55.87473]]},"properties":{"c":0,"n":3594}},{"type":"Feature","geometry":{"type":"LineString","coordinates":[[-4.32462,55.87116],[-4.32603,55.87182],[-4.32795,55.87222]]},"properties":{"c":42,"n":6728}},{"type":"Feature","geometry":{"type":"LineString","coordinates":[[-4.32906,55.87243],[-4.3292,55.87245]]},"properties":{"c":0,"n":7006}},{"type":"Feature","geometry":{"type":"LineString","coordinates":[[-4.32805,55.87224],[-4.32906,55.87243]]},"properties":{"c":0,"n":7006}},{"type":"Feature","geometry":{"type":"LineString","coordinates":[[-4.34138,55.87524],[-4.34155,55.87529]]},"properties":{"c":0,"n":3594}},{"type":"Feature","geometry":{"type":"LineString","coordinates":[[-4.32268,55.87052],[-4.32355,55.87064]]},"properties":{"c":42,"n":4284}},{"type":"Feature","geometry":{"type":"LineString","coordinates":[[-4.34168,55.87534],[-4.34254,55.87568]]},"properties":{"c":0,"n":4037}},{"type":"Feature","geometry":{"type":"LineString","coordinates":[[-4.3292,55.87245],[-4.33038,55.87268]]},"properties":{"c":0,"n":7197}},{"type":"Feature","geometry":{"type":"LineString","coordinates":[[-4.33103,55.87282],[-4.33124,55.87286]]},"properties":{"c":0,"n":3684}},{"type":"Feature","geometry":{"type":"LineString","coordinates":[[-4.33446,55.87346],[-4.33566,55.8737],[-4.33749,55.87419]]},"properties":{"c":0,"n":3594}},{"type":"Feature","geometry":{"type":"LineString","coordinates":[[-4.34155,55.87529],[-4.34168,55.87534]]},"properties":{"c":0,"n":4037}},{"type":"Feature","geometry":{"type":"LineString","coordinates":[[-4.33953,55.87473],[-4.34052,55.87499]]},"properties":{"c":0,"n":3594}},{"type":"Feature","geometry":{"type":"LineString","coordinates":[[-4.32795,55.87222],[-4.32805,55.87224]]},"properties":{"c":42,"n":7191}},{"type":"Feature","geometry":{"type":"LineString","coordinates":[[-4.28502,55.85873],[-4.28519,55.85873]]},"properties":{"c":3964,"n":7112}},{"type":"Feature","geometry":{"type":"LineString","coordinates":[[-4.28665,55.85902],[-4.28686,55.85898],[-4.28718,55.85904]]},"properties":{"c":4199,"n":9708}},{"type":"Feature","geometry":{"type":"LineString","coordinates":[[-4.28519,55.85873],[-4.28593,55.85878],[-4.28665,55.85902]]},"properties":{"c":3964,"n":7112}},{"type":"Feature","geometry":{"type":"LineString","coordinates":[[-4.28088,55.83048],[-4.28097,55.83052]]},"properties":{"c":5609,"n":17168}},{"type":"Feature","geometry":{"type":"LineString","coordinates":[[-4.28097,55.83052],[-4.28182,55.83025]]},"properties":{"c":5609,"n":17240}},{"type":"Feature","geometry":{"type":"LineString","coordinates":[[-4.28422,55.82957],[-4.28624,55.82895]]},"properties":{"c":845,"n":6437}},{"type":"Feature","geometry":{"type":"LineString","coordinates":[[-4.28657,55.82888],[-4.28672,55.82886]]},"properties":{"c":845,"n":6050}},{"type":"Feature","geometry":{"type":"LineString","coordinates":[[-4.27886,55.83156],[-4.28088,55.83048]]},"properties":{"c":5609,"n":17168}},{"type":"Feature","geometry":{"type":"LineString","coordinates":[[-4.28624,55.82895],[-4.28657,55.82888]]},"properties":{"c":845,"n":6050}},{"type":"Feature","geometry":{"type":"LineString","coordinates":[[-4.28991,55.82849],[-4.29099,55.82837]]},"properties":{"c":845,"n":5676}},{"type":"Feature","geometry":{"type":"LineString","coordinates":[[-4.28672,55.82886],[-4.28876,55.82862]]},"properties":{"c":845,"n":5676}},{"type":"Feature","geometry":{"type":"LineString","coordinates":[[-4.29136,55.82833],[-4.29274,55.82816]]},"properties":{"c":845,"n":5886}},{"type":"Feature","geometry":{"type":"LineString","coordinates":[[-4.29374,55.828],[-4.29556,55.82748]]},"properties":{"c":845,"n":5175}},{"type":"Feature","geometry":{"type":"LineString","coordinates":[[-4.28182,55.83025],[-4.28255,55.83004]]},"properties":{"c":5609,"n":17240}},{"type":"Feature","geometry":{"type":"LineString","coordinates":[[-4.28876,55.82862],[-4.28991,55.82849]]},"properties":{"c":845,"n":5676}},{"type":"Feature","geometry":{"type":"LineString","coordinates":[[-4.29274,55.82816],[-4.29374,55.828]]},"properties":{"c":845,"n":5175}},{"type":"Feature","geometry":{"type":"LineString","coordinates":[[-4.28255,55.83004],[-4.28422,55.82957]]},"properties":{"c":5609,"n":17240}},{"type":"Feature","geometry":{"type":"LineString","coordinates":[[-4.29099,55.82837],[-4.29136,55.82833]]},"properties":{"c":845,"n":5694}},{"type":"Feature","geometry":{"type":"LineString","coordinates":[[-4.28422,55.82957],[-4.28392,55.82942],[-4.28386,55.8293]]},"properties":{"c":4764,"n":14339}},{"type":"Feature","geometry":{"type":"LineString","coordinates":[[-4.28386,55.8293],[-4.28366,55.82905],[-4.28345,55.82913]]},"properties":{"c":4764,"n":14339}},{"type":"Feature","geometry":{"type":"LineString","coordinates":[[-4.27118,55.8477],[-4.2715,55.84767]]},"properties":{"c":6400,"n":11270}},{"type":"Feature","geometry":{"type":"LineString","coordinates":[[-4.25947,55.84605],[-4.26126,55.84629]]},"properties":{"c":1406,"n":2150}},{"type":"Feature","geometry":{"type":"LineString","coordinates":[[-4.27072,55.84761],[-4.27095,55.84766]]},"properties":{"c":6400,"n":11270}},{"type":"Feature","geometry":{"type":"LineString","coordinates":[[-4.27495,55.84609],[-4.27501,55.84589]]},"properties":{"c":15019,"n":27179}},{"type":"Feature","geometry":{"type":"LineString","coordinates":[[-4.26936,55.84747],[-4.26951,55.84744]]},"properties":{"c":6400,"n":11270}},{"type":"Feature","geometry":{"type":"LineString","coordinates":[[-4.25872,55.84567],[-4.25927,55.84599]]},"properties":{"c":1406,"n":2150}},{"type":"Feature","geometry":{"type":"LineString","coordinates":[[-4.26676,55.84721],[-4.26686,55.84728]]},"properties":{"c":9951,"n":7422}},{"type":"Feature","geometry":{"type":"LineString","coordinates":[[-4.26795,55.84729],[-4.26908,55.84749],[-4.26936,55.84747]]},"properties":{"c":6400,"n":11270}},{"type":"Feature","geometry":{"type":"LineString","coordinates":[[-4.27215,55.8475],[-4.27255,55.84756],[-4.27398,55.84744],[-4.27405,55.8473],[-4.27469,55.84723]]},"properties":{"c":6400,"n":11270}},{"type":"Feature","geometry":{"type":"LineString","coordinates":[[-4.2715,55.84767],[-4.27215,55.8475]]},"properties":{"c":6400,"n":11270}},{"type":"Feature","geometry":{"type":"LineString","coordinates":[[-4.26344,55.84679],[-4.26468,55.84695]]},"properties":{"c":9951,"n":7422}},{"type":"Feature","geometry":{"type":"LineString","coordinates":[[-4.27095,55.84766],[-4.27118,55.8477]]},"properties":{"c":6400,"n":11270}},{"type":"Feature","geometry":{"type":"LineString","coordinates":[[-4.26986,55.84742],[-4.27048,55.84755]]},"properties":{"c":6400,"n":11270}},{"type":"Feature","geometry":{"type":"LineString","coordinates":[[-4.27469,55.84723],[-4.27468,55.84681],[-4.27495,55.84609]]},"properties":{"c":9693,"n":12221}},{"type":"Feature","geometry":{"type":"LineString","coordinates":[[-4.26327,55.84678],[-4.26344,55.84679]]},"properties":{"c":9951,"n":7422}},{"type":"Feature","geometry":{"type":"LineString","coordinates":[[-4.26468,55.84695],[-4.26676,55.84721]]},"properties":{"c":9951,"n":7422}},{"type":"Feature","geometry":{"type":"LineString","coordinates":[[-4.27501,55.84589],[-4.27505,55.84584]]},"properties":{"c":15019,"n":26648}},{"type":"Feature","geometry":{"type":"LineString","coordinates":[[-4.26126,55.84629],[-4.262,55.84663],[-4.26264,55.84671]]},"properties":{"c":9951,"n":6323}},{"type":"Feature","geometry":{"type":"LineString","coordinates":[[-4.26264,55.84671],[-4.26327,55.84678]]},"properties":{"c":9951,"n":7422}},{"type":"Feature","geometry":{"type":"LineString","coordinates":[[-4.25927,55.84599],[-4.25947,55.84605]]},"properties":{"c":1406,"n":2150}},{"type":"Feature","geometry":{"type":"LineString","coordinates":[[-4.26951,55.84744],[-4.26986,55.84742]]},"properties":{"c":6400,"n":11270}},{"type":"Feature","geometry":{"type":"LineString","coordinates":[[-4.25866,55.84564],[-4.25872,55.84567]]},"properties":{"c":806,"n":1101}},{"type":"Feature","geometry":{"type":"LineString","coordinates":[[-4.27048,55.84755],[-4.27072,55.84761]]},"properties":{"c":6400,"n":11270}},{"type":"Feature","geometry":{"type":"LineString","coordinates":[[-4.26686,55.84728],[-4.26725,55.84721],[-4.26795,55.84729]]},"properties":{"c":6400,"n":11270}},{"type":"Feature","geometry":{"type":"LineString","coordinates":[[-4.26109,55.87094],[-4.26034,55.87104],[-4.26006,55.87102]]},"properties":{"c":293,"n":1571}},{"type":"Feature","geometry":{"type":"LineString","coordinates":[[-4.26084,55.87035],[-4.26097,55.8704],[-4.26088,55.87066],[-4.26109,55.87094]]},"properties":{"c":1276,"n":8849}},{"type":"Feature","geometry":{"type":"LineString","coordinates":[[-4.2313,55.882],[-4.23099,55.88209]]},"properties":{"c":0,"n":3349}},{"type":"Feature","geometry":{"type":"LineString","coordinates":[[-4.23256,55.88037],[-4.23232,55.88066]]},"properties":{"c":0,"n":3349}},{"type":"Feature","geometry":{"type":"LineString","coordinates":[[-4.23425,55.8705],[-4.23387,55.87192],[-4.23322,55.87345]]},"properties":{"c":0,"n":1076}},{"type":"Feature","geometry":{"type":"LineString","coordinates":[[-4.2325,55.87543],[-4.23211,55.87671],[-4.23221,55.87728]]},"properties":{"c":0,"n":982}},{"type":"Feature","geometry":{"type":"LineString","coordinates":[[-4.23232,55.88066],[-4.23211,55.88153]]},"properties":{"c":0,"n":3349}},{"type":"Feature","geometry":{"type":"LineString","coordinates":[[-4.23258,55.87518],[-4.2325,55.87543]]},"properties":{"c":0,"n":982}},{"type":"Feature","geometry":{"type":"LineString","coordinates":[[-4.23313,55.87365],[-4.23287,55.87438]]},"properties":{"c":0,"n":1076}},{"type":"Feature","geometry":{"type":"LineString","coordinates":[[-4.23221,55.87728],[-4.2333,55.87893],[-4.23388,55.88008]]},"properties":{"c":0,"n":982}},{"type":"Feature","geometry":{"type":"LineString","coordinates":[[-4.23388,55.88008],[-4.2337,55.8801]]},"properties":{"c":0,"n":2360}},{"type":"Feature","geometry":{"type":"LineString","coordinates":[[-4.2337,55.8801],[-4.23287,55.8802],[-4.23256,55.88037]]},"properties":{"c":0,"n":3349}},{"type":"Feature","geometry":{"type":"LineString","coordinates":[[-4.23211,55.88153],[-4.23177,55.88181],[-4.2313,55.882]]},"properties":{"c":0,"n":3349}},{"type":"Feature","geometry":{"type":"LineString","coordinates":[[-4.23322,55.87345],[-4.23313,55.87365]]},"properties":{"c":0,"n":1076}},{"type":"Feature","geometry":{"type":"LineString","coordinates":[[-4.23608,55.86886],[-4.23601,55.86942]]},"properties":{"c":0,"n":331}},{"type":"Feature","geometry":{"type":"LineString","coordinates":[[-4.23601,55.86942],[-4.23606,55.86973],[-4.23593,55.86994],[-4.23564,55.87004],[-4.23475,55.87002],[-4.23447,55.87015],[-4.23425,55.8705]]},"properties":{"c":0,"n":331}},{"type":"Feature","geometry":{"type":"LineString","coordinates":[[-4.23287,55.87438],[-4.23258,55.87518]]},"properties":{"c":0,"n":982}},{"type":"Feature","geometry":{"type":"LineString","coordinates":[[-4.23099,55.88209],[-4.23025,55.88217]]},"properties":{"c":0,"n":3349}},{"type":"Feature","geometry":{"type":"LineString","coordinates":[[-4.27243,55.8539],[-4.27268,55.85389],[-4.27299,55.85403],[-4.27311,55.85461]]},"properties":{"c":0,"n":3870}},{"type":"Feature","geometry":{"type":"LineString","coordinates":[[-4.27143,55.85391],[-4.27145,55.85397]]},"properties":{"c":0,"n":3870}},{"type":"Feature","geometry":{"type":"LineString","coordinates":[[-4.27362,55.85457],[-4.27376,55.85456]]},"properties":{"c":76,"n":5649}},{"type":"Feature","geometry":{"type":"LineString","coordinates":[[-4.27311,55.85461],[-4.27327,55.8546]]},"properties":{"c":0,"n":3870}},{"type":"Feature","geometry":{"type":"LineString","coordinates":[[-4.27327,55.8546],[-4.27362,55.85457]]},"properties":{"c":76,"n":5649}},{"type":"Feature","geometry":{"type":"LineString","coordinates":[[-4.27212,55.85392],[-4.27243,55.8539]]},"properties":{"c":0,"n":3870}},{"type":"Feature","geometry":{"type":"LineString","coordinates":[[-4.27406,55.85454],[-4.27433,55.85452]]},"properties":{"c":76,"n":5649}},{"type":"Feature","geometry":{"type":"LineString","coordinates":[[-4.27376,55.85456],[-4.27381,55.85456]]},"properties":{"c":76,"n":5649}},{"type":"Feature","geometry":{"type":"LineString","coordinates":[[-4.27141,55.85384],[-4.27143,55.85391]]},"properties":{"c":0,"n":3870}},{"type":"Feature","geometry":{"type":"LineString","coordinates":[[-4.27381,55.85456],[-4.27406,55.85454]]},"properties":{"c":76,"n":5649}},{"type":"Feature","geometry":{"type":"LineString","coordinates":[[-4.27433,55.85452],[-4.27456,55.85451]]},"properties":{"c":76,"n":5649}},{"type":"Feature","geometry":{"type":"LineString","coordinates":[[-4.27456,55.85451],[-4.27482,55.85449]]},"properties":{"c":76,"n":5649}},{"type":"Feature","geometry":{"type":"LineString","coordinates":[[-4.27145,55.85397],[-4.27212,55.85392]]},"properties":{"c":0,"n":3870}},{"type":"Feature","geometry":{"type":"LineString","coordinates":[[-4.2012,55.84835],[-4.20069,55.84876]]},"properties":{"c":0,"n":2328}},{"type":"Feature","geometry":{"type":"LineString","coordinates":[[-4.25505,55.85792],[-4.25494,55.85783],[-4.25532,55.85679]]},"properties":{"c":1375,"n":28860}},{"type":"Feature","geometry":{"type":"LineString","coordinates":[[-4.26786,55.87091],[-4.26863,55.87114],[-4.2689,55.87117]]},"properties":{"c":2264,"n":7389}},{"type":"Feature","geometry":{"type":"LineString","coordinates":[[-4.26595,55.87101],[-4.26669,55.87124]]},"properties":{"c":2610,"n":6968}},{"type":"Feature","geometry":{"type":"LineString","coordinates":[[-4.26308,55.87144],[-4.26443,55.87167]]},"properties":{"c":346,"n":1416}},{"type":"Feature","geometry":{"type":"LineString","coordinates":[[-4.26514,55.87175],[-4.26548,55.87171],[-4.26595,55.87101]]},"properties":{"c":346,"n":1416}},{"type":"Feature","geometry":{"type":"LineString","coordinates":[[-4.26739,55.87137],[-4.26786,55.87091]]},"properties":{"c":2977,"n":9607}},{"type":"Feature","geometry":{"type":"LineString","coordinates":[[-4.26109,55.87094],[-4.26139,55.87084],[-4.2616,55.87085],[-4.26321,55.87118],[-4.26308,55.87144]]},"properties":{"c":1569,"n":10182}},{"type":"Feature","geometry":{"type":"LineString","coordinates":[[-4.26443,55.87167],[-4.26514,55.87175]]},"properties":{"c":346,"n":1416}},{"type":"Feature","geometry":{"type":"LineString","coordinates":[[-4.26669,55.87124],[-4.26739,55.87137]]},"properties":{"c":2610,"n":6968}},{"type":"Feature","geometry":{"type":"LineString","coordinates":[[-4.2689,55.87117],[-4.2689,55.87128]]},"properties":{"c":5547,"n":24895}},{"type":"Feature","geometry":{"type":"LineString","coordinates":[[-4.23923,55.87382],[-4.23909,55.87425]]},"properties":{"c":0,"n":409}},{"type":"Feature","geometry":{"type":"LineString","coordinates":[[-4.24242,55.87806],[-4.24175,55.87846]]},"properties":{"c":0,"n":3416}},{"type":"Feature","geometry":{"type":"LineString","coordinates":[[-4.23894,55.87469],[-4.23889,55.87482]]},"properties":{"c":0,"n":409}},{"type":"Feature","geometry":{"type":"LineString","coordinates":[[-4.23856,55.87251],[-4.23928,55.8736],[-4.23923,55.87382]]},"properties":{"c":0,"n":409}},{"type":"Feature","geometry":{"type":"LineString","coordinates":[[-4.2403,55.87112],[-4.24021,55.87114]]},"properties":{"c":0,"n":22}},{"type":"Feature","geometry":{"type":"LineString","coordinates":[[-4.24021,55.87114],[-4.24064,55.87177],[-4.24066,55.87196]]},"properties":{"c":0,"n":22}},{"type":"Feature","geometry":{"type":"LineString","coordinates":[[-4.24066,55.87196],[-4.2407,55.87206]]},"properties":{"c":0,"n":22}},{"type":"Feature","geometry":{"type":"LineString","coordinates":[[-4.23889,55.87482],[-4.23881,55.87507]]},"properties":{"c":0,"n":409}},{"type":"Feature","geometry":{"type":"LineString","coordinates":[[-4.23808,55.8757],[-4.2394,55.87669],[-4.2418,55.87786]]},"properties":{"c":0,"n":668}},{"type":"Feature","geometry":{"type":"LineString","coordinates":[[-4.2407,55.87206],[-4.23856,55.87251]]},"properties":{"c":0,"n":409}},{"type":"Feature","geometry":{"type":"LineString","coordinates":[[-4.24175,55.87846],[-4.24228,55.87923]]},"properties":{"c":0,"n":2086}},{"type":"Feature","geometry":{"type":"LineString","coordinates":[[-4.24222,55.87799],[-4.24242,55.87806]]},"properties":{"c":0,"n":668}},{"type":"Feature","geometry":{"type":"LineString","coordinates":[[-4.23881,55.87507],[-4.23865,55.87544],[-4.23808,55.8757]]},"properties":{"c":0,"n":409}},{"type":"Feature","geometry":{"type":"LineString","coordinates":[[-4.24228,55.87923],[-4.2433,55.879]]},"properties":{"c":0,"n":2134}},{"type":"Feature","geometry":{"type":"LineString","coordinates":[[-4.2433,55.879],[-4.24272,55.87834]]},"properties":{"c":0,"n":2134}},{"type":"Feature","geometry":{"type":"LineString","coordinates":[[-4.23909,55.87425],[-4.23894,55.87469]]},"properties":{"c":0,"n":409}},{"type":"Feature","geometry":{"type":"LineString","coordinates":[[-4.2418,55.87786],[-4.24222,55.87799]]},"properties":{"c":0,"n":668}},{"type":"Feature","geometry":{"type":"LineString","coordinates":[[-4.21707,55.89051],[-4.21679,55.89052]]},"properties":{"c":0,"n":203}},{"type":"Feature","geometry":{"type":"LineString","coordinates":[[-4.21833,55.88773],[-4.21845,55.8883]]},"properties":{"c":0,"n":203}},{"type":"Feature","geometry":{"type":"LineString","coordinates":[[-4.21736,55.8905],[-4.21707,55.89051]]},"properties":{"c":0,"n":203}},{"type":"Feature","geometry":{"type":"LineString","coordinates":[[-4.22048,55.88551],[-4.21868,55.88573]]},"properties":{"c":0,"n":185}},{"type":"Feature","geometry":{"type":"LineString","coordinates":[[-4.22167,55.88303],[-4.22167,55.88371]]},"properties":{"c":0,"n":185}},{"type":"Feature","geometry":{"type":"LineString","coordinates":[[-4.21845,55.8883],[-4.2184,55.88904]]},"properties":{"c":0,"n":203}},{"type":"Feature","geometry":{"type":"LineString","coordinates":[[-4.2244,55.88263],[-4.22426,55.88277]]},"properties":{"c":0,"n":185}},{"type":"Feature","geometry":{"type":"LineString","coordinates":[[-4.21868,55.88573],[-4.21739,55.88593]]},"properties":{"c":0,"n":185}},{"type":"Feature","geometry":{"type":"LineString","coordinates":[[-4.2201,55.88441],[-4.2203,55.88497]]},"properties":{"c":0,"n":185}},{"type":"Feature","geometry":{"type":"LineString","coordinates":[[-4.22541,55.88282],[-4.22492,55.88275]]},"properties":{"c":0,"n":203}},{"type":"Feature","geometry":{"type":"LineString","coordinates":[[-4.21739,55.88593],[-4.21756,55.88614]]},"properties":{"c":0,"n":191}},{"type":"Feature","geometry":{"type":"LineString","coordinates":[[-4.22426,55.88277],[-4.22384,55.88319]]},"properties":{"c":0,"n":185}},{"type":"Feature","geometry":{"type":"LineString","coordinates":[[-4.22384,55.88319],[-4.22368,55.88335]]},"properties":{"c":0,"n":185}},{"type":"Feature","geometry":{"type":"LineString","coordinates":[[-4.21826,55.88751],[-4.21833,55.88773]]},"properties":{"c":0,"n":191}},{"type":"Feature","geometry":{"type":"LineString","coordinates":[[-4.21832,55.89014],[-4.21818,55.89021],[-4.21734,55.89032]]},"properties":{"c":0,"n":203}},{"type":"Feature","geometry":{"type":"LineString","coordinates":[[-4.22196,55.88307],[-4.22167,55.88303]]},"properties":{"c":0,"n":185}},{"type":"Feature","geometry":{"type":"LineString","coordinates":[[-4.22811,55.88225],[-4.22749,55.88246],[-4.22708,55.88268],[-4.22679,55.88296]]},"properties":{"c":0,"n":203}},{"type":"Feature","geometry":{"type":"LineString","coordinates":[[-4.22679,55.88296],[-4.22541,55.88282]]},"properties":{"c":0,"n":203}},{"type":"Feature","geometry":{"type":"LineString","coordinates":[[-4.21679,55.89052],[-4.21671,55.89052]]},"properties":{"c":0,"n":203}},{"type":"Feature","geometry":{"type":"LineString","coordinates":[[-4.22492,55.88275],[-4.2244,55.88263]]},"properties":{"c":0,"n":203}},{"type":"Feature","geometry":{"type":"LineString","coordinates":[[-4.2203,55.88497],[-4.22048,55.88551]]},"properties":{"c":0,"n":185}},{"type":"Feature","geometry":{"type":"LineString","coordinates":[[-4.21987,55.88365],[-4.2201,55.88441]]},"properties":{"c":0,"n":185}},{"type":"Feature","geometry":{"type":"LineString","coordinates":[[-4.2184,55.88904],[-4.21832,55.89014]]},"properties":{"c":0,"n":203}},{"type":"Feature","geometry":{"type":"LineString","coordinates":[[-4.22368,55.88335],[-4.22325,55.88323],[-4.22196,55.88307]]},"properties":{"c":0,"n":185}},{"type":"Feature","geometry":{"type":"LineString","coordinates":[[-4.21734,55.89032],[-4.21736,55.8905]]},"properties":{"c":0,"n":203}},{"type":"Feature","geometry":{"type":"LineString","coordinates":[[-4.23025,55.88217],[-4.22895,55.88206],[-4.22811,55.88225]]},"properties":{"c":0,"n":203}},{"type":"Feature","geometry":{"type":"LineString","coordinates":[[-4.22167,55.88371],[-4.21987,55.88365]]},"properties":{"c":0,"n":185}},{"type":"Feature","geometry":{"type":"LineString","coordinates":[[-4.21756,55.88614],[-4.21826,55.88751]]},"properties":{"c":0,"n":191}},{"type":"Feature","geometry":{"type":"LineString","coordinates":[[-4.26082,55.87215],[-4.26116,55.87331]]},"properties":{"c":1973,"n":19661}},{"type":"Feature","geometry":{"type":"LineString","coordinates":[[-4.26116,55.87331],[-4.26135,55.87402],[-4.26151,55.87428]]},"properties":{"c":0,"n":3462}},{"type":"Feature","geometry":{"type":"LineString","coordinates":[[-4.26093,55.87214],[-4.26082,55.87215]]},"properties":{"c":0,"n":10}},{"type":"Feature","geometry":{"type":"LineString","coordinates":[[-4.3417,55.86308],[-4.34171,55.86297]]},"properties":{"c":1274,"n":3342}},{"type":"Feature","geometry":{"type":"LineString","coordinates":[[-4.29187,55.8728],[-4.29191,55.8726]]},"properties":{"c":2706,"n":34351}},{"type":"Feature","geometry":{"type":"LineString","coordinates":[[-4.29191,55.8726],[-4.29141,55.87259]]},"properties":{"c":4010,"n":56403}},{"type":"Feature","geometry":{"type":"LineString","coordinates":[[-4.23982,55.86033],[-4.24153,55.86054]]},"properties":{"c":13548,"n":27565}},{"type":"Feature","geometry":{"type":"LineString","coordinates":[[-4.26044,55.86041],[-4.26195,55.86055]]},"properties":{"c":5825,"n":3411}},{"type":"Feature","geometry":{"type":"LineString","coordinates":[[-4.26341,55.86068],[-4.26394,55.86072]]},"properties":{"c":6571,"n":4769}},{"type":"Feature","geometry":{"type":"LineString","coordinates":[[-4.26394,55.86072],[-4.2649,55.86081]]},"properties":{"c":6571,"n":4769}},{"type":"Feature","geometry":{"type":"LineString","coordinates":[[-4.25977,55.86032],[-4.26044,55.86041]]},"properties":{"c":3883,"n":12247}},{"type":"Feature","geometry":{"type":"LineString","coordinates":[[-4.26195,55.86055],[-4.26341,55.86068]]},"properties":{"c":5825,"n":3538}},{"type":"Feature","geometry":{"type":"LineString","coordinates":[[-4.33038,55.87268],[-4.33008,55.87324]]},"properties":{"c":0,"n":3603}},{"type":"Feature","geometry":{"type":"LineString","coordinates":[[-4.33185,55.87361],[-4.33149,55.87421]]},"properties":{"c":0,"n":3693}},{"type":"Feature","geometry":{"type":"LineString","coordinates":[[-4.33008,55.87324],[-4.33185,55.87361]]},"properties":{"c":0,"n":3603}},{"type":"Feature","geometry":{"type":"LineString","coordinates":[[-4.33149,55.87421],[-4.33373,55.87467]]},"properties":{"c":0,"n":3693}},{"type":"Feature","geometry":{"type":"LineString","coordinates":[[-4.26532,55.87328],[-4.26766,55.87395]]},"properties":{"c":1223,"n":10859}},{"type":"Feature","geometry":{"type":"LineString","coordinates":[[-4.26308,55.87144],[-4.26286,55.87188]]},"properties":{"c":1223,"n":8766}},{"type":"Feature","geometry":{"type":"LineString","coordinates":[[-4.26445,55.87295],[-4.26532,55.87328]]},"properties":{"c":1223,"n":8766}},{"type":"Feature","geometry":{"type":"LineString","coordinates":[[-4.26766,55.87395],[-4.26837,55.87413],[-4.26948,55.87459]]},"properties":{"c":1223,"n":10859}},{"type":"Feature","geometry":{"type":"LineString","coordinates":[[-4.26948,55.87459],[-4.27062,55.87505]]},"properties":{"c":1223,"n":10859}},{"type":"Feature","geometry":{"type":"LineString","coordinates":[[-4.26286,55.87188],[-4.26273,55.87216]]},"properties":{"c":1223,"n":8766}},{"type":"Feature","geometry":{"type":"LineString","coordinates":[[-4.26273,55.87216],[-4.26276,55.87229],[-4.26312,55.87237]]},"properties":{"c":1223,"n":8766}},{"type":"Feature","geometry":{"type":"LineString","coordinates":[[-4.26397,55.87251],[-4.26445,55.87295]]},"properties":{"c":1223,"n":8766}},{"type":"Feature","geometry":{"type":"LineString","coordinates":[[-4.26312,55.87237],[-4.26397,55.87251]]},"properties":{"c":1223,"n":8766}},{"type":"Feature","geometry":{"type":"LineString","coordinates":[[-4.29222,55.86418],[-4.29241,55.86416]]},"properties":{"c":0,"n":8984}},{"type":"Feature","geometry":{"type":"LineString","coordinates":[[-4.28573,55.8652],[-4.28591,55.86507],[-4.28639,55.86501]]},"properties":{"c":0,"n":7573}},{"type":"Feature","geometry":{"type":"LineString","coordinates":[[-4.29241,55.86416],[-4.29309,55.86409]]},"properties":{"c":0,"n":8984}},{"type":"Feature","geometry":{"type":"LineString","coordinates":[[-4.2877,55.86485],[-4.28815,55.86479]]},"properties":{"c":0,"n":8984}},{"type":"Feature","geometry":{"type":"LineString","coordinates":[[-4.28692,55.86494],[-4.28713,55.86492]]},"properties":{"c":0,"n":8984}},{"type":"Feature","geometry":{"type":"LineString","coordinates":[[-4.29169,55.86426],[-4.29222,55.86418]]},"properties":{"c":0,"n":8984}},{"type":"Feature","geometry":{"type":"LineString","coordinates":[[-4.28872,55.86471],[-4.28993,55.86454]]},"properties":{"c":0,"n":8984}},{"type":"Feature","geometry":{"type":"LineString","coordinates":[[-4.29027,55.8645],[-4.29097,55.86436]]},"properties":{"c":0,"n":8984}},{"type":"Feature","geometry":{"type":"LineString","coordinates":[[-4.28815,55.86479],[-4.28824,55.86478]]},"properties":{"c":0,"n":8984}},{"type":"Feature","geometry":{"type":"LineString","coordinates":[[-4.28713,55.86492],[-4.2877,55.86485]]},"properties":{"c":0,"n":8984}},{"type":"Feature","geometry":{"type":"LineString","coordinates":[[-4.28639,55.86501],[-4.28692,55.86494]]},"properties":{"c":0,"n":7573}},{"type":"Feature","geometry":{"type":"LineString","coordinates":[[-4.29142,55.86429],[-4.29169,55.86426]]},"properties":{"c":0,"n":8984}},{"type":"Feature","geometry":{"type":"LineString","coordinates":[[-4.28824,55.86478],[-4.28872,55.86471]]},"properties":{"c":0,"n":8984}},{"type":"Feature","geometry":{"type":"LineString","coordinates":[[-4.28993,55.86454],[-4.29027,55.8645]]},"properties":{"c":0,"n":8984}},{"type":"Feature","geometry":{"type":"LineString","coordinates":[[-4.29097,55.86436],[-4.29142,55.86429]]},"properties":{"c":0,"n":8984}},{"type":"Feature","geometry":{"type":"LineString","coordinates":[[-4.25654,55.86191],[-4.25817,55.8621]]},"properties":{"c":56,"n":615}},{"type":"Feature","geometry":{"type":"LineString","coordinates":[[-4.27528,55.86306],[-4.27507,55.86232]]},"properties":{"c":1318,"n":5395}},{"type":"Feature","geometry":{"type":"LineString","coordinates":[[-4.26858,55.86285],[-4.26944,55.86287]]},"properties":{"c":6767,"n":14600}},{"type":"Feature","geometry":{"type":"LineString","coordinates":[[-4.26841,55.86283],[-4.26858,55.86285]]},"properties":{"c":12362,"n":29615}},{"type":"Feature","geometry":{"type":"LineString","coordinates":[[-4.27495,55.86184],[-4.27433,55.86166]]},"properties":{"c":10133,"n":46005}},{"type":"Feature","geometry":{"type":"LineString","coordinates":[[-4.26743,55.86271],[-4.26841,55.86283]]},"properties":{"c":12620,"n":30514}},{"type":"Feature","geometry":{"type":"LineString","coordinates":[[-4.26139,55.86203],[-4.26284,55.8622]]},"properties":{"c":6163,"n":14479}},{"type":"Feature","geometry":{"type":"LineString","coordinates":[[-4.27227,55.86311],[-4.27528,55.86306]]},"properties":{"c":8026,"n":22380}},{"type":"Feature","geometry":{"type":"LineString","coordinates":[[-4.27503,55.8622],[-4.27495,55.86184]]},"properties":{"c":1318,"n":6122}},{"type":"Feature","geometry":{"type":"LineString","coordinates":[[-4.25992,55.86187],[-4.26139,55.86203]]},"properties":{"c":6163,"n":14479}},{"type":"Feature","geometry":{"type":"LineString","coordinates":[[-4.26585,55.86254],[-4.26743,55.86271]]},"properties":{"c":12620,"n":30514}},{"type":"Feature","geometry":{"type":"LineString","coordinates":[[-4.26433,55.86237],[-4.26576,55.86253]]},"properties":{"c":6163,"n":14479}},{"type":"Feature","geometry":{"type":"LineString","coordinates":[[-4.25817,55.8621],[-4.25976,55.86228]]},"properties":{"c":2754,"n":4652}},{"type":"Feature","geometry":{"type":"LineString","coordinates":[[-4.27013,55.86293],[-4.27082,55.863]]},"properties":{"c":7181,"n":16138}},{"type":"Feature","geometry":{"type":"LineString","coordinates":[[-4.25976,55.86228],[-4.25992,55.86187]]},"properties":{"c":267,"n":4111}},{"type":"Feature","geometry":{"type":"LineString","coordinates":[[-4.26576,55.86253],[-4.26585,55.86254]]},"properties":{"c":9995,"n":26076}},{"type":"Feature","geometry":{"type":"LineString","coordinates":[[-4.27082,55.863],[-4.27227,55.86311]]},"properties":{"c":4666,"n":12062}},{"type":"Feature","geometry":{"type":"LineString","coordinates":[[-4.26944,55.86287],[-4.27013,55.86293]]},"properties":{"c":6767,"n":14561}},{"type":"Feature","geometry":{"type":"LineString","coordinates":[[-4.27507,55.86232],[-4.27503,55.8622]]},"properties":{"c":1318,"n":5395}},{"type":"Feature","geometry":{"type":"LineString","coordinates":[[-4.26284,55.8622],[-4.26433,55.86237]]},"properties":{"c":6163,"n":14479}},{"type":"Feature","geometry":{"type":"LineString","coordinates":[[-4.22117,55.87099],[-4.22259,55.87074]]},"properties":{"c":228,"n":2141}},{"type":"Feature","geometry":{"type":"LineString","coordinates":[[-4.23258,55.86908],[-4.23349,55.86892]]},"properties":{"c":228,"n":2141}},{"type":"Feature","geometry":{"type":"LineString","coordinates":[[-4.22259,55.87074],[-4.2243,55.87054]]},"properties":{"c":228,"n":2141}},{"type":"Feature","geometry":{"type":"LineString","coordinates":[[-4.23134,55.86931],[-4.23252,55.86909]]},"properties":{"c":228,"n":2141}},{"type":"Feature","geometry":{"type":"LineString","coordinates":[[-4.22508,55.87046],[-4.22638,55.87025]]},"properties":{"c":228,"n":2141}},{"type":"Feature","geometry":{"type":"LineString","coordinates":[[-4.22808,55.86993],[-4.22824,55.8699]]},"properties":{"c":228,"n":2141}},{"type":"Feature","geometry":{"type":"LineString","coordinates":[[-4.22965,55.86963],[-4.22997,55.86957]]},"properties":{"c":228,"n":2141}},{"type":"Feature","geometry":{"type":"LineString","coordinates":[[-4.2243,55.87054],[-4.22508,55.87046]]},"properties":{"c":228,"n":2141}},{"type":"Feature","geometry":{"type":"LineString","coordinates":[[-4.21361,55.86621],[-4.21473,55.86658],[-4.21632,55.8673],[-4.21721,55.86791],[-4.21758,55.86843]]},"properties":{"c":228,"n":2159}},{"type":"Feature","geometry":{"type":"LineString","coordinates":[[-4.21994,55.87136],[-4.22067,55.87113]]},"properties":{"c":228,"n":2141}},{"type":"Feature","geometry":{"type":"LineString","coordinates":[[-4.21817,55.87051],[-4.21917,55.87085]]},"properties":{"c":228,"n":2159}},{"type":"Feature","geometry":{"type":"LineString","coordinates":[[-4.22824,55.8699],[-4.22883,55.86979]]},"properties":{"c":228,"n":2141}},{"type":"Feature","geometry":{"type":"LineString","coordinates":[[-4.21228,55.86549],[-4.21279,55.86584],[-4.21361,55.86621]]},"properties":{"c":228,"n":2159}},{"type":"Feature","geometry":{"type":"LineString","coordinates":[[-4.23349,55.86892],[-4.23365,55.8689]]},"properties":{"c":228,"n":2381}},{"type":"Feature","geometry":{"type":"LineString","coordinates":[[-4.21758,55.86843],[-4.21787,55.86914],[-4.21798,55.87007],[-4.21817,55.87051]]},"properties":{"c":228,"n":2159}},{"type":"Feature","geometry":{"type":"LineString","coordinates":[[-4.21917,55.87085],[-4.2195,55.87104]]},"properties":{"c":228,"n":2159}},{"type":"Feature","geometry":{"type":"LineString","coordinates":[[-4.22638,55.87025],[-4.22808,55.86993]]},"properties":{"c":228,"n":2141}},{"type":"Feature","geometry":{"type":"LineString","coordinates":[[-4.22067,55.87113],[-4.22117,55.87099]]},"properties":{"c":228,"n":2141}},{"type":"Feature","geometry":{"type":"LineString","coordinates":[[-4.23097,55.86938],[-4.23134,55.86931]]},"properties":{"c":228,"n":2141}},{"type":"Feature","geometry":{"type":"LineString","coordinates":[[-4.23252,55.86909],[-4.23258,55.86908]]},"properties":{"c":228,"n":2141}},{"type":"Feature","geometry":{"type":"LineString","coordinates":[[-4.2195,55.87104],[-4.21994,55.87136]]},"properties":{"c":228,"n":2159}},{"type":"Feature","geometry":{"type":"LineString","coordinates":[[-4.22883,55.86979],[-4.22965,55.86963]]},"properties":{"c":228,"n":2141}},{"type":"Feature","geometry":{"type":"LineString","coordinates":[[-4.22997,55.86957],[-4.23097,55.86938]]},"properties":{"c":228,"n":2141}},{"type":"Feature","geometry":{"type":"LineString","coordinates":[[-4.23365,55.8689],[-4.23442,55.86881]]},"properties":{"c":228,"n":2381}},{"type":"Feature","geometry":{"type":"LineString","coordinates":[[-4.21489,55.85841],[-4.21649,55.85847]]},"properties":{"c":2030,"n":19378}},{"type":"Feature","geometry":{"type":"LineString","coordinates":[[-4.23716,55.85998],[-4.2379,55.86008]]},"properties":{"c":13729,"n":39684}},{"type":"Feature","geometry":{"type":"LineString","coordinates":[[-4.21092,55.86306],[-4.21104,55.86171]]},"properties":{"c":24,"n":8442}},{"type":"Feature","geometry":{"type":"LineString","coordinates":[[-4.2379,55.86008],[-4.2384,55.86014]]},"properties":{"c":13729,"n":39684}},{"type":"Feature","geometry":{"type":"LineString","coordinates":[[-4.22308,55.85829],[-4.22383,55.85826]]},"properties":{"c":2443,"n":19657}},{"type":"Feature","geometry":{"type":"LineString","coordinates":[[-4.22422,55.85825],[-4.22559,55.85838]]},"properties":{"c":14086,"n":39648}},{"type":"Feature","geometry":{"type":"LineString","coordinates":[[-4.22893,55.85884],[-4.2303,55.85905]]},"properties":{"c":14086,"n":40789}},{"type":"Feature","geometry":{"type":"LineString","coordinates":[[-4.22559,55.85838],[-4.22613,55.85845]]},"properties":{"c":14086,"n":39648}},{"type":"Feature","geometry":{"type":"LineString","coordinates":[[-4.2112,55.86098],[-4.21143,55.86037],[-4.21204,55.85951],[-4.21262,55.85897],[-4.21351,55.85835]]},"properties":{"c":24,"n":9059}},{"type":"Feature","geometry":{"type":"LineString","coordinates":[[-4.2309,55.85914],[-4.23276,55.8594]]},"properties":{"c":14212,"n":41958}},{"type":"Feature","geometry":{"type":"LineString","coordinates":[[-4.22613,55.85845],[-4.22759,55.85864]]},"properties":{"c":14086,"n":39648}},{"type":"Feature","geometry":{"type":"LineString","coordinates":[[-4.22383,55.85826],[-4.22416,55.85825]]},"properties":{"c":2443,"n":19657}},{"type":"Feature","geometry":{"type":"LineString","coordinates":[[-4.2384,55.86014],[-4.23982,55.86033]]},"properties":{"c":13729,"n":39684}},{"type":"Feature","geometry":{"type":"LineString","coordinates":[[-4.22179,55.85832],[-4.22308,55.85829]]},"properties":{"c":2443,"n":19657}},{"type":"Feature","geometry":{"type":"LineString","coordinates":[[-4.21427,55.85838],[-4.21489,55.85841]]},"properties":{"c":2030,"n":19378}},{"type":"Feature","geometry":{"type":"LineString","coordinates":[[-4.23381,55.85953],[-4.23485,55.85967]]},"properties":{"c":13729,"n":39684}},{"type":"Feature","geometry":{"type":"LineString","coordinates":[[-4.23485,55.85967],[-4.23716,55.85998]]},"properties":{"c":13729,"n":39684}},{"type":"Feature","geometry":{"type":"LineString","coordinates":[[-4.22759,55.85864],[-4.22893,55.85884]]},"properties":{"c":14086,"n":39648}},{"type":"Feature","geometry":{"type":"LineString","coordinates":[[-4.2303,55.85905],[-4.2309,55.85914]]},"properties":{"c":14086,"n":40789}},{"type":"Feature","geometry":{"type":"LineString","coordinates":[[-4.21104,55.86171],[-4.2112,55.86098]]},"properties":{"c":24,"n":9059}},{"type":"Feature","geometry":{"type":"LineString","coordinates":[[-4.23276,55.8594],[-4.23381,55.85953]]},"properties":{"c":14294,"n":44077}},{"type":"Feature","geometry":{"type":"LineString","coordinates":[[-4.2197,55.84449],[-4.22017,55.84429]]},"properties":{"c":0,"n":1013}},{"type":"Feature","geometry":{"type":"LineString","coordinates":[[-4.26087,55.8279],[-4.26164,55.8279]]},"properties":{"c":1301,"n":8685}},{"type":"Feature","geometry":{"type":"LineString","coordinates":[[-4.2162,55.84887],[-4.21623,55.84882]]},"properties":{"c":0,"n":880}},{"type":"Feature","geometry":{"type":"LineString","coordinates":[[-4.25938,55.82796],[-4.26087,55.8279]]},"properties":{"c":1301,"n":8685}},{"type":"Feature","geometry":{"type":"LineString","coordinates":[[-4.23465,55.83804],[-4.23552,55.83805]]},"properties":{"c":0,"n":1042}},{"type":"Feature","geometry":{"type":"LineString","coordinates":[[-4.23122,55.8382],[-4.23169,55.83814]]},"properties":{"c":0,"n":1042}},{"type":"Feature","geometry":{"type":"LineString","coordinates":[[-4.23041,55.83882],[-4.23122,55.8382]]},"properties":{"c":0,"n":1042}},{"type":"Feature","geometry":{"type":"LineString","coordinates":[[-4.26187,55.8279],[-4.26202,55.82789]]},"properties":{"c":463,"n":2606}},{"type":"Feature","geometry":{"type":"LineString","coordinates":[[-4.22687,55.84128],[-4.22704,55.84117]]},"properties":{"c":0,"n":1920}},{"type":"Feature","geometry":{"type":"LineString","coordinates":[[-4.21444,55.85546],[-4.21473,55.85498]]},"properties":{"c":0,"n":1646}},{"type":"Feature","geometry":{"type":"LineString","coordinates":[[-4.22641,55.8418],[-4.22645,55.84172]]},"properties":{"c":0,"n":1920}},{"type":"Feature","geometry":{"type":"LineString","coordinates":[[-4.22823,55.84037],[-4.22835,55.8403]]},"properties":{"c":0,"n":1920}},{"type":"Feature","geometry":{"type":"LineString","coordinates":[[-4.26338,55.8278],[-4.26407,55.82774]]},"properties":{"c":463,"n":2606}},{"type":"Feature","geometry":{"type":"LineString","coordinates":[[-4.22835,55.8403],[-4.22846,55.84022]]},"properties":{"c":0,"n":1920}},{"type":"Feature","geometry":{"type":"LineString","coordinates":[[-4.21654,55.84764],[-4.21665,55.84716]]},"properties":{"c":0,"n":880}},{"type":"Feature","geometry":{"type":"LineString","coordinates":[[-4.21473,55.85498],[-4.21498,55.85421]]},"properties":{"c":0,"n":886}},{"type":"Feature","geometry":{"type":"LineString","coordinates":[[-4.26407,55.82774],[-4.2646,55.82766]]},"properties":{"c":463,"n":2606}},{"type":"Feature","geometry":{"type":"LineString","coordinates":[[-4.22258,55.84273],[-4.22258,55.84261]]},"properties":{"c":0,"n":916}},{"type":"Feature","geometry":{"type":"LineString","coordinates":[[-4.21623,55.84882],[-4.21654,55.84764]]},"properties":{"c":0,"n":880}},{"type":"Feature","geometry":{"type":"LineString","coordinates":[[-4.23552,55.83805],[-4.23593,55.83804]]},"properties":{"c":0,"n":1920}},{"type":"Feature","geometry":{"type":"LineString","coordinates":[[-4.23803,55.83819],[-4.23846,55.83823],[-4.23896,55.83839]]},"properties":{"c":0,"n":1042}},{"type":"Feature","geometry":{"type":"LineString","coordinates":[[-4.22258,55.84261],[-4.22309,55.84261]]},"properties":{"c":979,"n":3833}},{"type":"Feature","geometry":{"type":"LineString","coordinates":[[-4.22134,55.84369],[-4.22215,55.84316]]},"properties":{"c":0,"n":1013}},{"type":"Feature","geometry":{"type":"LineString","coordinates":[[-4.22309,55.84261],[-4.22507,55.84261],[-4.22553,55.84252],[-4.22582,55.84239]]},"properties":{"c":979,"n":3833}},{"type":"Feature","geometry":{"type":"LineString","coordinates":[[-4.23593,55.83804],[-4.23679,55.83803],[-4.23763,55.83811]]},"properties":{"c":0,"n":1920}},{"type":"Feature","geometry":{"type":"LineString","coordinates":[[-4.22992,55.83918],[-4.23041,55.83882]]},"properties":{"c":0,"n":1920}},{"type":"Feature","geometry":{"type":"LineString","coordinates":[[-4.22215,55.84316],[-4.22228,55.84303]]},"properties":{"c":0,"n":127}},{"type":"Feature","geometry":{"type":"LineString","coordinates":[[-4.22846,55.84022],[-4.22992,55.83918]]},"properties":{"c":0,"n":1920}},{"type":"Feature","geometry":{"type":"LineString","coordinates":[[-4.22228,55.84303],[-4.22258,55.84273]]},"properties":{"c":0,"n":127}},{"type":"Feature","geometry":{"type":"LineString","coordinates":[[-4.2646,55.82766],[-4.26493,55.82788],[-4.26551,55.82803]]},"properties":{"c":463,"n":1154}},{"type":"Feature","geometry":{"type":"LineString","coordinates":[[-4.2259,55.84233],[-4.22641,55.8418]]},"properties":{"c":0,"n":1042}},{"type":"Feature","geometry":{"type":"LineString","coordinates":[[-4.26202,55.82789],[-4.26278,55.82784]]},"properties":{"c":463,"n":2606}},{"type":"Feature","geometry":{"type":"LineString","coordinates":[[-4.26278,55.82784],[-4.26338,55.8278]]},"properties":{"c":463,"n":2606}},{"type":"Feature","geometry":{"type":"LineString","coordinates":[[-4.23896,55.83839],[-4.23943,55.83847],[-4.23979,55.83839]]},"properties":{"c":0,"n":1042}},{"type":"Feature","geometry":{"type":"LineString","coordinates":[[-4.26164,55.8279],[-4.26187,55.8279]]},"properties":{"c":463,"n":2606}},{"type":"Feature","geometry":{"type":"LineString","coordinates":[[-4.23763,55.83811],[-4.23803,55.83819]]},"properties":{"c":0,"n":1920}},{"type":"Feature","geometry":{"type":"LineString","coordinates":[[-4.22017,55.84429],[-4.22134,55.84369]]},"properties":{"c":0,"n":1013}},{"type":"Feature","geometry":{"type":"LineString","coordinates":[[-4.23169,55.83814],[-4.23307,55.83811]]},"properties":{"c":0,"n":1042}},{"type":"Feature","geometry":{"type":"LineString","coordinates":[[-4.22645,55.84172],[-4.22687,55.84128]]},"properties":{"c":0,"n":1920}},{"type":"Feature","geometry":{"type":"LineString","coordinates":[[-4.22582,55.84239],[-4.2259,55.84233]]},"properties":{"c":979,"n":3833}},{"type":"Feature","geometry":{"type":"LineString","coordinates":[[-4.21665,55.84716],[-4.21686,55.84635],[-4.21717,55.84592],[-4.21838,55.84515],[-4.2197,55.84449]]},"properties":{"c":0,"n":880}},{"type":"Feature","geometry":{"type":"LineString","coordinates":[[-4.23307,55.83811],[-4.23465,55.83804]]},"properties":{"c":0,"n":1042}},{"type":"Feature","geometry":{"type":"LineString","coordinates":[[-4.22704,55.84117],[-4.22823,55.84037]]},"properties":{"c":0,"n":1920}},{"type":"Feature","geometry":{"type":"LineString","coordinates":[[-4.21851,55.85169],[-4.21858,55.85168]]},"properties":{"c":0,"n":1105}},{"type":"Feature","geometry":{"type":"LineString","coordinates":[[-4.21776,55.85185],[-4.21793,55.85182]]},"properties":{"c":0,"n":1105}},{"type":"Feature","geometry":{"type":"LineString","coordinates":[[-4.21919,55.85155],[-4.21951,55.85149]]},"properties":{"c":0,"n":1105}},{"type":"Feature","geometry":{"type":"LineString","coordinates":[[-4.21711,55.85271],[-4.21716,55.85244]]},"properties":{"c":0,"n":1105}},{"type":"Feature","geometry":{"type":"LineString","coordinates":[[-4.22459,55.85042],[-4.22485,55.85037]]},"properties":{"c":0,"n":1105}},{"type":"Feature","geometry":{"type":"LineString","coordinates":[[-4.2216,55.85105],[-4.22273,55.85081]]},"properties":{"c":0,"n":1105}},{"type":"Feature","geometry":{"type":"LineString","coordinates":[[-4.2171,55.85276],[-4.21711,55.85271]]},"properties":{"c":0,"n":1105}},{"type":"Feature","geometry":{"type":"LineString","coordinates":[[-4.21793,55.85182],[-4.21851,55.85169]]},"properties":{"c":0,"n":1105}},{"type":"Feature","geometry":{"type":"LineString","coordinates":[[-4.22485,55.85037],[-4.22525,55.85029]]},"properties":{"c":0,"n":1105}},{"type":"Feature","geometry":{"type":"LineString","coordinates":[[-4.21716,55.85244],[-4.21718,55.85231],[-4.21699,55.85202],[-4.21776,55.85185]]},"properties":{"c":0,"n":1105}},{"type":"Feature","geometry":{"type":"LineString","coordinates":[[-4.22273,55.85081],[-4.22459,55.85042]]},"properties":{"c":0,"n":1105}},{"type":"Feature","geometry":{"type":"LineString","coordinates":[[-4.2153,55.85281],[-4.21585,55.85271],[-4.2171,55.85276]]},"properties":{"c":0,"n":1043}},{"type":"Feature","geometry":{"type":"LineString","coordinates":[[-4.21951,55.85149],[-4.22033,55.85132]]},"properties":{"c":0,"n":1105}},{"type":"Feature","geometry":{"type":"LineString","coordinates":[[-4.22033,55.85132],[-4.2216,55.85105]]},"properties":{"c":0,"n":1105}},{"type":"Feature","geometry":{"type":"LineString","coordinates":[[-4.22525,55.85029],[-4.22601,55.85016]]},"properties":{"c":0,"n":1105}},{"type":"Feature","geometry":{"type":"LineString","coordinates":[[-4.21858,55.85168],[-4.21919,55.85155]]},"properties":{"c":0,"n":1105}},{"type":"Feature","geometry":{"type":"LineString","coordinates":[[-4.25167,55.85613],[-4.25197,55.85615]]},"properties":{"c":6975,"n":11388}},{"type":"Feature","geometry":{"type":"LineString","coordinates":[[-4.24933,55.8564],[-4.24976,55.85633]]},"properties":{"c":4355,"n":7663}},{"type":"Feature","geometry":{"type":"LineString","coordinates":[[-4.25431,55.85658],[-4.25532,55.85679]]},"properties":{"c":16691,"n":20149}},{"type":"Feature","geometry":{"type":"LineString","coordinates":[[-4.24844,55.85616],[-4.24933,55.8564]]},"properties":{"c":4355,"n":10729}},{"type":"Feature","geometry":{"type":"LineString","coordinates":[[-4.25067,55.85599],[-4.25167,55.85613]]},"properties":{"c":6975,"n":11344}},{"type":"Feature","geometry":{"type":"LineString","coordinates":[[-4.24751,55.856],[-4.24778,55.85605]]},"properties":{"c":4355,"n":10729}},{"type":"Feature","geometry":{"type":"LineString","coordinates":[[-4.2468,55.85592],[-4.24751,55.856]]},"properties":{"c":4355,"n":10749}},{"type":"Feature","geometry":{"type":"LineString","coordinates":[[-4.25607,55.85602],[-4.25669,55.85619]]},"properties":{"c":12333,"n":21726}},{"type":"Feature","geometry":{"type":"LineString","coordinates":[[-4.25578,55.85642],[-4.25607,55.85602]]},"properties":{"c":17162,"n":21477}},{"type":"Feature","geometry":{"type":"LineString","coordinates":[[-4.25532,55.85679],[-4.25552,55.85682]]},"properties":{"c":17954,"n":31112}},{"type":"Feature","geometry":{"type":"LineString","coordinates":[[-4.25669,55.85619],[-4.25759,55.85632]]},"properties":{"c":6847,"n":10968}},{"type":"Feature","geometry":{"type":"LineString","coordinates":[[-4.24778,55.85605],[-4.24844,55.85616]]},"properties":{"c":4355,"n":10729}},{"type":"Feature","geometry":{"type":"LineString","coordinates":[[-4.25242,55.8563],[-4.25431,55.85658]]},"properties":{"c":16691,"n":20149}},{"type":"Feature","geometry":{"type":"LineString","coordinates":[[-4.25213,55.85621],[-4.25242,55.8563]]},"properties":{"c":16691,"n":20149}},{"type":"Feature","geometry":{"type":"LineString","coordinates":[[-4.2499,55.8559],[-4.25067,55.85599]]},"properties":{"c":6975,"n":11344}},{"type":"Feature","geometry":{"type":"LineString","coordinates":[[-4.25552,55.85682],[-4.25578,55.85642]]},"properties":{"c":17162,"n":21477}},{"type":"Feature","geometry":{"type":"LineString","coordinates":[[-4.24976,55.85633],[-4.2499,55.8559]]},"properties":{"c":29990,"n":26359}},{"type":"Feature","geometry":{"type":"LineString","coordinates":[[-4.25197,55.85615],[-4.25213,55.85621]]},"properties":{"c":6975,"n":11344}},{"type":"Feature","geometry":{"type":"LineString","coordinates":[[-4.24853,55.86549],[-4.24889,55.86454]]},"properties":{"c":666,"n":5763}},{"type":"Feature","geometry":{"type":"LineString","coordinates":[[-4.24851,55.8656],[-4.24853,55.86549]]},"properties":{"c":175,"n":2781}},{"type":"Feature","geometry":{"type":"LineString","coordinates":[[-4.25466,55.84858],[-4.25481,55.8483]]},"properties":{"c":2034,"n":11115}},{"type":"Feature","geometry":{"type":"LineString","coordinates":[[-4.23562,55.85455],[-4.23592,55.85422]]},"properties":{"c":3998,"n":12024}},{"type":"Feature","geometry":{"type":"LineString","coordinates":[[-4.25427,55.84929],[-4.25442,55.849]]},"properties":{"c":2034,"n":11115}},{"type":"Feature","geometry":{"type":"LineString","coordinates":[[-4.25295,55.85001],[-4.2538,55.85023]]},"properties":{"c":1628,"n":13463}},{"type":"Feature","geometry":{"type":"LineString","coordinates":[[-4.23759,55.85311],[-4.23786,55.85299]]},"properties":{"c":4441,"n":13157}},{"type":"Feature","geometry":{"type":"LineString","coordinates":[[-4.23786,55.85299],[-4.238,55.85294]]},"properties":{"c":23085,"n":20921}},{"type":"Feature","geometry":{"type":"LineString","coordinates":[[-4.24106,55.85302],[-4.24164,55.85304]]},"properties":{"c":4441,"n":12533}},{"type":"Feature","geometry":{"type":"LineString","coordinates":[[-4.24164,55.85304],[-4.24282,55.85309]]},"properties":{"c":4441,"n":12533}},{"type":"Feature","geometry":{"type":"LineString","coordinates":[[-4.2549,55.84818],[-4.25531,55.84786]]},"properties":{"c":1607,"n":8573}},{"type":"Feature","geometry":{"type":"LineString","coordinates":[[-4.23533,55.85504],[-4.23542,55.85481]]},"properties":{"c":3998,"n":12024}},{"type":"Feature","geometry":{"type":"LineString","coordinates":[[-4.2538,55.85023],[-4.25427,55.84929]]},"properties":{"c":2034,"n":11115}},{"type":"Feature","geometry":{"type":"LineString","coordinates":[[-4.25213,55.84981],[-4.25295,55.85001]]},"properties":{"c":1628,"n":13463}},{"type":"Feature","geometry":{"type":"LineString","coordinates":[[-4.25481,55.8483],[-4.2549,55.84818]]},"properties":{"c":2034,"n":12167}},{"type":"Feature","geometry":{"type":"LineString","coordinates":[[-4.23813,55.85291],[-4.24075,55.85301]]},"properties":{"c":4441,"n":12252}},{"type":"Feature","geometry":{"type":"LineString","coordinates":[[-4.24282,55.85309],[-4.24476,55.85317]]},"properties":{"c":4441,"n":12533}},{"type":"Feature","geometry":{"type":"LineString","coordinates":[[-4.24489,55.85303],[-4.24504,55.85298]]},"properties":{"c":18564,"n":22721}},{"type":"Feature","geometry":{"type":"LineString","coordinates":[[-4.25197,55.84969],[-4.25213,55.84981]]},"properties":{"c":1628,"n":15905}},{"type":"Feature","geometry":{"type":"LineString","coordinates":[[-4.25442,55.849],[-4.25466,55.84858]]},"properties":{"c":2034,"n":11115}},{"type":"Feature","geometry":{"type":"LineString","coordinates":[[-4.24075,55.85301],[-4.24106,55.85302]]},"properties":{"c":4441,"n":12918}},{"type":"Feature","geometry":{"type":"LineString","coordinates":[[-4.23693,55.85348],[-4.2373,55.85326]]},"properties":{"c":4441,"n":13157}},{"type":"Feature","geometry":{"type":"LineString","coordinates":[[-4.238,55.85294],[-4.23813,55.85291]]},"properties":{"c":4441,"n":12571}},{"type":"Feature","geometry":{"type":"LineString","coordinates":[[-4.24504,55.85298],[-4.24508,55.85285]]},"properties":{"c":18564,"n":22721}},{"type":"Feature","geometry":{"type":"LineString","coordinates":[[-4.2364,55.85382],[-4.23693,55.85348]]},"properties":{"c":3998,"n":12024}},{"type":"Feature","geometry":{"type":"LineString","coordinates":[[-4.2373,55.85326],[-4.23759,55.85311]]},"properties":{"c":4441,"n":13157}},{"type":"Feature","geometry":{"type":"LineString","coordinates":[[-4.23542,55.85481],[-4.23562,55.85455]]},"properties":{"c":3998,"n":12024}},{"type":"Feature","geometry":{"type":"LineString","coordinates":[[-4.23592,55.85422],[-4.23612,55.85403]]},"properties":{"c":3998,"n":12024}},{"type":"Feature","geometry":{"type":"LineString","coordinates":[[-4.24476,55.85317],[-4.24489,55.85303]]},"properties":{"c":3335,"n":11791}},{"type":"Feature","geometry":{"type":"LineString","coordinates":[[-4.23612,55.85403],[-4.2364,55.85382]]},"properties":{"c":3998,"n":12024}},{"type":"Feature","geometry":{"type":"LineString","coordinates":[[-4.24508,55.85285],[-4.24588,55.85306],[-4.24633,55.85311],[-4.24671,55.85307],[-4.2469,55.85312]]},"properties":{"c":22660,"n":25948}},{"type":"Feature","geometry":{"type":"LineString","coordinates":[[-4.25491,55.85037],[-4.25482,55.85062]]},"properties":{"c":21,"n":2720}},{"type":"Feature","geometry":{"type":"LineString","coordinates":[[-4.25392,55.85025],[-4.25491,55.85037]]},"properties":{"c":21,"n":2841}},{"type":"Feature","geometry":{"type":"LineString","coordinates":[[-4.25482,55.85062],[-4.25459,55.85122]]},"properties":{"c":21,"n":2720}},{"type":"Feature","geometry":{"type":"LineString","coordinates":[[-4.2538,55.85023],[-4.25392,55.85025]]},"properties":{"c":212,"n":4030}},{"type":"Feature","geometry":{"type":"LineString","coordinates":[[-4.26097,55.86738],[-4.26243,55.86756]]},"properties":{"c":0,"n":1790}},{"type":"Feature","geometry":{"type":"LineString","coordinates":[[-4.2595,55.86725],[-4.26018,55.8673]]},"properties":{"c":0,"n":1790}},{"type":"Feature","geometry":{"type":"LineString","coordinates":[[-4.26543,55.86792],[-4.26696,55.86811]]},"properties":{"c":0,"n":999}},{"type":"Feature","geometry":{"type":"LineString","coordinates":[[-4.2723,55.86724],[-4.2764,55.86698]]},"properties":{"c":0,"n":999}},{"type":"Feature","geometry":{"type":"LineString","coordinates":[[-4.27022,55.86718],[-4.27002,55.86697]]},"properties":{"c":0,"n":999}},{"type":"Feature","geometry":{"type":"LineString","coordinates":[[-4.27002,55.86697],[-4.27061,55.86712],[-4.27176,55.86698],[-4.27209,55.86699]]},"properties":{"c":0,"n":1474}},{"type":"Feature","geometry":{"type":"LineString","coordinates":[[-4.2723,55.867],[-4.2723,55.86724]]},"properties":{"c":0,"n":999}},{"type":"Feature","geometry":{"type":"LineString","coordinates":[[-4.26243,55.86756],[-4.26388,55.86773]]},"properties":{"c":0,"n":999}},{"type":"Feature","geometry":{"type":"LineString","coordinates":[[-4.26388,55.86773],[-4.26543,55.86792]]},"properties":{"c":0,"n":999}},{"type":"Feature","geometry":{"type":"LineString","coordinates":[[-4.26018,55.8673],[-4.26097,55.86738]]},"properties":{"c":0,"n":1790}},{"type":"Feature","geometry":{"type":"LineString","coordinates":[[-4.25918,55.86729],[-4.2595,55.86725]]},"properties":{"c":0,"n":999}},{"type":"Feature","geometry":{"type":"LineString","coordinates":[[-4.26788,55.86821],[-4.2686,55.86828],[-4.26888,55.86822],[-4.26945,55.86786],[-4.27022,55.86718]]},"properties":{"c":0,"n":999}},{"type":"Feature","geometry":{"type":"LineString","coordinates":[[-4.26696,55.86811],[-4.26788,55.86821]]},"properties":{"c":0,"n":999}},{"type":"Feature","geometry":{"type":"LineString","coordinates":[[-4.27209,55.86699],[-4.2723,55.867]]},"properties":{"c":0,"n":1474}},{"type":"Feature","geometry":{"type":"LineString","coordinates":[[-4.20874,55.85293],[-4.2091,55.8512]]},"properties":{"c":0,"n":539}},{"type":"Feature","geometry":{"type":"LineString","coordinates":[[-4.20871,55.853],[-4.20874,55.85293]]},"properties":{"c":0,"n":539}},{"type":"Feature","geometry":{"type":"LineString","coordinates":[[-4.2091,55.8512],[-4.20963,55.84918],[-4.20971,55.84849]]},"properties":{"c":0,"n":539}},{"type":"Feature","geometry":{"type":"LineString","coordinates":[[-4.20971,55.84849],[-4.20973,55.84839]]},"properties":{"c":0,"n":539}},{"type":"Feature","geometry":{"type":"LineString","coordinates":[[-4.20857,55.85345],[-4.2086,55.85336]]},"properties":{"c":0,"n":349}},{"type":"Feature","geometry":{"type":"LineString","coordinates":[[-4.2086,55.85336],[-4.20871,55.853]]},"properties":{"c":0,"n":349}},{"type":"Feature","geometry":{"type":"LineString","coordinates":[[-4.25024,55.85759],[-4.25138,55.85773]]},"properties":{"c":11888,"n":24804}},{"type":"Feature","geometry":{"type":"LineString","coordinates":[[-4.25248,55.85842],[-4.25236,55.85875]]},"properties":{"c":7736,"n":11025}},{"type":"Feature","geometry":{"type":"LineString","coordinates":[[-4.25278,55.85791],[-4.25264,55.85799],[-4.25248,55.85842]]},"properties":{"c":7736,"n":11025}},{"type":"Feature","geometry":{"type":"LineString","coordinates":[[-4.25138,55.85773],[-4.2515,55.85774]]},"properties":{"c":19742,"n":30922}},{"type":"Feature","geometry":{"type":"LineString","coordinates":[[-4.25236,55.85875],[-4.25218,55.85925]]},"properties":{"c":7736,"n":11025}},{"type":"Feature","geometry":{"type":"LineString","coordinates":[[-4.2515,55.85774],[-4.25278,55.85791]]},"properties":{"c":13386,"n":26527}},{"type":"Feature","geometry":{"type":"LineString","coordinates":[[-4.2036,55.85782],[-4.20298,55.85783]]},"properties":{"c":0,"n":49}},{"type":"Feature","geometry":{"type":"LineString","coordinates":[[-4.2942,55.85704],[-4.29409,55.8572]]},"properties":{"c":6450,"n":1163}},{"type":"Feature","geometry":{"type":"LineString","coordinates":[[-4.27335,55.85679],[-4.27355,55.8568]]},"properties":{"c":8282,"n":11698}},{"type":"Feature","geometry":{"type":"LineString","coordinates":[[-4.26411,55.85688],[-4.26449,55.85692]]},"properties":{"c":3573,"n":7472}},{"type":"Feature","geometry":{"type":"LineString","coordinates":[[-4.26991,55.8567],[-4.27043,55.85669]]},"properties":{"c":3845,"n":15774}},{"type":"Feature","geometry":{"type":"LineString","coordinates":[[-4.27043,55.85669],[-4.27059,55.85669]]},"properties":{"c":3573,"n":6645}},{"type":"Feature","geometry":{"type":"LineString","coordinates":[[-4.26286,55.85676],[-4.26411,55.85688]]},"properties":{"c":3573,"n":5049}},{"type":"Feature","geometry":{"type":"LineString","coordinates":[[-4.28773,55.85656],[-4.2893,55.85675]]},"properties":{"c":13409,"n":10229}},{"type":"Feature","geometry":{"type":"LineString","coordinates":[[-4.27552,55.85707],[-4.27673,55.85719]]},"properties":{"c":16831,"n":16672}},{"type":"Feature","geometry":{"type":"LineString","coordinates":[[-4.26912,55.85675],[-4.26991,55.8567]]},"properties":{"c":3845,"n":15774}},{"type":"Feature","geometry":{"type":"LineString","coordinates":[[-4.29067,55.85678],[-4.291,55.85674]]},"properties":{"c":13022,"n":5132}},{"type":"Feature","geometry":{"type":"LineString","coordinates":[[-4.28144,55.85777],[-4.28163,55.85781]]},"properties":{"c":16831,"n":16672}},{"type":"Feature","geometry":{"type":"LineString","coordinates":[[-4.29238,55.85642],[-4.29244,55.85647],[-4.29296,55.85642]]},"properties":{"c":13022,"n":3161}},{"type":"Feature","geometry":{"type":"LineString","coordinates":[[-4.27355,55.8568],[-4.27395,55.85683]]},"properties":{"c":12505,"n":13765}},{"type":"Feature","geometry":{"type":"LineString","coordinates":[[-4.27193,55.85672],[-4.27335,55.85679]]},"properties":{"c":8282,"n":11698}},{"type":"Feature","geometry":{"type":"LineString","coordinates":[[-4.291,55.85674],[-4.29238,55.85642]]},"properties":{"c":13022,"n":5132}},{"type":"Feature","geometry":{"type":"LineString","coordinates":[[-4.26449,55.85692],[-4.26515,55.85688]]},"properties":{"c":7529,"n":12303}},{"type":"Feature","geometry":{"type":"LineString","coordinates":[[-4.29316,55.85665],[-4.29373,55.85677]]},"properties":{"c":6450,"n":1163}},{"type":"Feature","geometry":{"type":"LineString","coordinates":[[-4.27395,55.85683],[-4.27406,55.85685]]},"properties":{"c":16831,"n":16672}},{"type":"Feature","geometry":{"type":"LineString","coordinates":[[-4.26725,55.85674],[-4.26862,55.85674]]},"properties":{"c":8071,"n":12346}},{"type":"Feature","geometry":{"type":"LineString","coordinates":[[-4.27406,55.85685],[-4.27466,55.85694]]},"properties":{"c":16831,"n":16672}},{"type":"Feature","geometry":{"type":"LineString","coordinates":[[-4.27903,55.85739],[-4.28144,55.85777]]},"properties":{"c":16831,"n":16672}},{"type":"Feature","geometry":{"type":"LineString","coordinates":[[-4.26515,55.85688],[-4.26621,55.85681]]},"properties":{"c":8071,"n":12346}},{"type":"Feature","geometry":{"type":"LineString","coordinates":[[-4.27866,55.85736],[-4.27903,55.85739]]},"properties":{"c":16831,"n":16672}},{"type":"Feature","geometry":{"type":"LineString","coordinates":[[-4.28405,55.85666],[-4.28507,55.85625],[-4.28664,55.8565],[-4.28732,55.85651]]},"properties":{"c":11133,"n":16346}},{"type":"Feature","geometry":{"type":"LineString","coordinates":[[-4.2624,55.85671],[-4.26278,55.85675]]},"properties":{"c":3573,"n":5049}},{"type":"Feature","geometry":{"type":"LineString","coordinates":[[-4.29373,55.85677],[-4.29431,55.8569]]},"properties":{"c":6450,"n":1163}},{"type":"Feature","geometry":{"type":"LineString","coordinates":[[-4.29021,55.85679],[-4.2906,55.85678]]},"properties":{"c":13022,"n":3795}},{"type":"Feature","geometry":{"type":"LineString","coordinates":[[-4.26278,55.85675],[-4.26286,55.85676]]},"properties":{"c":3573,"n":5049}},{"type":"Feature","geometry":{"type":"LineString","coordinates":[[-4.27059,55.85669],[-4.27125,55.85673]]},"properties":{"c":3573,"n":6645}},{"type":"Feature","geometry":{"type":"LineString","coordinates":[[-4.26885,55.85675],[-4.26912,55.85675]]},"properties":{"c":8657,"n":30064}},{"type":"Feature","geometry":{"type":"LineString","coordinates":[[-4.27466,55.85694],[-4.27552,55.85707]]},"properties":{"c":16831,"n":16672}},{"type":"Feature","geometry":{"type":"LineString","coordinates":[[-4.2906,55.85678],[-4.29067,55.85678]]},"properties":{"c":13022,"n":5132}},{"type":"Feature","geometry":{"type":"LineString","coordinates":[[-4.27125,55.85673],[-4.27193,55.85672]]},"properties":{"c":8282,"n":11698}},{"type":"Feature","geometry":{"type":"LineString","coordinates":[[-4.28732,55.85651],[-4.28773,55.85656]]},"properties":{"c":13409,"n":9392}},{"type":"Feature","geometry":{"type":"LineString","coordinates":[[-4.28178,55.85774],[-4.28224,55.85743],[-4.28405,55.85666]]},"properties":{"c":11133,"n":16346}},{"type":"Feature","geometry":{"type":"LineString","coordinates":[[-4.26621,55.85681],[-4.26725,55.85674]]},"properties":{"c":8071,"n":12346}},{"type":"Feature","geometry":{"type":"LineString","coordinates":[[-4.29431,55.8569],[-4.2942,55.85704]]},"properties":{"c":6450,"n":1163}},{"type":"Feature","geometry":{"type":"LineString","coordinates":[[-4.28163,55.85781],[-4.28178,55.85774]]},"properties":{"c":14172,"n":19293}},{"type":"Feature","geometry":{"type":"LineString","coordinates":[[-4.2893,55.85675],[-4.29021,55.85679]]},"properties":{"c":13409,"n":10229}},{"type":"Feature","geometry":{"type":"LineString","coordinates":[[-4.27673,55.85719],[-4.27866,55.85736]]},"properties":{"c":16831,"n":16672}},{"type":"Feature","geometry":{"type":"LineString","coordinates":[[-4.26862,55.85674],[-4.26885,55.85675]]},"properties":{"c":8071,"n":12346}},{"type":"Feature","geometry":{"type":"LineString","coordinates":[[-4.29296,55.85642],[-4.29316,55.85665]]},"properties":{"c":15111,"n":3322}},{"type":"Feature","geometry":{"type":"LineString","coordinates":[[-4.23516,55.85062],[-4.23592,55.85011]]},"properties":{"c":0,"n":273}},{"type":"Feature","geometry":{"type":"LineString","coordinates":[[-4.23205,55.85309],[-4.23209,55.85305]]},"properties":{"c":0,"n":1468}},{"type":"Feature","geometry":{"type":"LineString","coordinates":[[-4.24763,55.84891],[-4.24818,55.84902]]},"properties":{"c":0,"n":636}},{"type":"Feature","geometry":{"type":"LineString","coordinates":[[-4.23729,55.84919],[-4.23778,55.84918]]},"properties":{"c":5570,"n":10702}},{"type":"Feature","geometry":{"type":"LineString","coordinates":[[-4.24546,55.84949],[-4.24588,55.84907]]},"properties":{"c":0,"n":1021}},{"type":"Feature","geometry":{"type":"LineString","coordinates":[[-4.23144,55.85374],[-4.23205,55.85309]]},"properties":{"c":0,"n":1468}},{"type":"Feature","geometry":{"type":"LineString","coordinates":[[-4.23288,55.85223],[-4.23323,55.85186]]},"properties":{"c":0,"n":1468}},{"type":"Feature","geometry":{"type":"LineString","coordinates":[[-4.23416,55.85116],[-4.23516,55.85062]]},"properties":{"c":0,"n":1529}},{"type":"Feature","geometry":{"type":"LineString","coordinates":[[-4.237,55.84947],[-4.2374,55.84923]]},"properties":{"c":0,"n":273}},{"type":"Feature","geometry":{"type":"LineString","coordinates":[[-4.24244,55.84846],[-4.24334,55.84877]]},"properties":{"c":1251,"n":6503}},{"type":"Feature","geometry":{"type":"LineString","coordinates":[[-4.25019,55.84939],[-4.25063,55.8489]]},"properties":{"c":0,"n":1021}},{"type":"Feature","geometry":{"type":"LineString","coordinates":[[-4.23209,55.85305],[-4.23237,55.85274]]},"properties":{"c":0,"n":1468}},{"type":"Feature","geometry":{"type":"LineString","coordinates":[[-4.23985,55.84764],[-4.23993,55.84757]]},"properties":{"c":731,"n":4537}},{"type":"Feature","geometry":{"type":"LineString","coordinates":[[-4.2288,55.85387],[-4.2295,55.85397]]},"properties":{"c":208,"n":888}},{"type":"Feature","geometry":{"type":"LineString","coordinates":[[-4.23778,55.84918],[-4.23794,55.84923]]},"properties":{"c":5570,"n":10702}},{"type":"Feature","geometry":{"type":"LineString","coordinates":[[-4.2374,55.84923],[-4.23729,55.84919]]},"properties":{"c":0,"n":273}},{"type":"Feature","geometry":{"type":"LineString","coordinates":[[-4.24658,55.8484],[-4.24763,55.84891]]},"properties":{"c":0,"n":1021}},{"type":"Feature","geometry":{"type":"LineString","coordinates":[[-4.23993,55.84757],[-4.24101,55.84796]]},"properties":{"c":1251,"n":6503}},{"type":"Feature","geometry":{"type":"LineString","coordinates":[[-4.24334,55.84877],[-4.24546,55.84949]]},"properties":{"c":1251,"n":6503}},{"type":"Feature","geometry":{"type":"LineString","coordinates":[[-4.2395,55.84793],[-4.23985,55.84764]]},"properties":{"c":1474,"n":7475}},{"type":"Feature","geometry":{"type":"LineString","coordinates":[[-4.24588,55.84907],[-4.24658,55.8484]]},"properties":{"c":0,"n":1021}},{"type":"Feature","geometry":{"type":"LineString","coordinates":[[-4.23094,55.85429],[-4.23144,55.85374]]},"properties":{"c":0,"n":273}},{"type":"Feature","geometry":{"type":"LineString","coordinates":[[-4.23237,55.85274],[-4.23288,55.85223]]},"properties":{"c":0,"n":1468}},{"type":"Feature","geometry":{"type":"LineString","coordinates":[[-4.23348,55.85162],[-4.23416,55.85116]]},"properties":{"c":0,"n":1529}},{"type":"Feature","geometry":{"type":"LineString","coordinates":[[-4.23794,55.84923],[-4.23875,55.84851]]},"properties":{"c":1474,"n":7475}},{"type":"Feature","geometry":{"type":"LineString","coordinates":[[-4.23023,55.85416],[-4.23094,55.85429]]},"properties":{"c":208,"n":888}},{"type":"Feature","geometry":{"type":"LineString","coordinates":[[-4.22765,55.85363],[-4.2288,55.85387]]},"properties":{"c":208,"n":888}},{"type":"Feature","geometry":{"type":"LineString","coordinates":[[-4.2295,55.85397],[-4.23023,55.85416]]},"properties":{"c":208,"n":888}},{"type":"Feature","geometry":{"type":"LineString","coordinates":[[-4.24101,55.84796],[-4.24244,55.84846]]},"properties":{"c":1251,"n":6503}},{"type":"Feature","geometry":{"type":"LineString","coordinates":[[-4.24818,55.84902],[-4.25019,55.84939]]},"properties":{"c":0,"n":636}},{"type":"Feature","geometry":{"type":"LineString","coordinates":[[-4.23875,55.84851],[-4.2395,55.84793]]},"properties":{"c":1474,"n":7475}},{"type":"Feature","geometry":{"type":"LineString","coordinates":[[-4.23592,55.85011],[-4.237,55.84947]]},"properties":{"c":0,"n":282}},{"type":"Feature","geometry":{"type":"LineString","coordinates":[[-4.23323,55.85186],[-4.23348,55.85162]]},"properties":{"c":0,"n":1468}},{"type":"Feature","geometry":{"type":"LineString","coordinates":[[-4.27414,55.87162],[-4.27457,55.87177]]},"properties":{"c":53,"n":3002}},{"type":"Feature","geometry":{"type":"LineString","coordinates":[[-4.27155,55.87077],[-4.2719,55.87088]]},"properties":{"c":53,"n":3002}},{"type":"Feature","geometry":{"type":"LineString","coordinates":[[-4.2689,55.86991],[-4.27051,55.87042]]},"properties":{"c":53,"n":3002}},{"type":"Feature","geometry":{"type":"LineString","coordinates":[[-4.27471,55.87182],[-4.27516,55.87195]]},"properties":{"c":53,"n":3002}},{"type":"Feature","geometry":{"type":"LineString","coordinates":[[-4.26786,55.87091],[-4.26833,55.87046]]},"properties":{"c":713,"n":2218}},{"type":"Feature","geometry":{"type":"LineString","coordinates":[[-4.27236,55.87103],[-4.27255,55.87109]]},"properties":{"c":53,"n":3002}},{"type":"Feature","geometry":{"type":"LineString","coordinates":[[-4.272,55.87091],[-4.27216,55.87097]]},"properties":{"c":53,"n":3002}},{"type":"Feature","geometry":{"type":"LineString","coordinates":[[-4.27308,55.87127],[-4.27361,55.87144]]},"properties":{"c":53,"n":3002}},{"type":"Feature","geometry":{"type":"LineString","coordinates":[[-4.26864,55.87015],[-4.2689,55.86991]]},"properties":{"c":3996,"n":19724}},{"type":"Feature","geometry":{"type":"LineString","coordinates":[[-4.27361,55.87144],[-4.27365,55.87146]]},"properties":{"c":53,"n":3002}},{"type":"Feature","geometry":{"type":"LineString","coordinates":[[-4.27457,55.87177],[-4.27471,55.87182]]},"properties":{"c":53,"n":3002}},{"type":"Feature","geometry":{"type":"LineString","coordinates":[[-4.26833,55.87046],[-4.26864,55.87015]]},"properties":{"c":3996,"n":19724}},{"type":"Feature","geometry":{"type":"LineString","coordinates":[[-4.27365,55.87146],[-4.27414,55.87162]]},"properties":{"c":53,"n":3002}},{"type":"Feature","geometry":{"type":"LineString","coordinates":[[-4.27216,55.87097],[-4.27236,55.87103]]},"properties":{"c":53,"n":3002}},{"type":"Feature","geometry":{"type":"LineString","coordinates":[[-4.2719,55.87088],[-4.272,55.87091]]},"properties":{"c":53,"n":3002}},{"type":"Feature","geometry":{"type":"LineString","coordinates":[[-4.27255,55.87109],[-4.27308,55.87127]]},"properties":{"c":53,"n":3002}},{"type":"Feature","geometry":{"type":"LineString","coordinates":[[-4.27572,55.87214],[-4.2775,55.87149]]},"properties":{"c":53,"n":3002}},{"type":"Feature","geometry":{"type":"LineString","coordinates":[[-4.27051,55.87042],[-4.27155,55.87077]]},"properties":{"c":53,"n":3002}},{"type":"Feature","geometry":{"type":"LineString","coordinates":[[-4.27552,55.87206],[-4.27572,55.87214]]},"properties":{"c":53,"n":3002}},{"type":"Feature","geometry":{"type":"LineString","coordinates":[[-4.27516,55.87195],[-4.27552,55.87206]]},"properties":{"c":53,"n":3002}},{"type":"Feature","geometry":{"type":"LineString","coordinates":[[-4.33077,55.84659],[-4.33168,55.84645]]},"properties":{"c":0,"n":818}},{"type":"Feature","geometry":{"type":"LineString","coordinates":[[-4.33168,55.84645],[-4.33279,55.84629]]},"properties":{"c":0,"n":818}},{"type":"Feature","geometry":{"type":"LineString","coordinates":[[-4.33283,55.84637],[-4.33284,55.84643]]},"properties":{"c":0,"n":1785}},{"type":"Feature","geometry":{"type":"LineString","coordinates":[[-4.33284,55.84643],[-4.33287,55.8466]]},"properties":{"c":0,"n":1785}},{"type":"Feature","geometry":{"type":"LineString","coordinates":[[-4.33279,55.84629],[-4.33283,55.84637]]},"properties":{"c":0,"n":1075}},{"type":"Feature","geometry":{"type":"LineString","coordinates":[[-4.33057,55.84662],[-4.33077,55.84659]]},"properties":{"c":0,"n":818}},{"type":"Feature","geometry":{"type":"LineString","coordinates":[[-4.19704,55.85113],[-4.19857,55.84961]]},"properties":{"c":0,"n":35}},{"type":"Feature","geometry":{"type":"LineString","coordinates":[[-4.19786,55.84894],[-4.19766,55.84886]]},"properties":{"c":0,"n":159}},{"type":"Feature","geometry":{"type":"LineString","coordinates":[[-4.19886,55.84933],[-4.19786,55.84894]]},"properties":{"c":0,"n":122}},{"type":"Feature","geometry":{"type":"LineString","coordinates":[[-4.19857,55.84961],[-4.19886,55.84933]]},"properties":{"c":0,"n":35}},{"type":"Feature","geometry":{"type":"LineString","coordinates":[[-4.19766,55.84886],[-4.19833,55.84815]]},"properties":{"c":0,"n":122}},{"type":"Feature","geometry":{"type":"LineString","coordinates":[[-4.19869,55.84777],[-4.19878,55.84769]]},"properties":{"c":0,"n":318}},{"type":"Feature","geometry":{"type":"LineString","coordinates":[[-4.19878,55.84769],[-4.19923,55.84723]]},"properties":{"c":0,"n":318}},{"type":"Feature","geometry":{"type":"LineString","coordinates":[[-4.19833,55.84815],[-4.19869,55.84777]]},"properties":{"c":0,"n":342}},{"type":"Feature","geometry":{"type":"LineString","coordinates":[[-4.23813,55.85291],[-4.23824,55.8523]]},"properties":{"c":0,"n":319}},{"type":"Feature","geometry":{"type":"LineString","coordinates":[[-4.23824,55.8523],[-4.23696,55.85203]]},"properties":{"c":0,"n":403}},{"type":"Feature","geometry":{"type":"LineString","coordinates":[[-4.26281,55.86648],[-4.26294,55.86613]]},"properties":{"c":0,"n":2601}},{"type":"Feature","geometry":{"type":"LineString","coordinates":[[-4.25979,55.86649],[-4.26123,55.86668]]},"properties":{"c":0,"n":472}},{"type":"Feature","geometry":{"type":"LineString","coordinates":[[-4.25969,55.86648],[-4.25979,55.86649]]},"properties":{"c":0,"n":472}},{"type":"Feature","geometry":{"type":"LineString","coordinates":[[-4.25918,55.86729],[-4.25927,55.86721]]},"properties":{"c":0,"n":5284}},{"type":"Feature","geometry":{"type":"LineString","coordinates":[[-4.26294,55.86613],[-4.26318,55.86543]]},"properties":{"c":0,"n":2601}},{"type":"Feature","geometry":{"type":"LineString","coordinates":[[-4.25927,55.86721],[-4.25969,55.86648]]},"properties":{"c":0,"n":5284}},{"type":"Feature","geometry":{"type":"LineString","coordinates":[[-4.26269,55.86685],[-4.26281,55.86648]]},"properties":{"c":0,"n":2601}},{"type":"Feature","geometry":{"type":"LineString","coordinates":[[-4.26123,55.86668],[-4.26269,55.86685]]},"properties":{"c":0,"n":472}},{"type":"Feature","geometry":{"type":"LineString","coordinates":[[-4.21577,55.87382],[-4.21578,55.87385]]},"properties":{"c":0,"n":20}},{"type":"Feature","geometry":{"type":"LineString","coordinates":[[-4.22198,55.87806],[-4.22215,55.87848]]},"properties":{"c":0,"n":18}},{"type":"Feature","geometry":{"type":"LineString","coordinates":[[-4.22268,55.88008],[-4.22265,55.88016]]},"properties":{"c":0,"n":18}},{"type":"Feature","geometry":{"type":"LineString","coordinates":[[-4.21994,55.87136],[-4.21901,55.87163]]},"properties":{"c":0,"n":18}},{"type":"Feature","geometry":{"type":"LineString","coordinates":[[-4.21496,55.87737],[-4.2169,55.87693]]},"properties":{"c":0,"n":18}},{"type":"Feature","geometry":{"type":"LineString","coordinates":[[-4.21578,55.87385],[-4.21581,55.87463]]},"properties":{"c":0,"n":20}},{"type":"Feature","geometry":{"type":"LineString","coordinates":[[-4.22275,55.87974],[-4.22268,55.88008]]},"properties":{"c":0,"n":18}},{"type":"Feature","geometry":{"type":"LineString","coordinates":[[-4.21549,55.8727],[-4.21565,55.87278],[-4.21574,55.87326]]},"properties":{"c":0,"n":20}},{"type":"Feature","geometry":{"type":"LineString","coordinates":[[-4.21596,55.87253],[-4.21549,55.8727]]},"properties":{"c":0,"n":18}},{"type":"Feature","geometry":{"type":"LineString","coordinates":[[-4.22188,55.87736],[-4.22198,55.87806]]},"properties":{"c":0,"n":18}},{"type":"Feature","geometry":{"type":"LineString","coordinates":[[-4.22215,55.87848],[-4.22267,55.87921]]},"properties":{"c":0,"n":18}},{"type":"Feature","geometry":{"type":"LineString","coordinates":[[-4.22415,55.88258],[-4.2244,55.88263]]},"properties":{"c":0,"n":18}},{"type":"Feature","geometry":{"type":"LineString","coordinates":[[-4.21768,55.87789],[-4.21906,55.87759],[-4.22004,55.87747]]},"properties":{"c":0,"n":18}},{"type":"Feature","geometry":{"type":"LineString","coordinates":[[-4.21901,55.87163],[-4.21691,55.87222]]},"properties":{"c":0,"n":18}},{"type":"Feature","geometry":{"type":"LineString","coordinates":[[-4.22267,55.87921],[-4.22275,55.87974]]},"properties":{"c":0,"n":18}},{"type":"Feature","geometry":{"type":"LineString","coordinates":[[-4.21574,55.87326],[-4.21577,55.87382]]},"properties":{"c":0,"n":20}},{"type":"Feature","geometry":{"type":"LineString","coordinates":[[-4.21581,55.87463],[-4.21548,55.87485],[-4.21344,55.87551]]},"properties":{"c":0,"n":20}},{"type":"Feature","geometry":{"type":"LineString","coordinates":[[-4.21691,55.87222],[-4.21596,55.87253]]},"properties":{"c":0,"n":18}},{"type":"Feature","geometry":{"type":"LineString","coordinates":[[-4.21485,55.87735],[-4.21496,55.87737]]},"properties":{"c":0,"n":20}},{"type":"Feature","geometry":{"type":"LineString","coordinates":[[-4.22265,55.88016],[-4.22251,55.88076]]},"properties":{"c":0,"n":18}},{"type":"Feature","geometry":{"type":"LineString","coordinates":[[-4.22004,55.87747],[-4.22188,55.87736]]},"properties":{"c":0,"n":18}},{"type":"Feature","geometry":{"type":"LineString","coordinates":[[-4.2169,55.87693],[-4.21768,55.87789]]},"properties":{"c":0,"n":18}},{"type":"Feature","geometry":{"type":"LineString","coordinates":[[-4.21344,55.87551],[-4.21418,55.87607],[-4.21469,55.87687],[-4.21485,55.87735]]},"properties":{"c":0,"n":20}},{"type":"Feature","geometry":{"type":"LineString","coordinates":[[-4.22251,55.88076],[-4.22364,55.88219],[-4.22415,55.88258]]},"properties":{"c":0,"n":18}},{"type":"Feature","geometry":{"type":"LineString","coordinates":[[-4.27247,55.85502],[-4.2726,55.85502]]},"properties":{"c":2574,"n":9456}},{"type":"Feature","geometry":{"type":"LineString","coordinates":[[-4.2726,55.85502],[-4.27284,55.85503]]},"properties":{"c":2574,"n":9456}},{"type":"Feature","geometry":{"type":"LineString","coordinates":[[-4.27334,55.85499],[-4.27347,55.85505]]},"properties":{"c":1415,"n":5238}},{"type":"Feature","geometry":{"type":"LineString","coordinates":[[-4.27107,55.855],[-4.27133,55.85499]]},"properties":{"c":2574,"n":9456}},{"type":"Feature","geometry":{"type":"LineString","coordinates":[[-4.26988,55.85407],[-4.2701,55.85424]]},"properties":{"c":1415,"n":3073}},{"type":"Feature","geometry":{"type":"LineString","coordinates":[[-4.27209,55.85501],[-4.27235,55.85501]]},"properties":{"c":2574,"n":9456}},{"type":"Feature","geometry":{"type":"LineString","coordinates":[[-4.27184,55.855],[-4.27209,55.85501]]},"properties":{"c":2574,"n":9456}},{"type":"Feature","geometry":{"type":"LineString","coordinates":[[-4.2701,55.85424],[-4.27011,55.85438]]},"properties":{"c":1415,"n":3073}},{"type":"Feature","geometry":{"type":"LineString","coordinates":[[-4.27284,55.85503],[-4.27326,55.85506]]},"properties":{"c":2574,"n":9456}},{"type":"Feature","geometry":{"type":"LineString","coordinates":[[-4.27011,55.85438],[-4.27013,55.85492],[-4.27028,55.85502]]},"properties":{"c":1415,"n":3073}},{"type":"Feature","geometry":{"type":"LineString","coordinates":[[-4.27236,55.85501],[-4.27247,55.85502]]},"properties":{"c":2574,"n":9456}},{"type":"Feature","geometry":{"type":"LineString","coordinates":[[-4.27326,55.85506],[-4.27334,55.85499]]},"properties":{"c":1507,"n":6890}},{"type":"Feature","geometry":{"type":"LineString","coordinates":[[-4.27235,55.85501],[-4.27236,55.85501]]},"properties":{"c":2574,"n":9456}},{"type":"Feature","geometry":{"type":"LineString","coordinates":[[-4.26886,55.85386],[-4.26988,55.85407]]},"properties":{"c":1415,"n":3073}},{"type":"Feature","geometry":{"type":"LineString","coordinates":[[-4.27028,55.85502],[-4.27107,55.855]]},"properties":{"c":2574,"n":9456}},{"type":"Feature","geometry":{"type":"LineString","coordinates":[[-4.27133,55.85499],[-4.27144,55.85499]]},"properties":{"c":2574,"n":9456}},{"type":"Feature","geometry":{"type":"LineString","coordinates":[[-4.27158,55.85499],[-4.27184,55.855]]},"properties":{"c":2574,"n":9456}},{"type":"Feature","geometry":{"type":"LineString","coordinates":[[-4.27144,55.85499],[-4.27158,55.85499]]},"properties":{"c":2574,"n":9456}},{"type":"Feature","geometry":{"type":"LineString","coordinates":[[-4.26947,55.84154],[-4.27062,55.84175]]},"properties":{"c":0,"n":944}},{"type":"Feature","geometry":{"type":"LineString","coordinates":[[-4.28974,55.84095],[-4.28978,55.84096]]},"properties":{"c":0,"n":591}},{"type":"Feature","geometry":{"type":"LineString","coordinates":[[-4.27507,55.8412],[-4.27563,55.84127]]},"properties":{"c":0,"n":321}},{"type":"Feature","geometry":{"type":"LineString","coordinates":[[-4.27964,55.84099],[-4.27978,55.84104]]},"properties":{"c":453,"n":3687}},{"type":"Feature","geometry":{"type":"LineString","coordinates":[[-4.28357,55.84163],[-4.28362,55.8415],[-4.28429,55.84104],[-4.28463,55.84083],[-4.28522,55.84061]]},"properties":{"c":0,"n":185}},{"type":"Feature","geometry":{"type":"LineString","coordinates":[[-4.27578,55.84129],[-4.2762,55.84135]]},"properties":{"c":0,"n":321}},{"type":"Feature","geometry":{"type":"LineString","coordinates":[[-4.27684,55.84144],[-4.27741,55.84149],[-4.27793,55.84144],[-4.27884,55.84118],[-4.27951,55.84107],[-4.27964,55.84099]]},"properties":{"c":204,"n":1108}},{"type":"Feature","geometry":{"type":"LineString","coordinates":[[-4.27169,55.84195],[-4.27218,55.8408]]},"properties":{"c":0,"n":168}},{"type":"Feature","geometry":{"type":"LineString","coordinates":[[-4.28237,55.8416],[-4.28357,55.84163]]},"properties":{"c":249,"n":2601}},{"type":"Feature","geometry":{"type":"LineString","coordinates":[[-4.27447,55.84111],[-4.27507,55.8412]]},"properties":{"c":0,"n":321}},{"type":"Feature","geometry":{"type":"LineString","coordinates":[[-4.27218,55.8408],[-4.27328,55.84095]]},"properties":{"c":0,"n":321}},{"type":"Feature","geometry":{"type":"LineString","coordinates":[[-4.28576,55.84064],[-4.28677,55.84057],[-4.2872,55.84043],[-4.28773,55.84013]]},"properties":{"c":0,"n":185}},{"type":"Feature","geometry":{"type":"LineString","coordinates":[[-4.27328,55.84095],[-4.27447,55.84111]]},"properties":{"c":0,"n":321}},{"type":"Feature","geometry":{"type":"LineString","coordinates":[[-4.27978,55.84104],[-4.28113,55.84139],[-4.28237,55.8416]]},"properties":{"c":249,"n":2900}},{"type":"Feature","geometry":{"type":"LineString","coordinates":[[-4.28522,55.84061],[-4.28576,55.84064]]},"properties":{"c":0,"n":185}},{"type":"Feature","geometry":{"type":"LineString","coordinates":[[-4.27062,55.84175],[-4.27169,55.84195]]},"properties":{"c":0,"n":791}},{"type":"Feature","geometry":{"type":"LineString","coordinates":[[-4.2762,55.84135],[-4.27684,55.84144]]},"properties":{"c":0,"n":321}},{"type":"Feature","geometry":{"type":"LineString","coordinates":[[-4.28773,55.84013],[-4.28846,55.84047],[-4.28974,55.84095]]},"properties":{"c":0,"n":591}},{"type":"Feature","geometry":{"type":"LineString","coordinates":[[-4.27563,55.84127],[-4.27578,55.84129]]},"properties":{"c":0,"n":321}},{"type":"Feature","geometry":{"type":"LineString","coordinates":[[-4.27479,55.84721],[-4.27478,55.84697],[-4.27508,55.8461]]},"properties":{"c":5326,"n":19257}},{"type":"Feature","geometry":{"type":"LineString","coordinates":[[-4.27508,55.8461],[-4.27516,55.8459]]},"properties":{"c":0,"n":2073}},{"type":"Feature","geometry":{"type":"LineString","coordinates":[[-4.27608,55.84603],[-4.27651,55.84608]]},"properties":{"c":0,"n":4299}},{"type":"Feature","geometry":{"type":"LineString","coordinates":[[-4.28036,55.84641],[-4.2832,55.84649],[-4.28485,55.84647],[-4.28568,55.84626],[-4.28647,55.8457]]},"properties":{"c":0,"n":4299}},{"type":"Feature","geometry":{"type":"LineString","coordinates":[[-4.28647,55.8457],[-4.28667,55.84554]]},"properties":{"c":0,"n":5027}},{"type":"Feature","geometry":{"type":"LineString","coordinates":[[-4.27469,55.84723],[-4.27479,55.84721]]},"properties":{"c":299,"n":5751}},{"type":"Feature","geometry":{"type":"LineString","coordinates":[[-4.27516,55.8459],[-4.27608,55.84603]]},"properties":{"c":0,"n":2073}},{"type":"Feature","geometry":{"type":"LineString","coordinates":[[-4.27651,55.84608],[-4.27859,55.84631],[-4.28036,55.84641]]},"properties":{"c":0,"n":4299}},{"type":"Feature","geometry":{"type":"LineString","coordinates":[[-4.26519,55.86007],[-4.26491,55.86076]]},"properties":{"c":3824,"n":1576}},{"type":"Feature","geometry":{"type":"LineString","coordinates":[[-4.23901,55.86372],[-4.23687,55.86362]]},"properties":{"c":1443,"n":4550}},{"type":"Feature","geometry":{"type":"LineString","coordinates":[[-4.25886,55.86024],[-4.2587,55.86065]]},"properties":{"c":8780,"n":31685}},{"type":"Feature","geometry":{"type":"LineString","coordinates":[[-4.24045,55.86309],[-4.23952,55.86339]]},"properties":{"c":1443,"n":4812}},{"type":"Feature","geometry":{"type":"LineString","coordinates":[[-4.26491,55.86076],[-4.2649,55.86081]]},"properties":{"c":3751,"n":1301}},{"type":"Feature","geometry":{"type":"LineString","coordinates":[[-4.25525,55.86132],[-4.25515,55.8616]]},"properties":{"c":2070,"n":7621}},{"type":"Feature","geometry":{"type":"LineString","coordinates":[[-4.25423,55.86189],[-4.25374,55.86184],[-4.25363,55.86189]]},"properties":{"c":940,"n":2831}},{"type":"Feature","geometry":{"type":"LineString","coordinates":[[-4.23685,55.86396],[-4.23671,55.86422],[-4.23659,55.86426]]},"properties":{"c":1443,"n":5079}},{"type":"Feature","geometry":{"type":"LineString","coordinates":[[-4.25696,55.86056],[-4.25625,55.86052]]},"properties":{"c":2531,"n":8147}},{"type":"Feature","geometry":{"type":"LineString","coordinates":[[-4.23688,55.8639],[-4.23685,55.86396]]},"properties":{"c":1443,"n":5079}},{"type":"Feature","geometry":{"type":"LineString","coordinates":[[-4.23687,55.86362],[-4.23692,55.86371]]},"properties":{"c":1443,"n":5562}},{"type":"Feature","geometry":{"type":"LineString","coordinates":[[-4.25363,55.86189],[-4.25339,55.86197]]},"properties":{"c":2948,"n":15046}},{"type":"Feature","geometry":{"type":"LineString","coordinates":[[-4.26643,55.85927],[-4.26547,55.8592]]},"properties":{"c":0,"n":89}},{"type":"Feature","geometry":{"type":"LineString","coordinates":[[-4.23692,55.86371],[-4.23688,55.8639]]},"properties":{"c":1443,"n":5079}},{"type":"Feature","geometry":{"type":"LineString","coordinates":[[-4.2587,55.86065],[-4.25867,55.86065]]},"properties":{"c":9276,"n":34906}},{"type":"Feature","geometry":{"type":"LineString","coordinates":[[-4.25195,55.8618],[-4.25003,55.86156]]},"properties":{"c":14834,"n":42121}},{"type":"Feature","geometry":{"type":"LineString","coordinates":[[-4.25514,55.86163],[-4.25438,55.86155],[-4.25423,55.86189]]},"properties":{"c":384,"n":2628}},{"type":"Feature","geometry":{"type":"LineString","coordinates":[[-4.268,55.85942],[-4.26643,55.85927]]},"properties":{"c":0,"n":89}},{"type":"Feature","geometry":{"type":"LineString","coordinates":[[-4.25245,55.86186],[-4.25195,55.8618]]},"properties":{"c":7217,"n":37453}},{"type":"Feature","geometry":{"type":"LineString","coordinates":[[-4.25625,55.86052],[-4.25555,55.86049]]},"properties":{"c":2531,"n":8147}},{"type":"Feature","geometry":{"type":"LineString","coordinates":[[-4.25555,55.86049],[-4.25541,55.8609]]},"properties":{"c":3608,"n":11076}},{"type":"Feature","geometry":{"type":"LineString","coordinates":[[-4.25515,55.8616],[-4.25514,55.86163]]},"properties":{"c":2070,"n":7621}},{"type":"Feature","geometry":{"type":"LineString","coordinates":[[-4.26535,55.85955],[-4.26519,55.86007]]},"properties":{"c":3824,"n":1576}},{"type":"Feature","geometry":{"type":"LineString","coordinates":[[-4.26868,55.85952],[-4.268,55.85942]]},"properties":{"c":4421,"n":25353}},{"type":"Feature","geometry":{"type":"LineString","coordinates":[[-4.25541,55.8609],[-4.25525,55.86132]]},"properties":{"c":3608,"n":11076}},{"type":"Feature","geometry":{"type":"LineString","coordinates":[[-4.27412,55.86161],[-4.27433,55.86166]]},"properties":{"c":10133,"n":45789}},{"type":"Feature","geometry":{"type":"LineString","coordinates":[[-4.27203,55.86084],[-4.27233,55.86096]]},"properties":{"c":10133,"n":45789}},{"type":"Feature","geometry":{"type":"LineString","coordinates":[[-4.2713,55.86055],[-4.27203,55.86084]]},"properties":{"c":10133,"n":45789}},{"type":"Feature","geometry":{"type":"LineString","coordinates":[[-4.27275,55.86113],[-4.27298,55.86124]]},"properties":{"c":10133,"n":45789}},{"type":"Feature","geometry":{"type":"LineString","coordinates":[[-4.27058,55.86022],[-4.27066,55.86023]]},"properties":{"c":5328,"n":45155}},{"type":"Feature","geometry":{"type":"LineString","coordinates":[[-4.27105,55.86046],[-4.2712,55.86051]]},"properties":{"c":10874,"n":47376}},{"type":"Feature","geometry":{"type":"LineString","coordinates":[[-4.2712,55.86051],[-4.2713,55.86055]]},"properties":{"c":10874,"n":47376}},{"type":"Feature","geometry":{"type":"LineString","coordinates":[[-4.27298,55.86124],[-4.27355,55.86147],[-4.27412,55.86161]]},"properties":{"c":10133,"n":45789}},{"type":"Feature","geometry":{"type":"LineString","coordinates":[[-4.26965,55.85989],[-4.26973,55.8599],[-4.26974,55.85999],[-4.27035,55.86005],[-4.27043,55.86021],[-4.27058,55.86022]]},"properties":{"c":6174,"n":45210}},{"type":"Feature","geometry":{"type":"LineString","coordinates":[[-4.27066,55.86023],[-4.27081,55.86034]]},"properties":{"c":5328,"n":45071}},{"type":"Feature","geometry":{"type":"LineString","coordinates":[[-4.27081,55.86034],[-4.27105,55.86046]]},"properties":{"c":5328,"n":45071}},{"type":"Feature","geometry":{"type":"LineString","coordinates":[[-4.27233,55.86096],[-4.27275,55.86113]]},"properties":{"c":10133,"n":45789}},{"type":"Feature","geometry":{"type":"LineString","coordinates":[[-4.27174,55.8663],[-4.27162,55.8665]]},"properties":{"c":4454,"n":17331}},{"type":"Feature","geometry":{"type":"LineString","coordinates":[[-4.27922,55.87296],[-4.27899,55.8732]]},"properties":{"c":3225,"n":15606}},{"type":"Feature","geometry":{"type":"LineString","coordinates":[[-4.27899,55.8732],[-4.27886,55.87332]]},"properties":{"c":3225,"n":15606}},{"type":"Feature","geometry":{"type":"LineString","coordinates":[[-4.2714,55.86736],[-4.2715,55.8675]]},"properties":{"c":3736,"n":13486}},{"type":"Feature","geometry":{"type":"LineString","coordinates":[[-4.27058,55.86022],[-4.27061,55.86226]]},"properties":{"c":1329,"n":9334}},{"type":"Feature","geometry":{"type":"LineString","coordinates":[[-4.27138,55.86692],[-4.2714,55.86736]]},"properties":{"c":4572,"n":19204}},{"type":"Feature","geometry":{"type":"LineString","coordinates":[[-4.27162,55.8665],[-4.27146,55.86676]]},"properties":{"c":4572,"n":19204}},{"type":"Feature","geometry":{"type":"LineString","coordinates":[[-4.27863,55.87252],[-4.27922,55.87296]]},"properties":{"c":3225,"n":15606}},{"type":"Feature","geometry":{"type":"LineString","coordinates":[[-4.27822,55.87216],[-4.27863,55.87252]]},"properties":{"c":3225,"n":15606}},{"type":"Feature","geometry":{"type":"LineString","coordinates":[[-4.27074,55.86272],[-4.27082,55.863]]},"properties":{"c":1329,"n":9425}},{"type":"Feature","geometry":{"type":"LineString","coordinates":[[-4.27808,55.87195],[-4.27813,55.87208]]},"properties":{"c":3225,"n":15606}},{"type":"Feature","geometry":{"type":"LineString","coordinates":[[-4.27886,55.87332],[-4.27802,55.87419]]},"properties":{"c":3225,"n":16694}},{"type":"Feature","geometry":{"type":"LineString","coordinates":[[-4.27082,55.863],[-4.27086,55.86314]]},"properties":{"c":3844,"n":13501}},{"type":"Feature","geometry":{"type":"LineString","coordinates":[[-4.2716,55.86546],[-4.27174,55.86587],[-4.27174,55.8663]]},"properties":{"c":5039,"n":21310}},{"type":"Feature","geometry":{"type":"LineString","coordinates":[[-4.27822,55.87187],[-4.27808,55.87195]]},"properties":{"c":3764,"n":26471}},{"type":"Feature","geometry":{"type":"LineString","coordinates":[[-4.27061,55.86226],[-4.27074,55.86272]]},"properties":{"c":1329,"n":9334}},{"type":"Feature","geometry":{"type":"LineString","coordinates":[[-4.27139,55.86478],[-4.2716,55.86546]]},"properties":{"c":5712,"n":21713}},{"type":"Feature","geometry":{"type":"LineString","coordinates":[[-4.27146,55.86676],[-4.27138,55.86692]]},"properties":{"c":4572,"n":19204}},{"type":"Feature","geometry":{"type":"LineString","coordinates":[[-4.27813,55.87208],[-4.27822,55.87216]]},"properties":{"c":3225,"n":15606}},{"type":"Feature","geometry":{"type":"LineString","coordinates":[[-4.27086,55.86314],[-4.27139,55.86478]]},"properties":{"c":3633,"n":13201}},{"type":"Feature","geometry":{"type":"LineString","coordinates":[[-4.2649,55.85909],[-4.26406,55.85901]]},"properties":{"c":11330,"n":55689}},{"type":"Feature","geometry":{"type":"LineString","coordinates":[[-4.25404,55.85807],[-4.25278,55.85791]]},"properties":{"c":9534,"n":24594}},{"type":"Feature","geometry":{"type":"LineString","coordinates":[[-4.2595,55.8586],[-4.25684,55.85834]]},"properties":{"c":3002,"n":20616}},{"type":"Feature","geometry":{"type":"LineString","coordinates":[[-4.268,55.85942],[-4.26801,55.8594]]},"properties":{"c":4421,"n":25264}},{"type":"Feature","geometry":{"type":"LineString","coordinates":[[-4.25584,55.85826],[-4.25499,55.85817]]},"properties":{"c":4557,"n":22213}},{"type":"Feature","geometry":{"type":"LineString","coordinates":[[-4.26256,55.85887],[-4.26106,55.85874]]},"properties":{"c":11551,"n":60546}},{"type":"Feature","geometry":{"type":"LineString","coordinates":[[-4.25684,55.85834],[-4.25584,55.85826]]},"properties":{"c":4557,"n":22213}},{"type":"Feature","geometry":{"type":"LineString","coordinates":[[-4.26406,55.85901],[-4.26391,55.859]]},"properties":{"c":12199,"n":57078}},{"type":"Feature","geometry":{"type":"LineString","coordinates":[[-4.26549,55.85914],[-4.2649,55.85909]]},"properties":{"c":11872,"n":55732}},{"type":"Feature","geometry":{"type":"LineString","coordinates":[[-4.25499,55.85817],[-4.25404,55.85807]]},"properties":{"c":9534,"n":24594}},{"type":"Feature","geometry":{"type":"LineString","coordinates":[[-4.26801,55.8594],[-4.26644,55.85922]]},"properties":{"c":4575,"n":29251}},{"type":"Feature","geometry":{"type":"LineString","coordinates":[[-4.26391,55.859],[-4.26256,55.85887]]},"properties":{"c":11358,"n":60899}},{"type":"Feature","geometry":{"type":"LineString","coordinates":[[-4.24193,55.85615],[-4.24055,55.85592]]},"properties":{"c":11660,"n":13959}},{"type":"Feature","geometry":{"type":"LineString","coordinates":[[-4.2438,55.85674],[-4.24359,55.85668]]},"properties":{"c":10229,"n":13950}},{"type":"Feature","geometry":{"type":"LineString","coordinates":[[-4.23716,55.85545],[-4.23624,55.85536]]},"properties":{"c":3295,"n":11032}},{"type":"Feature","geometry":{"type":"LineString","coordinates":[[-4.23817,55.85559],[-4.23799,55.85555]]},"properties":{"c":3295,"n":11032}},{"type":"Feature","geometry":{"type":"LineString","coordinates":[[-4.23998,55.85585],[-4.23928,55.85578]]},"properties":{"c":2876,"n":6533}},{"type":"Feature","geometry":{"type":"LineString","coordinates":[[-4.24359,55.85668],[-4.24269,55.8564]]},"properties":{"c":11660,"n":13959}},{"type":"Feature","geometry":{"type":"LineString","coordinates":[[-4.23799,55.85555],[-4.23746,55.85548]]},"properties":{"c":3295,"n":11032}},{"type":"Feature","geometry":{"type":"LineString","coordinates":[[-4.23624,55.85536],[-4.23602,55.85535]]},"properties":{"c":3295,"n":11032}},{"type":"Feature","geometry":{"type":"LineString","coordinates":[[-4.24514,55.85695],[-4.2445,55.85685]]},"properties":{"c":9803,"n":16450}},{"type":"Feature","geometry":{"type":"LineString","coordinates":[[-4.23928,55.85578],[-4.23863,55.85568]]},"properties":{"c":3648,"n":12045}},{"type":"Feature","geometry":{"type":"LineString","coordinates":[[-4.23746,55.85548],[-4.23716,55.85545]]},"properties":{"c":3295,"n":11032}},{"type":"Feature","geometry":{"type":"LineString","coordinates":[[-4.2445,55.85685],[-4.2438,55.85674]]},"properties":{"c":9803,"n":16450}},{"type":"Feature","geometry":{"type":"LineString","coordinates":[[-4.23602,55.85535],[-4.23545,55.85534]]},"properties":{"c":3295,"n":11032}},{"type":"Feature","geometry":{"type":"LineString","coordinates":[[-4.24269,55.8564],[-4.24227,55.85625]]},"properties":{"c":11660,"n":13959}},{"type":"Feature","geometry":{"type":"LineString","coordinates":[[-4.24227,55.85625],[-4.24193,55.85615]]},"properties":{"c":11660,"n":13959}},{"type":"Feature","geometry":{"type":"LineString","coordinates":[[-4.24055,55.85592],[-4.23998,55.85585]]},"properties":{"c":2876,"n":6533}},{"type":"Feature","geometry":{"type":"LineString","coordinates":[[-4.23863,55.85568],[-4.23817,55.85559]]},"properties":{"c":3648,"n":12045}},{"type":"Feature","geometry":{"type":"LineString","coordinates":[[-4.26095,55.86324],[-4.26081,55.86361]]},"properties":{"c":109,"n":2111}},{"type":"Feature","geometry":{"type":"LineString","coordinates":[[-4.26108,55.86288],[-4.26095,55.86324]]},"properties":{"c":109,"n":2108}},{"type":"Feature","geometry":{"type":"LineString","coordinates":[[-4.26168,55.8613],[-4.26154,55.86167]]},"properties":{"c":109,"n":2099}},{"type":"Feature","geometry":{"type":"LineString","coordinates":[[-4.26081,55.86361],[-4.26068,55.86396]]},"properties":{"c":109,"n":2155}},{"type":"Feature","geometry":{"type":"LineString","coordinates":[[-4.26154,55.86167],[-4.26139,55.86203]]},"properties":{"c":109,"n":2099}},{"type":"Feature","geometry":{"type":"LineString","coordinates":[[-4.26123,55.86246],[-4.26108,55.86288]]},"properties":{"c":109,"n":2108}},{"type":"Feature","geometry":{"type":"LineString","coordinates":[[-4.26182,55.8609],[-4.26168,55.8613]]},"properties":{"c":109,"n":2099}},{"type":"Feature","geometry":{"type":"LineString","coordinates":[[-4.26195,55.86055],[-4.26182,55.8609]]},"properties":{"c":109,"n":2099}},{"type":"Feature","geometry":{"type":"LineString","coordinates":[[-4.26068,55.86396],[-4.26055,55.86432]]},"properties":{"c":109,"n":2190}},{"type":"Feature","geometry":{"type":"LineString","coordinates":[[-4.26139,55.86203],[-4.26123,55.86246]]},"properties":{"c":109,"n":2099}},{"type":"Feature","geometry":{"type":"LineString","coordinates":[[-4.25892,55.85273],[-4.25926,55.85177]]},"properties":{"c":11512,"n":34553}},{"type":"Feature","geometry":{"type":"LineString","coordinates":[[-4.25963,55.85079],[-4.25977,55.85043]]},"properties":{"c":10549,"n":29555}},{"type":"Feature","geometry":{"type":"LineString","coordinates":[[-4.26097,55.84711],[-4.26126,55.84629]]},"properties":{"c":16714,"n":47424}},{"type":"Feature","geometry":{"type":"LineString","coordinates":[[-4.26171,55.84505],[-4.26174,55.84498]]},"properties":{"c":25259,"n":51597}},{"type":"Feature","geometry":{"type":"LineString","coordinates":[[-4.26394,55.83852],[-4.26418,55.83785]]},"properties":{"c":4581,"n":5529}},{"type":"Feature","geometry":{"type":"LineString","coordinates":[[-4.26464,55.83664],[-4.26465,55.83659]]},"properties":{"c":4581,"n":6514}},{"type":"Feature","geometry":{"type":"LineString","coordinates":[[-4.26506,55.83546],[-4.26508,55.83542]]},"properties":{"c":4581,"n":7613}},{"type":"Feature","geometry":{"type":"LineString","coordinates":[[-4.25926,55.85177],[-4.25963,55.85079]]},"properties":{"c":10549,"n":30724}},{"type":"Feature","geometry":{"type":"LineString","coordinates":[[-4.26203,55.8442],[-4.26205,55.84414]]},"properties":{"c":25259,"n":51597}},{"type":"Feature","geometry":{"type":"LineString","coordinates":[[-4.26126,55.84629],[-4.26171,55.84505]]},"properties":{"c":25259,"n":51597}},{"type":"Feature","geometry":{"type":"LineString","coordinates":[[-4.26537,55.83341],[-4.26431,55.83299]]},"properties":{"c":4709,"n":8497}},{"type":"Feature","geometry":{"type":"LineString","coordinates":[[-4.25816,55.8547],[-4.25837,55.85415]]},"properties":{"c":11194,"n":27811}},{"type":"Feature","geometry":{"type":"LineString","coordinates":[[-4.26105,55.85667],[-4.25973,55.85662]]},"properties":{"c":8168,"n":19708}},{"type":"Feature","geometry":{"type":"LineString","coordinates":[[-4.26367,55.83926],[-4.26388,55.83871]]},"properties":{"c":4581,"n":5529}},{"type":"Feature","geometry":{"type":"LineString","coordinates":[[-4.26106,55.85874],[-4.26108,55.85838]]},"properties":{"c":4832,"n":12236}},{"type":"Feature","geometry":{"type":"LineString","coordinates":[[-4.25853,55.85372],[-4.25892,55.85273]]},"properties":{"c":10302,"n":24671}},{"type":"Feature","geometry":{"type":"LineString","coordinates":[[-4.26421,55.83779],[-4.26424,55.83774]]},"properties":{"c":4581,"n":5529}},{"type":"Feature","geometry":{"type":"LineString","coordinates":[[-4.26571,55.83358],[-4.26537,55.83341]]},"properties":{"c":4581,"n":7484}},{"type":"Feature","geometry":{"type":"LineString","coordinates":[[-4.25765,55.85615],[-4.25814,55.85476]]},"properties":{"c":11194,"n":27838}},{"type":"Feature","geometry":{"type":"LineString","coordinates":[[-4.25814,55.85476],[-4.25816,55.8547]]},"properties":{"c":11194,"n":27811}},{"type":"Feature","geometry":{"type":"LineString","coordinates":[[-4.262,55.84428],[-4.26203,55.8442]]},"properties":{"c":25259,"n":51597}},{"type":"Feature","geometry":{"type":"LineString","coordinates":[[-4.25759,55.85632],[-4.25765,55.85615]]},"properties":{"c":8810,"n":21399}},{"type":"Feature","geometry":{"type":"LineString","coordinates":[[-4.26421,55.83293],[-4.26412,55.83288]]},"properties":{"c":4709,"n":8431}},{"type":"Feature","geometry":{"type":"LineString","coordinates":[[-4.26536,55.83461],[-4.26539,55.83453]]},"properties":{"c":4581,"n":7484}},{"type":"Feature","geometry":{"type":"LineString","coordinates":[[-4.25977,55.85043],[-4.25999,55.84983]]},"properties":{"c":16714,"n":47609}},{"type":"Feature","geometry":{"type":"LineString","coordinates":[[-4.25837,55.85415],[-4.25853,55.85372]]},"properties":{"c":9633,"n":23724}},{"type":"Feature","geometry":{"type":"LineString","coordinates":[[-4.26465,55.83659],[-4.26467,55.83653]]},"properties":{"c":4581,"n":6514}},{"type":"Feature","geometry":{"type":"LineString","coordinates":[[-4.26349,55.83974],[-4.26367,55.83926]]},"properties":{"c":4581,"n":5529}},{"type":"Feature","geometry":{"type":"LineString","coordinates":[[-4.26444,55.83718],[-4.26464,55.83664]]},"properties":{"c":4581,"n":6403}},{"type":"Feature","geometry":{"type":"LineString","coordinates":[[-4.26508,55.83542],[-4.26536,55.83461]]},"properties":{"c":4581,"n":7484}},{"type":"Feature","geometry":{"type":"LineString","coordinates":[[-4.26035,55.84881],[-4.26097,55.84711]]},"properties":{"c":16714,"n":47424}},{"type":"Feature","geometry":{"type":"LineString","coordinates":[[-4.26205,55.84414],[-4.26216,55.84385]]},"properties":{"c":25259,"n":51597}},{"type":"Feature","geometry":{"type":"LineString","coordinates":[[-4.26343,55.83998],[-4.26349,55.83974]]},"properties":{"c":4581,"n":5529}},{"type":"Feature","geometry":{"type":"LineString","coordinates":[[-4.25973,55.85662],[-4.25891,55.85658],[-4.25756,55.85642]]},"properties":{"c":17176,"n":34175}},{"type":"Feature","geometry":{"type":"LineString","coordinates":[[-4.26418,55.83785],[-4.26421,55.83779]]},"properties":{"c":4581,"n":5529}},{"type":"Feature","geometry":{"type":"LineString","coordinates":[[-4.26108,55.85838],[-4.26105,55.85667]]},"properties":{"c":4832,"n":12236}},{"type":"Feature","geometry":{"type":"LineString","coordinates":[[-4.26467,55.83653],[-4.26506,55.83546]]},"properties":{"c":4581,"n":5640}},{"type":"Feature","geometry":{"type":"LineString","coordinates":[[-4.26431,55.83299],[-4.26421,55.83293]]},"properties":{"c":4709,"n":8497}},{"type":"Feature","geometry":{"type":"LineString","coordinates":[[-4.26388,55.83871],[-4.26394,55.83852]]},"properties":{"c":4581,"n":5529}},{"type":"Feature","geometry":{"type":"LineString","coordinates":[[-4.26216,55.84385],[-4.26243,55.84311]]},"properties":{"c":25259,"n":51597}},{"type":"Feature","geometry":{"type":"LineString","coordinates":[[-4.26174,55.84498],[-4.262,55.84428]]},"properties":{"c":25259,"n":51597}},{"type":"Feature","geometry":{"type":"LineString","coordinates":[[-4.25999,55.84983],[-4.26035,55.84881]]},"properties":{"c":16714,"n":47609}},{"type":"Feature","geometry":{"type":"LineString","coordinates":[[-4.26539,55.83453],[-4.26571,55.83358]]},"properties":{"c":4581,"n":7484}},{"type":"Feature","geometry":{"type":"LineString","coordinates":[[-4.26424,55.83774],[-4.26444,55.83718]]},"properties":{"c":4581,"n":5529}},{"type":"Feature","geometry":{"type":"LineString","coordinates":[[-4.2438,55.85674],[-4.24367,55.85688],[-4.24338,55.85698]]},"properties":{"c":4227,"n":8601}},{"type":"Feature","geometry":{"type":"LineString","coordinates":[[-4.23065,55.85025],[-4.23032,55.85014]]},"properties":{"c":3500,"n":19847}},{"type":"Feature","geometry":{"type":"LineString","coordinates":[[-4.24036,55.85467],[-4.23925,55.85442],[-4.23893,55.85441]]},"properties":{"c":2704,"n":15141}},{"type":"Feature","geometry":{"type":"LineString","coordinates":[[-4.23498,55.85247],[-4.23348,55.85162]]},"properties":{"c":3500,"n":19067}},{"type":"Feature","geometry":{"type":"LineString","coordinates":[[-4.23131,55.85047],[-4.23065,55.85025]]},"properties":{"c":3500,"n":19530}},{"type":"Feature","geometry":{"type":"LineString","coordinates":[[-4.23178,55.85065],[-4.23131,55.85047]]},"properties":{"c":3500,"n":19128}},{"type":"Feature","geometry":{"type":"LineString","coordinates":[[-4.23823,55.85417],[-4.23751,55.8538]]},"properties":{"c":3057,"n":16154}},{"type":"Feature","geometry":{"type":"LineString","coordinates":[[-4.23751,55.8538],[-4.23693,55.85348]]},"properties":{"c":3057,"n":16154}},{"type":"Feature","geometry":{"type":"LineString","coordinates":[[-4.23348,55.85162],[-4.23293,55.85125]]},"properties":{"c":3500,"n":19128}},{"type":"Feature","geometry":{"type":"LineString","coordinates":[[-4.23205,55.85075],[-4.23178,55.85065]]},"properties":{"c":3500,"n":19128}},{"type":"Feature","geometry":{"type":"LineString","coordinates":[[-4.22746,55.84944],[-4.22672,55.84925]]},"properties":{"c":3500,"n":19847}},{"type":"Feature","geometry":{"type":"LineString","coordinates":[[-4.24055,55.85592],[-4.24086,55.85545],[-4.24113,55.85521]]},"properties":{"c":10378,"n":12542}},{"type":"Feature","geometry":{"type":"LineString","coordinates":[[-4.2282,55.84962],[-4.22746,55.84944]]},"properties":{"c":3500,"n":19847}},{"type":"Feature","geometry":{"type":"LineString","coordinates":[[-4.23032,55.85014],[-4.22934,55.84989]]},"properties":{"c":3500,"n":19847}},{"type":"Feature","geometry":{"type":"LineString","coordinates":[[-4.24121,55.85505],[-4.24104,55.85497]]},"properties":{"c":11759,"n":17213}},{"type":"Feature","geometry":{"type":"LineString","coordinates":[[-4.23293,55.85125],[-4.23253,55.85096],[-4.23205,55.85075]]},"properties":{"c":3500,"n":19128}},{"type":"Feature","geometry":{"type":"LineString","coordinates":[[-4.24113,55.85521],[-4.24121,55.85505]]},"properties":{"c":9581,"n":9984}},{"type":"Feature","geometry":{"type":"LineString","coordinates":[[-4.23693,55.85348],[-4.23498,55.85247]]},"properties":{"c":3500,"n":19067}},{"type":"Feature","geometry":{"type":"LineString","coordinates":[[-4.22934,55.84989],[-4.2282,55.84962]]},"properties":{"c":3500,"n":19847}},{"type":"Feature","geometry":{"type":"LineString","coordinates":[[-4.23893,55.85441],[-4.23873,55.8544],[-4.23823,55.85417]]},"properties":{"c":3057,"n":16154}},{"type":"Feature","geometry":{"type":"LineString","coordinates":[[-4.24104,55.85497],[-4.24036,55.85467]]},"properties":{"c":2704,"n":15141}},{"type":"Feature","geometry":{"type":"LineString","coordinates":[[-4.26982,55.85958],[-4.26983,55.85947]]},"properties":{"c":314,"n":9587}},{"type":"Feature","geometry":{"type":"LineString","coordinates":[[-4.26965,55.85989],[-4.26967,55.8598]]},"properties":{"c":314,"n":9139}},{"type":"Feature","geometry":{"type":"LineString","coordinates":[[-4.26983,55.85947],[-4.26984,55.85937]]},"properties":{"c":314,"n":9587}},{"type":"Feature","geometry":{"type":"LineString","coordinates":[[-4.26967,55.8598],[-4.26982,55.85958]]},"properties":{"c":314,"n":9139}},{"type":"Feature","geometry":{"type":"LineString","coordinates":[[-4.27684,55.86017],[-4.27886,55.86011],[-4.28146,55.86041],[-4.28311,55.86076],[-4.28796,55.86199]]},"properties":{"c":0,"n":2784}},{"type":"Feature","geometry":{"type":"LineString","coordinates":[[-4.28796,55.86199],[-4.29003,55.86246],[-4.29229,55.86285],[-4.29355,55.86295],[-4.29559,55.86294],[-4.29676,55.86307],[-4.29763,55.86328],[-4.29888,55.86371],[-4.30007,55.86426]]},"properties":{"c":0,"n":2784}},{"type":"Feature","geometry":{"type":"LineString","coordinates":[[-4.31834,55.86961],[-4.31876,55.86966],[-4.32221,55.87052]]},"properties":{"c":0,"n":3114}},{"type":"Feature","geometry":{"type":"LineString","coordinates":[[-4.30007,55.86426],[-4.30146,55.8651],[-4.30353,55.86672],[-4.30559,55.86788],[-4.30669,55.8683],[-4.3078,55.86856],[-4.30864,55.86866],[-4.30953,55.86869],[-4.31253,55.86858],[-4.31422,55.8687],[-4.31539,55.86889]]},"properties":{"c":0,"n":894}},{"type":"Feature","geometry":{"type":"LineString","coordinates":[[-4.31539,55.86889],[-4.31834,55.86961]]},"properties":{"c":0,"n":3114}},{"type":"Feature","geometry":{"type":"LineString","coordinates":[[-4.31934,55.87569],[-4.31987,55.8759]]},"properties":{"c":0,"n":1616}},{"type":"Feature","geometry":{"type":"LineString","coordinates":[[-4.27548,55.86197],[-4.27603,55.86216]]},"properties":{"c":8815,"n":39798}},{"type":"Feature","geometry":{"type":"LineString","coordinates":[[-4.31412,55.87384],[-4.31416,55.87389]]},"properties":{"c":0,"n":1137}},{"type":"Feature","geometry":{"type":"LineString","coordinates":[[-4.27495,55.86184],[-4.27518,55.86191]]},"properties":{"c":8815,"n":39883}},{"type":"Feature","geometry":{"type":"LineString","coordinates":[[-4.31264,55.87074],[-4.31268,55.87083]]},"properties":{"c":0,"n":1137}},{"type":"Feature","geometry":{"type":"LineString","coordinates":[[-4.31268,55.87083],[-4.31286,55.87124]]},"properties":{"c":0,"n":1137}},{"type":"Feature","geometry":{"type":"LineString","coordinates":[[-4.31381,55.8733],[-4.31396,55.87358]]},"properties":{"c":0,"n":1137}},{"type":"Feature","geometry":{"type":"LineString","coordinates":[[-4.28089,55.86368],[-4.2814,55.86384]]},"properties":{"c":13073,"n":76473}},{"type":"Feature","geometry":{"type":"LineString","coordinates":[[-4.28189,55.86399],[-4.28277,55.86427]]},"properties":{"c":12403,"n":73072}},{"type":"Feature","geometry":{"type":"LineString","coordinates":[[-4.27731,55.86255],[-4.27733,55.86255]]},"properties":{"c":8815,"n":39798}},{"type":"Feature","geometry":{"type":"LineString","coordinates":[[-4.31769,55.87544],[-4.31903,55.87563]]},"properties":{"c":0,"n":1204}},{"type":"Feature","geometry":{"type":"LineString","coordinates":[[-4.2784,55.86301],[-4.27878,55.86302],[-4.27963,55.86328]]},"properties":{"c":17215,"n":64076}},{"type":"Feature","geometry":{"type":"LineString","coordinates":[[-4.31316,55.87191],[-4.31336,55.87238]]},"properties":{"c":0,"n":1137}},{"type":"Feature","geometry":{"type":"LineString","coordinates":[[-4.29035,55.86686],[-4.29121,55.86764]]},"properties":{"c":870,"n":19566}},{"type":"Feature","geometry":{"type":"LineString","coordinates":[[-4.28034,55.8635],[-4.28089,55.86368]]},"properties":{"c":12794,"n":78259}},{"type":"Feature","geometry":{"type":"LineString","coordinates":[[-4.31291,55.87135],[-4.31316,55.87191]]},"properties":{"c":0,"n":1137}},{"type":"Feature","geometry":{"type":"LineString","coordinates":[[-4.31903,55.87563],[-4.31934,55.87569]]},"properties":{"c":0,"n":1204}},{"type":"Feature","geometry":{"type":"LineString","coordinates":[[-4.2814,55.86384],[-4.28179,55.86396]]},"properties":{"c":13073,"n":75965}},{"type":"Feature","geometry":{"type":"LineString","coordinates":[[-4.27693,55.86243],[-4.27727,55.86253]]},"properties":{"c":8815,"n":39798}},{"type":"Feature","geometry":{"type":"LineString","coordinates":[[-4.27733,55.86255],[-4.27802,55.86276]]},"properties":{"c":8815,"n":39798}},{"type":"Feature","geometry":{"type":"LineString","coordinates":[[-4.28179,55.86396],[-4.28189,55.86399]]},"properties":{"c":12403,"n":73072}},{"type":"Feature","geometry":{"type":"LineString","coordinates":[[-4.27802,55.86276],[-4.2784,55.86301]]},"properties":{"c":8815,"n":39798}},{"type":"Feature","geometry":{"type":"LineString","coordinates":[[-4.27727,55.86253],[-4.27731,55.86255]]},"properties":{"c":8815,"n":39798}},{"type":"Feature","geometry":{"type":"LineString","coordinates":[[-4.27603,55.86216],[-4.27662,55.86233]]},"properties":{"c":8815,"n":39798}},{"type":"Feature","geometry":{"type":"LineString","coordinates":[[-4.27518,55.86191],[-4.27548,55.86197]]},"properties":{"c":8815,"n":39883}},{"type":"Feature","geometry":{"type":"LineString","coordinates":[[-4.31396,55.87358],[-4.31412,55.87384]]},"properties":{"c":0,"n":1137}},{"type":"Feature","geometry":{"type":"LineString","coordinates":[[-4.31286,55.87124],[-4.31291,55.87135]]},"properties":{"c":0,"n":1137}},{"type":"Feature","geometry":{"type":"LineString","coordinates":[[-4.27662,55.86233],[-4.27693,55.86243]]},"properties":{"c":8815,"n":39798}},{"type":"Feature","geometry":{"type":"LineString","coordinates":[[-4.31416,55.87389],[-4.31448,55.87426],[-4.31531,55.87496],[-4.31556,55.8751],[-4.3158,55.87518],[-4.31769,55.87544]]},"properties":{"c":0,"n":1137}},{"type":"Feature","geometry":{"type":"LineString","coordinates":[[-4.31336,55.87238],[-4.31381,55.8733]]},"properties":{"c":0,"n":1137}},{"type":"Feature","geometry":{"type":"LineString","coordinates":[[-4.26989,55.85764],[-4.2699,55.85714]]},"properties":{"c":314,"n":9459}},{"type":"Feature","geometry":{"type":"LineString","coordinates":[[-4.26984,55.85937],[-4.26985,55.85895]]},"properties":{"c":314,"n":9459}},{"type":"Feature","geometry":{"type":"LineString","coordinates":[[-4.26885,55.85664],[-4.26885,55.85663]]},"properties":{"c":586,"n":19458}},{"type":"Feature","geometry":{"type":"LineString","coordinates":[[-4.26991,55.85678],[-4.26912,55.85675]]},"properties":{"c":4812,"n":14290}},{"type":"Feature","geometry":{"type":"LineString","coordinates":[[-4.26873,55.85645],[-4.26704,55.85652],[-4.26636,55.85649],[-4.26458,55.85664],[-4.26332,55.85653]]},"properties":{"c":9135,"n":22288}},{"type":"Feature","geometry":{"type":"LineString","coordinates":[[-4.26885,55.85675],[-4.26885,55.85664]]},"properties":{"c":586,"n":19458}},{"type":"Feature","geometry":{"type":"LineString","coordinates":[[-4.26987,55.85831],[-4.26988,55.85774]]},"properties":{"c":314,"n":9459}},{"type":"Feature","geometry":{"type":"LineString","coordinates":[[-4.26985,55.85895],[-4.26987,55.85831]]},"properties":{"c":314,"n":9459}},{"type":"Feature","geometry":{"type":"LineString","coordinates":[[-4.26873,55.85663],[-4.26873,55.85661]]},"properties":{"c":9135,"n":22288}},{"type":"Feature","geometry":{"type":"LineString","coordinates":[[-4.26873,55.85661],[-4.26873,55.85645]]},"properties":{"c":9135,"n":22288}},{"type":"Feature","geometry":{"type":"LineString","coordinates":[[-4.26988,55.85774],[-4.26989,55.85764]]},"properties":{"c":314,"n":9459}},{"type":"Feature","geometry":{"type":"LineString","coordinates":[[-4.2699,55.85714],[-4.26991,55.85678]]},"properties":{"c":314,"n":9459}},{"type":"Feature","geometry":{"type":"LineString","coordinates":[[-4.25429,55.86396],[-4.25414,55.86433]]},"properties":{"c":2234,"n":7998}},{"type":"Feature","geometry":{"type":"LineString","coordinates":[[-4.25385,55.86507],[-4.25282,55.86495]]},"properties":{"c":4352,"n":33218}},{"type":"Feature","geometry":{"type":"LineString","coordinates":[[-4.25469,55.86287],[-4.25456,55.86324]]},"properties":{"c":1143,"n":3313}},{"type":"Feature","geometry":{"type":"LineString","coordinates":[[-4.25496,55.86215],[-4.25482,55.86251]]},"properties":{"c":1686,"n":4993}},{"type":"Feature","geometry":{"type":"LineString","coordinates":[[-4.25482,55.86251],[-4.25469,55.86287]]},"properties":{"c":1143,"n":3313}},{"type":"Feature","geometry":{"type":"LineString","coordinates":[[-4.25401,55.86469],[-4.25385,55.86507]]},"properties":{"c":6130,"n":38489}},{"type":"Feature","geometry":{"type":"LineString","coordinates":[[-4.25414,55.86433],[-4.25401,55.86469]]},"properties":{"c":6130,"n":33237}},{"type":"Feature","geometry":{"type":"LineString","coordinates":[[-4.25514,55.86163],[-4.25505,55.86187]]},"properties":{"c":1686,"n":4993}},{"type":"Feature","geometry":{"type":"LineString","coordinates":[[-4.25505,55.86187],[-4.25496,55.86215]]},"properties":{"c":1686,"n":4993}},{"type":"Feature","geometry":{"type":"LineString","coordinates":[[-4.25443,55.86361],[-4.25429,55.86396]]},"properties":{"c":2234,"n":7998}},{"type":"Feature","geometry":{"type":"LineString","coordinates":[[-4.25456,55.86324],[-4.25443,55.86361]]},"properties":{"c":1143,"n":3313}},{"type":"Feature","geometry":{"type":"LineString","coordinates":[[-4.26046,55.86469],[-4.26028,55.86505]]},"properties":{"c":31,"n":4120}},{"type":"Feature","geometry":{"type":"LineString","coordinates":[[-4.25609,55.85599],[-4.25622,55.85582],[-4.25601,55.85573]]},"properties":{"c":0,"n":3206}},{"type":"Feature","geometry":{"type":"LineString","coordinates":[[-4.25229,55.8547],[-4.25162,55.85479]]},"properties":{"c":0,"n":8124}},{"type":"Feature","geometry":{"type":"LineString","coordinates":[[-4.25607,55.85602],[-4.25609,55.85599]]},"properties":{"c":2384,"n":9745}},{"type":"Feature","geometry":{"type":"LineString","coordinates":[[-4.25756,55.85642],[-4.25703,55.8563]]},"properties":{"c":14112,"n":28030}},{"type":"Feature","geometry":{"type":"LineString","coordinates":[[-4.25703,55.8563],[-4.25669,55.85619]]},"properties":{"c":5486,"n":10758}},{"type":"Feature","geometry":{"type":"LineString","coordinates":[[-4.25601,55.85573],[-4.25229,55.8547]]},"properties":{"c":3041,"n":3751}},{"type":"Feature","geometry":{"type":"LineString","coordinates":[[-4.26581,55.82765],[-4.26597,55.82716]]},"properties":{"c":0,"n":2733}},{"type":"Feature","geometry":{"type":"LineString","coordinates":[[-4.26157,55.82503],[-4.26123,55.82492]]},"properties":{"c":0,"n":1887}},{"type":"Feature","geometry":{"type":"LineString","coordinates":[[-4.26167,55.82452],[-4.26154,55.82402]]},"properties":{"c":0,"n":3385}},{"type":"Feature","geometry":{"type":"LineString","coordinates":[[-4.26123,55.82492],[-4.26127,55.82486]]},"properties":{"c":0,"n":1887}},{"type":"Feature","geometry":{"type":"LineString","coordinates":[[-4.2612,55.82268],[-4.26113,55.82243]]},"properties":{"c":0,"n":4354}},{"type":"Feature","geometry":{"type":"LineString","coordinates":[[-4.26141,55.82355],[-4.26134,55.82327]]},"properties":{"c":0,"n":3385}},{"type":"Feature","geometry":{"type":"LineString","coordinates":[[-4.26579,55.827],[-4.26537,55.82669]]},"properties":{"c":0,"n":1887}},{"type":"Feature","geometry":{"type":"LineString","coordinates":[[-4.26154,55.82402],[-4.26141,55.82355]]},"properties":{"c":0,"n":3385}},{"type":"Feature","geometry":{"type":"LineString","coordinates":[[-4.26127,55.82486],[-4.26167,55.82452]]},"properties":{"c":0,"n":1887}},{"type":"Feature","geometry":{"type":"LineString","coordinates":[[-4.26405,55.82575],[-4.26339,55.82548],[-4.26229,55.82521]]},"properties":{"c":0,"n":1887}},{"type":"Feature","geometry":{"type":"LineString","coordinates":[[-4.26505,55.82645],[-4.26405,55.82575]]},"properties":{"c":0,"n":1887}},{"type":"Feature","geometry":{"type":"LineString","coordinates":[[-4.26597,55.82716],[-4.26579,55.827]]},"properties":{"c":0,"n":1473}},{"type":"Feature","geometry":{"type":"LineString","coordinates":[[-4.26229,55.82521],[-4.26157,55.82503]]},"properties":{"c":0,"n":1887}},{"type":"Feature","geometry":{"type":"LineString","coordinates":[[-4.26537,55.82669],[-4.26505,55.82645]]},"properties":{"c":0,"n":1887}},{"type":"Feature","geometry":{"type":"LineString","coordinates":[[-4.26134,55.82327],[-4.2612,55.82268]]},"properties":{"c":0,"n":3385}},{"type":"Feature","geometry":{"type":"LineString","coordinates":[[-4.2814,55.85877],[-4.28163,55.85781]]},"properties":{"c":3236,"n":15200}},{"type":"Feature","geometry":{"type":"LineString","coordinates":[[-4.28834,55.85399],[-4.28828,55.85385]]},"properties":{"c":1944,"n":8947}},{"type":"Feature","geometry":{"type":"LineString","coordinates":[[-4.28134,55.85903],[-4.28135,55.85899]]},"properties":{"c":3236,"n":15200}},{"type":"Feature","geometry":{"type":"LineString","coordinates":[[-4.28732,55.85651],[-4.28748,55.85643]]},"properties":{"c":1429,"n":13917}},{"type":"Feature","geometry":{"type":"LineString","coordinates":[[-4.28838,55.8532],[-4.28851,55.85234]]},"properties":{"c":1977,"n":9348}},{"type":"Feature","geometry":{"type":"LineString","coordinates":[[-4.28828,55.85385],[-4.28838,55.8532]]},"properties":{"c":1944,"n":8947}},{"type":"Feature","geometry":{"type":"LineString","coordinates":[[-4.28135,55.85899],[-4.28135,55.85898]]},"properties":{"c":3236,"n":15200}},{"type":"Feature","geometry":{"type":"LineString","coordinates":[[-4.28122,55.85949],[-4.28134,55.85903]]},"properties":{"c":3236,"n":15200}},{"type":"Feature","geometry":{"type":"LineString","coordinates":[[-4.2882,55.85419],[-4.28834,55.85399]]},"properties":{"c":1429,"n":13917}},{"type":"Feature","geometry":{"type":"LineString","coordinates":[[-4.28801,55.85503],[-4.28813,55.85448]]},"properties":{"c":1429,"n":13917}},{"type":"Feature","geometry":{"type":"LineString","coordinates":[[-4.28748,55.85643],[-4.28776,55.85622],[-4.28801,55.85503]]},"properties":{"c":1429,"n":13917}},{"type":"Feature","geometry":{"type":"LineString","coordinates":[[-4.28813,55.85448],[-4.2882,55.85419]]},"properties":{"c":1429,"n":13917}},{"type":"Feature","geometry":{"type":"LineString","coordinates":[[-4.28135,55.85898],[-4.2814,55.85877]]},"properties":{"c":3236,"n":15200}},{"type":"Feature","geometry":{"type":"LineString","coordinates":[[-4.26841,55.86283],[-4.26827,55.86338]]},"properties":{"c":794,"n":1295}},{"type":"Feature","geometry":{"type":"LineString","coordinates":[[-4.27086,55.86314],[-4.27016,55.86307]]},"properties":{"c":3571,"n":10618}},{"type":"Feature","geometry":{"type":"LineString","coordinates":[[-4.26891,55.86338],[-4.26968,55.86348],[-4.26977,55.86449]]},"properties":{"c":794,"n":1295}},{"type":"Feature","geometry":{"type":"LineString","coordinates":[[-4.27016,55.86307],[-4.26866,55.8629],[-4.26858,55.86285]]},"properties":{"c":5595,"n":15015}},{"type":"Feature","geometry":{"type":"LineString","coordinates":[[-4.26827,55.86338],[-4.26891,55.86338]]},"properties":{"c":794,"n":1295}},{"type":"Feature","geometry":{"type":"LineString","coordinates":[[-4.25837,55.85415],[-4.25762,55.85403]]},"properties":{"c":1561,"n":4087}},{"type":"Feature","geometry":{"type":"LineString","coordinates":[[-4.2564,55.85374],[-4.25654,55.85337]]},"properties":{"c":1561,"n":4084}},{"type":"Feature","geometry":{"type":"LineString","coordinates":[[-4.25643,55.85335],[-4.25675,55.85244]]},"properties":{"c":3609,"n":6445}},{"type":"Feature","geometry":{"type":"LineString","coordinates":[[-4.25095,55.85121],[-4.2491,55.85069]]},"properties":{"c":8011,"n":15703}},{"type":"Feature","geometry":{"type":"LineString","coordinates":[[-4.25295,55.85187],[-4.25146,55.85137]]},"properties":{"c":8011,"n":15703}},{"type":"Feature","geometry":{"type":"LineString","coordinates":[[-4.25146,55.85137],[-4.25095,55.85121]]},"properties":{"c":8011,"n":15703}},{"type":"Feature","geometry":{"type":"LineString","coordinates":[[-4.25762,55.85403],[-4.25678,55.85379]]},"properties":{"c":1561,"n":4087}},{"type":"Feature","geometry":{"type":"LineString","coordinates":[[-4.25307,55.85191],[-4.25295,55.85187]]},"properties":{"c":8011,"n":15703}},{"type":"Feature","geometry":{"type":"LineString","coordinates":[[-4.2491,55.85069],[-4.24892,55.85064]]},"properties":{"c":9218,"n":19907}},{"type":"Feature","geometry":{"type":"LineString","coordinates":[[-4.25654,55.85337],[-4.25643,55.85335]]},"properties":{"c":3692,"n":12277}},{"type":"Feature","geometry":{"type":"LineString","coordinates":[[-4.25678,55.85379],[-4.2564,55.85374]]},"properties":{"c":1561,"n":4087}},{"type":"Feature","geometry":{"type":"LineString","coordinates":[[-4.27522,55.86256],[-4.27539,55.86306]]},"properties":{"c":0,"n":636}},{"type":"Feature","geometry":{"type":"LineString","coordinates":[[-4.27609,55.86505],[-4.27622,55.86512],[-4.27925,55.86491]]},"properties":{"c":669,"n":3320}},{"type":"Feature","geometry":{"type":"LineString","coordinates":[[-4.27514,55.86232],[-4.27517,55.86242]]},"properties":{"c":0,"n":636}},{"type":"Feature","geometry":{"type":"LineString","coordinates":[[-4.28026,55.86572],[-4.27997,55.86575]]},"properties":{"c":1678,"n":13620}},{"type":"Feature","geometry":{"type":"LineString","coordinates":[[-4.27881,55.86603],[-4.27882,55.86604]]},"properties":{"c":560,"n":5050}},{"type":"Feature","geometry":{"type":"LineString","coordinates":[[-4.2758,55.86441],[-4.27588,55.86441]]},"properties":{"c":0,"n":982}},{"type":"Feature","geometry":{"type":"LineString","coordinates":[[-4.27882,55.86604],[-4.2789,55.86641]]},"properties":{"c":0,"n":4231}},{"type":"Feature","geometry":{"type":"LineString","coordinates":[[-4.27588,55.86441],[-4.27609,55.86505]]},"properties":{"c":0,"n":982}},{"type":"Feature","geometry":{"type":"LineString","coordinates":[[-4.28015,55.86529],[-4.28026,55.86572]]},"properties":{"c":670,"n":3174}},{"type":"Feature","geometry":{"type":"LineString","coordinates":[[-4.2756,55.86373],[-4.27562,55.86382]]},"properties":{"c":654,"n":6878}},{"type":"Feature","geometry":{"type":"LineString","coordinates":[[-4.27877,55.86585],[-4.27881,55.86603]]},"properties":{"c":560,"n":5050}},{"type":"Feature","geometry":{"type":"LineString","coordinates":[[-4.27517,55.86242],[-4.27522,55.86256]]},"properties":{"c":0,"n":636}},{"type":"Feature","geometry":{"type":"LineString","coordinates":[[-4.27511,55.8622],[-4.27514,55.86232]]},"properties":{"c":0,"n":636}},{"type":"Feature","geometry":{"type":"LineString","coordinates":[[-4.2789,55.86641],[-4.27899,55.86681]]},"properties":{"c":0,"n":5468}},{"type":"Feature","geometry":{"type":"LineString","coordinates":[[-4.27997,55.86575],[-4.27877,55.86585]]},"properties":{"c":1678,"n":13620}},{"type":"Feature","geometry":{"type":"LineString","coordinates":[[-4.27503,55.8622],[-4.27511,55.8622]]},"properties":{"c":0,"n":636}},{"type":"Feature","geometry":{"type":"LineString","coordinates":[[-4.27539,55.86306],[-4.2756,55.86373]]},"properties":{"c":374,"n":3082}},{"type":"Feature","geometry":{"type":"LineString","coordinates":[[-4.26332,55.85653],[-4.26344,55.85625],[-4.26393,55.8558],[-4.26399,55.85562],[-4.2639,55.85533]]},"properties":{"c":33166,"n":34408}},{"type":"Feature","geometry":{"type":"LineString","coordinates":[[-4.2639,55.85533],[-4.26339,55.85538],[-4.26208,55.85523],[-4.26165,55.85511],[-4.25988,55.85496]]},"properties":{"c":0,"n":28}},{"type":"Feature","geometry":{"type":"LineString","coordinates":[[-4.22166,55.84921],[-4.22004,55.84915]]},"properties":{"c":506,"n":7815}},{"type":"Feature","geometry":{"type":"LineString","coordinates":[[-4.22248,55.84918],[-4.22166,55.84921]]},"properties":{"c":506,"n":7434}},{"type":"Feature","geometry":{"type":"LineString","coordinates":[[-4.2193,55.8491],[-4.218,55.84901]]},"properties":{"c":166,"n":5365}},{"type":"Feature","geometry":{"type":"LineString","coordinates":[[-4.22622,55.84914],[-4.22596,55.84908]]},"properties":{"c":506,"n":7434}},{"type":"Feature","geometry":{"type":"LineString","coordinates":[[-4.22596,55.84908],[-4.22465,55.84892],[-4.22366,55.84904]]},"properties":{"c":506,"n":7434}},{"type":"Feature","geometry":{"type":"LineString","coordinates":[[-4.218,55.84901],[-4.2162,55.84887]]},"properties":{"c":166,"n":5365}},{"type":"Feature","geometry":{"type":"LineString","coordinates":[[-4.22004,55.84915],[-4.2193,55.8491]]},"properties":{"c":506,"n":7815}},{"type":"Feature","geometry":{"type":"LineString","coordinates":[[-4.22366,55.84904],[-4.22248,55.84918]]},"properties":{"c":506,"n":7434}},{"type":"Feature","geometry":{"type":"LineString","coordinates":[[-4.2712,55.87668],[-4.27126,55.87694]]},"properties":{"c":727,"n":9249}},{"type":"Feature","geometry":{"type":"LineString","coordinates":[[-4.26946,55.87299],[-4.26985,55.87347]]},"properties":{"c":2336,"n":12882}},{"type":"Feature","geometry":{"type":"LineString","coordinates":[[-4.26888,55.87199],[-4.26914,55.87259]]},"properties":{"c":2336,"n":12882}},{"type":"Feature","geometry":{"type":"LineString","coordinates":[[-4.27063,55.87456],[-4.27075,55.87488]]},"properties":{"c":2336,"n":10962}},{"type":"Feature","geometry":{"type":"LineString","coordinates":[[-4.26975,55.87866],[-4.26894,55.87877]]},"properties":{"c":0,"n":5713}},{"type":"Feature","geometry":{"type":"LineString","coordinates":[[-4.26833,55.87046],[-4.26878,55.87084],[-4.2689,55.87117]]},"properties":{"c":3283,"n":17506}},{"type":"Feature","geometry":{"type":"LineString","coordinates":[[-4.2713,55.87711],[-4.27098,55.87715],[-4.27064,55.87729]]},"properties":{"c":0,"n":5713}},{"type":"Feature","geometry":{"type":"LineString","coordinates":[[-4.2714,55.86736],[-4.27131,55.86756]]},"properties":{"c":836,"n":5718}},{"type":"Feature","geometry":{"type":"LineString","coordinates":[[-4.2689,55.87128],[-4.26888,55.87199]]},"properties":{"c":2336,"n":12882}},{"type":"Feature","geometry":{"type":"LineString","coordinates":[[-4.27064,55.87729],[-4.27019,55.87747]]},"properties":{"c":0,"n":5713}},{"type":"Feature","geometry":{"type":"LineString","coordinates":[[-4.26932,55.87782],[-4.26963,55.87842]]},"properties":{"c":0,"n":5713}},{"type":"Feature","geometry":{"type":"LineString","coordinates":[[-4.26958,55.86923],[-4.26897,55.86984]]},"properties":{"c":3943,"n":17121}},{"type":"Feature","geometry":{"type":"LineString","coordinates":[[-4.27083,55.87515],[-4.27087,55.87531]]},"properties":{"c":727,"n":8464}},{"type":"Feature","geometry":{"type":"LineString","coordinates":[[-4.26963,55.87842],[-4.26975,55.87866]]},"properties":{"c":0,"n":5713}},{"type":"Feature","geometry":{"type":"LineString","coordinates":[[-4.27075,55.87488],[-4.27082,55.87512]]},"properties":{"c":1527,"n":8148}},{"type":"Feature","geometry":{"type":"LineString","coordinates":[[-4.27087,55.87531],[-4.27113,55.87637]]},"properties":{"c":727,"n":8464}},{"type":"Feature","geometry":{"type":"LineString","coordinates":[[-4.27051,55.86833],[-4.27007,55.86876]]},"properties":{"c":3894,"n":15813}},{"type":"Feature","geometry":{"type":"LineString","coordinates":[[-4.26989,55.87353],[-4.27063,55.87456]]},"properties":{"c":2336,"n":10962}},{"type":"Feature","geometry":{"type":"LineString","coordinates":[[-4.27082,55.87512],[-4.27083,55.87515]]},"properties":{"c":727,"n":8464}},{"type":"Feature","geometry":{"type":"LineString","coordinates":[[-4.27131,55.86756],[-4.27051,55.86833]]},"properties":{"c":2905,"n":14384}},{"type":"Feature","geometry":{"type":"LineString","coordinates":[[-4.27126,55.87694],[-4.2713,55.87711]]},"properties":{"c":727,"n":9249}},{"type":"Feature","geometry":{"type":"LineString","coordinates":[[-4.26897,55.86984],[-4.2689,55.86991]]},"properties":{"c":3943,"n":17520}},{"type":"Feature","geometry":{"type":"LineString","coordinates":[[-4.26914,55.87259],[-4.26946,55.87299]]},"properties":{"c":2336,"n":12882}},{"type":"Feature","geometry":{"type":"LineString","coordinates":[[-4.27113,55.87637],[-4.2712,55.87668]]},"properties":{"c":727,"n":9249}},{"type":"Feature","geometry":{"type":"LineString","coordinates":[[-4.27019,55.87747],[-4.26932,55.87782]]},"properties":{"c":0,"n":5713}},{"type":"Feature","geometry":{"type":"LineString","coordinates":[[-4.27007,55.86876],[-4.26958,55.86923]]},"properties":{"c":3943,"n":17121}},{"type":"Feature","geometry":{"type":"LineString","coordinates":[[-4.26985,55.87347],[-4.26989,55.87353]]},"properties":{"c":2336,"n":12882}},{"type":"Feature","geometry":{"type":"LineString","coordinates":[[-4.19804,55.84666],[-4.19771,55.84651]]},"properties":{"c":0,"n":344}},{"type":"Feature","geometry":{"type":"LineString","coordinates":[[-4.20289,55.84785],[-4.20238,55.84782]]},"properties":{"c":0,"n":2201}},{"type":"Feature","geometry":{"type":"LineString","coordinates":[[-4.19152,55.84371],[-4.18971,55.84289]]},"properties":{"c":0,"n":224}},{"type":"Feature","geometry":{"type":"LineString","coordinates":[[-4.19771,55.84651],[-4.1968,55.84612]]},"properties":{"c":0,"n":344}},{"type":"Feature","geometry":{"type":"LineString","coordinates":[[-4.2047,55.848],[-4.20404,55.84794]]},"properties":{"c":0,"n":2201}},{"type":"Feature","geometry":{"type":"LineString","coordinates":[[-4.19567,55.84562],[-4.193,55.84437]]},"properties":{"c":0,"n":224}},{"type":"Feature","geometry":{"type":"LineString","coordinates":[[-4.19929,55.84717],[-4.19898,55.84704]]},"properties":{"c":0,"n":1013}},{"type":"Feature","geometry":{"type":"LineString","coordinates":[[-4.20371,55.84792],[-4.20289,55.84785]]},"properties":{"c":0,"n":2201}},{"type":"Feature","geometry":{"type":"LineString","coordinates":[[-4.20005,55.84745],[-4.19929,55.84717]]},"properties":{"c":0,"n":1233}},{"type":"Feature","geometry":{"type":"LineString","coordinates":[[-4.19898,55.84704],[-4.19891,55.84701]]},"properties":{"c":0,"n":1013}},{"type":"Feature","geometry":{"type":"LineString","coordinates":[[-4.18224,55.8404],[-4.18122,55.84003]]},"properties":{"c":0,"n":224}},{"type":"Feature","geometry":{"type":"LineString","coordinates":[[-4.20404,55.84794],[-4.2039,55.84793]]},"properties":{"c":0,"n":2201}},{"type":"Feature","geometry":{"type":"LineString","coordinates":[[-4.20238,55.84782],[-4.20225,55.84781]]},"properties":{"c":0,"n":2201}},{"type":"Feature","geometry":{"type":"LineString","coordinates":[[-4.20659,55.84814],[-4.20608,55.8481]]},"properties":{"c":0,"n":2407}},{"type":"Feature","geometry":{"type":"LineString","coordinates":[[-4.20671,55.84815],[-4.20659,55.84814]]},"properties":{"c":0,"n":2407}},{"type":"Feature","geometry":{"type":"LineString","coordinates":[[-4.19593,55.84575],[-4.19567,55.84562]]},"properties":{"c":0,"n":106}},{"type":"Feature","geometry":{"type":"LineString","coordinates":[[-4.20973,55.84839],[-4.20947,55.84837]]},"properties":{"c":0,"n":2407}},{"type":"Feature","geometry":{"type":"LineString","coordinates":[[-4.17646,55.83877],[-4.17616,55.83869]]},"properties":{"c":0,"n":224}},{"type":"Feature","geometry":{"type":"LineString","coordinates":[[-4.202,55.84779],[-4.20141,55.84772]]},"properties":{"c":0,"n":1233}},{"type":"Feature","geometry":{"type":"LineString","coordinates":[[-4.20787,55.84824],[-4.20757,55.84821]]},"properties":{"c":0,"n":2407}},{"type":"Feature","geometry":{"type":"LineString","coordinates":[[-4.20705,55.84817],[-4.20671,55.84815]]},"properties":{"c":0,"n":2407}},{"type":"Feature","geometry":{"type":"LineString","coordinates":[[-4.20511,55.84802],[-4.2047,55.848]]},"properties":{"c":0,"n":2201}},{"type":"Feature","geometry":{"type":"LineString","coordinates":[[-4.1968,55.84612],[-4.19593,55.84575]]},"properties":{"c":0,"n":344}},{"type":"Feature","geometry":{"type":"LineString","coordinates":[[-4.18782,55.84209],[-4.18768,55.84203]]},"properties":{"c":0,"n":224}},{"type":"Feature","geometry":{"type":"LineString","coordinates":[[-4.17616,55.83869],[-4.17243,55.83772]]},"properties":{"c":0,"n":224}},{"type":"Feature","geometry":{"type":"LineString","coordinates":[[-4.20813,55.84826],[-4.20787,55.84824]]},"properties":{"c":0,"n":2407}},{"type":"Feature","geometry":{"type":"LineString","coordinates":[[-4.20748,55.84821],[-4.20738,55.8482]]},"properties":{"c":0,"n":2407}},{"type":"Feature","geometry":{"type":"LineString","coordinates":[[-4.20608,55.8481],[-4.20575,55.84807]]},"properties":{"c":0,"n":2201}},{"type":"Feature","geometry":{"type":"LineString","coordinates":[[-4.18122,55.84003],[-4.18075,55.83988]]},"properties":{"c":0,"n":224}},{"type":"Feature","geometry":{"type":"LineString","coordinates":[[-4.20757,55.84821],[-4.20748,55.84821]]},"properties":{"c":0,"n":2407}},{"type":"Feature","geometry":{"type":"LineString","coordinates":[[-4.193,55.84437],[-4.19152,55.84371]]},"properties":{"c":0,"n":224}},{"type":"Feature","geometry":{"type":"LineString","coordinates":[[-4.19891,55.84701],[-4.19835,55.84678]]},"properties":{"c":0,"n":344}},{"type":"Feature","geometry":{"type":"LineString","coordinates":[[-4.19835,55.84678],[-4.19804,55.84666]]},"properties":{"c":0,"n":344}},{"type":"Feature","geometry":{"type":"LineString","coordinates":[[-4.17906,55.83944],[-4.17725,55.83897]]},"properties":{"c":0,"n":224}},{"type":"Feature","geometry":{"type":"LineString","coordinates":[[-4.20947,55.84837],[-4.2086,55.8483]]},"properties":{"c":0,"n":2407}},{"type":"Feature","geometry":{"type":"LineString","coordinates":[[-4.20738,55.8482],[-4.20705,55.84817]]},"properties":{"c":0,"n":2407}},{"type":"Feature","geometry":{"type":"LineString","coordinates":[[-4.20575,55.84807],[-4.20511,55.84802]]},"properties":{"c":0,"n":2201}},{"type":"Feature","geometry":{"type":"LineString","coordinates":[[-4.2012,55.8477],[-4.20097,55.84766]]},"properties":{"c":0,"n":1233}},{"type":"Feature","geometry":{"type":"LineString","coordinates":[[-4.20141,55.84772],[-4.2012,55.8477]]},"properties":{"c":0,"n":1233}},{"type":"Feature","geometry":{"type":"LineString","coordinates":[[-4.2039,55.84793],[-4.20371,55.84792]]},"properties":{"c":0,"n":2201}},{"type":"Feature","geometry":{"type":"LineString","coordinates":[[-4.18396,55.84097],[-4.18224,55.8404]]},"properties":{"c":0,"n":224}},{"type":"Feature","geometry":{"type":"LineString","coordinates":[[-4.20835,55.84828],[-4.20813,55.84826]]},"properties":{"c":0,"n":2407}},{"type":"Feature","geometry":{"type":"LineString","coordinates":[[-4.18619,55.84158],[-4.18445,55.84111]]},"properties":{"c":0,"n":224}},{"type":"Feature","geometry":{"type":"LineString","coordinates":[[-4.18768,55.84203],[-4.18619,55.84158]]},"properties":{"c":0,"n":224}},{"type":"Feature","geometry":{"type":"LineString","coordinates":[[-4.20097,55.84766],[-4.20084,55.84763]]},"properties":{"c":0,"n":1233}},{"type":"Feature","geometry":{"type":"LineString","coordinates":[[-4.18445,55.84111],[-4.18396,55.84097]]},"properties":{"c":0,"n":224}},{"type":"Feature","geometry":{"type":"LineString","coordinates":[[-4.20225,55.84781],[-4.202,55.84779]]},"properties":{"c":0,"n":1229}},{"type":"Feature","geometry":{"type":"LineString","coordinates":[[-4.17952,55.83956],[-4.17906,55.83944]]},"properties":{"c":0,"n":224}},{"type":"Feature","geometry":{"type":"LineString","coordinates":[[-4.18971,55.84289],[-4.18782,55.84209]]},"properties":{"c":0,"n":224}},{"type":"Feature","geometry":{"type":"LineString","coordinates":[[-4.18075,55.83988],[-4.17952,55.83956]]},"properties":{"c":0,"n":224}},{"type":"Feature","geometry":{"type":"LineString","coordinates":[[-4.2086,55.8483],[-4.20835,55.84828]]},"properties":{"c":0,"n":2407}},{"type":"Feature","geometry":{"type":"LineString","coordinates":[[-4.20084,55.84763],[-4.20005,55.84745]]},"properties":{"c":0,"n":1233}},{"type":"Feature","geometry":{"type":"LineString","coordinates":[[-4.17725,55.83897],[-4.17646,55.83877]]},"properties":{"c":0,"n":224}},{"type":"Feature","geometry":{"type":"LineString","coordinates":[[-4.25373,55.86547],[-4.25375,55.86588]]},"properties":{"c":5550,"n":32547}},{"type":"Feature","geometry":{"type":"LineString","coordinates":[[-4.25388,55.86627],[-4.25345,55.86615]]},"properties":{"c":1245,"n":10891}},{"type":"Feature","geometry":{"type":"LineString","coordinates":[[-4.25385,55.86507],[-4.25373,55.86547]]},"properties":{"c":5550,"n":32547}},{"type":"Feature","geometry":{"type":"LineString","coordinates":[[-4.25234,55.86597],[-4.25148,55.8659]]},"properties":{"c":1245,"n":10891}},{"type":"Feature","geometry":{"type":"LineString","coordinates":[[-4.25345,55.86615],[-4.25234,55.86597]]},"properties":{"c":1245,"n":10891}},{"type":"Feature","geometry":{"type":"LineString","coordinates":[[-4.25375,55.86588],[-4.25388,55.86627]]},"properties":{"c":207,"n":3288}},{"type":"Feature","geometry":{"type":"LineString","coordinates":[[-4.24161,55.85183],[-4.24091,55.85158]]},"properties":{"c":15229,"n":10930}},{"type":"Feature","geometry":{"type":"LineString","coordinates":[[-4.24091,55.85158],[-4.24072,55.85164],[-4.24054,55.85163],[-4.2404,55.85152],[-4.24043,55.85142]]},"properties":{"c":15229,"n":10930}},{"type":"Feature","geometry":{"type":"LineString","coordinates":[[-4.25122,55.85455],[-4.25068,55.85436]]},"properties":{"c":14860,"n":14529}},{"type":"Feature","geometry":{"type":"LineString","coordinates":[[-4.25193,55.85492],[-4.25108,55.85468]]},"properties":{"c":25345,"n":21422}},{"type":"Feature","geometry":{"type":"LineString","coordinates":[[-4.24359,55.85255],[-4.24329,55.85259],[-4.24318,55.85251],[-4.24321,55.85241]]},"properties":{"c":15229,"n":10930}},{"type":"Feature","geometry":{"type":"LineString","coordinates":[[-4.23842,55.8508],[-4.23592,55.85011]]},"properties":{"c":15229,"n":11313}},{"type":"Feature","geometry":{"type":"LineString","coordinates":[[-4.25383,55.85542],[-4.25259,55.8551]]},"properties":{"c":15629,"n":12926}},{"type":"Feature","geometry":{"type":"LineString","coordinates":[[-4.25068,55.85436],[-4.2506,55.85433]]},"properties":{"c":14860,"n":14395}},{"type":"Feature","geometry":{"type":"LineString","coordinates":[[-4.23592,55.85011],[-4.2337,55.84948]]},"properties":{"c":15229,"n":11313}},{"type":"Feature","geometry":{"type":"LineString","coordinates":[[-4.25113,55.85463],[-4.25122,55.85455]]},"properties":{"c":11819,"n":11590}},{"type":"Feature","geometry":{"type":"LineString","coordinates":[[-4.25426,55.85554],[-4.25383,55.85542]]},"properties":{"c":15629,"n":12926}},{"type":"Feature","geometry":{"type":"LineString","coordinates":[[-4.2506,55.85433],[-4.25023,55.85413],[-4.24714,55.85321]]},"properties":{"c":14860,"n":14395}},{"type":"Feature","geometry":{"type":"LineString","coordinates":[[-4.25607,55.85602],[-4.25426,55.85554]]},"properties":{"c":15629,"n":12926}},{"type":"Feature","geometry":{"type":"LineString","coordinates":[[-4.24489,55.85303],[-4.24359,55.85255]]},"properties":{"c":15229,"n":10930}},{"type":"Feature","geometry":{"type":"LineString","coordinates":[[-4.24043,55.85142],[-4.23842,55.8508]]},"properties":{"c":15229,"n":10930}},{"type":"Feature","geometry":{"type":"LineString","coordinates":[[-4.25259,55.8551],[-4.25193,55.85492]]},"properties":{"c":15629,"n":13279}},{"type":"Feature","geometry":{"type":"LineString","coordinates":[[-4.24321,55.85241],[-4.24161,55.85183]]},"properties":{"c":15229,"n":10930}},{"type":"Feature","geometry":{"type":"LineString","coordinates":[[-4.25108,55.85468],[-4.25113,55.85463]]},"properties":{"c":11819,"n":11590}},{"type":"Feature","geometry":{"type":"LineString","coordinates":[[-4.30467,55.86638],[-4.30511,55.86603]]},"properties":{"c":0,"n":2902}},{"type":"Feature","geometry":{"type":"LineString","coordinates":[[-4.30405,55.86666],[-4.30418,55.86662]]},"properties":{"c":0,"n":1890}},{"type":"Feature","geometry":{"type":"LineString","coordinates":[[-4.30007,55.86426],[-4.30136,55.86493],[-4.30367,55.86658]]},"properties":{"c":0,"n":1890}},{"type":"Feature","geometry":{"type":"LineString","coordinates":[[-4.30519,55.86595],[-4.30529,55.86596]]},"properties":{"c":0,"n":4630}},{"type":"Feature","geometry":{"type":"LineString","coordinates":[[-4.30367,55.86658],[-4.30405,55.86666]]},"properties":{"c":0,"n":1890}},{"type":"Feature","geometry":{"type":"LineString","coordinates":[[-4.30418,55.86662],[-4.30434,55.86654]]},"properties":{"c":0,"n":1890}},{"type":"Feature","geometry":{"type":"LineString","coordinates":[[-4.30434,55.86654],[-4.30467,55.86638]]},"properties":{"c":0,"n":1890}},{"type":"Feature","geometry":{"type":"LineString","coordinates":[[-4.30511,55.86603],[-4.30519,55.86595]]},"properties":{"c":0,"n":5431}},{"type":"Feature","geometry":{"type":"LineString","coordinates":[[-4.25926,55.85177],[-4.25836,55.8514]]},"properties":{"c":963,"n":3767}},{"type":"Feature","geometry":{"type":"LineString","coordinates":[[-4.25755,55.84848],[-4.25693,55.84841]]},"properties":{"c":0,"n":1020}},{"type":"Feature","geometry":{"type":"LineString","coordinates":[[-4.25566,55.84071],[-4.2536,55.84001]]},"properties":{"c":0,"n":1880}},{"type":"Feature","geometry":{"type":"LineString","coordinates":[[-4.25168,55.83935],[-4.25074,55.83896],[-4.25032,55.83836]]},"properties":{"c":0,"n":1880}},{"type":"Feature","geometry":{"type":"LineString","coordinates":[[-4.24847,55.83199],[-4.24838,55.83189],[-4.24808,55.83179]]},"properties":{"c":0,"n":1082}},{"type":"Feature","geometry":{"type":"LineString","coordinates":[[-4.24917,55.83634],[-4.24899,55.83589]]},"properties":{"c":0,"n":1880}},{"type":"Feature","geometry":{"type":"LineString","coordinates":[[-4.24878,55.83499],[-4.24875,55.83467]]},"properties":{"c":0,"n":1880}},{"type":"Feature","geometry":{"type":"LineString","coordinates":[[-4.25759,55.85053],[-4.25806,55.84924]]},"properties":{"c":0,"n":835}},{"type":"Feature","geometry":{"type":"LineString","coordinates":[[-4.24875,55.83467],[-4.24872,55.83437]]},"properties":{"c":0,"n":1880}},{"type":"Feature","geometry":{"type":"LineString","coordinates":[[-4.24862,55.83339],[-4.24857,55.83302]]},"properties":{"c":0,"n":1880}},{"type":"Feature","geometry":{"type":"LineString","coordinates":[[-4.25693,55.84841],[-4.25584,55.84828]]},"properties":{"c":0,"n":1020}},{"type":"Feature","geometry":{"type":"LineString","coordinates":[[-4.25431,55.84811],[-4.254,55.84807]]},"properties":{"c":2498,"n":14774}},{"type":"Feature","geometry":{"type":"LineString","coordinates":[[-4.24872,55.83437],[-4.24864,55.83363]]},"properties":{"c":0,"n":1880}},{"type":"Feature","geometry":{"type":"LineString","coordinates":[[-4.25815,55.849],[-4.25831,55.84857]]},"properties":{"c":0,"n":835}},{"type":"Feature","geometry":{"type":"LineString","coordinates":[[-4.2549,55.84818],[-4.25431,55.84811]]},"properties":{"c":2498,"n":14774}},{"type":"Feature","geometry":{"type":"LineString","coordinates":[[-4.25032,55.83836],[-4.24991,55.8377]]},"properties":{"c":0,"n":1880}},{"type":"Feature","geometry":{"type":"LineString","coordinates":[[-4.2536,55.84001],[-4.25266,55.83968]]},"properties":{"c":0,"n":1880}},{"type":"Feature","geometry":{"type":"LineString","coordinates":[[-4.2495,55.83704],[-4.24917,55.83634]]},"properties":{"c":0,"n":1880}},{"type":"Feature","geometry":{"type":"LineString","coordinates":[[-4.24851,55.83248],[-4.2485,55.83238]]},"properties":{"c":0,"n":1880}},{"type":"Feature","geometry":{"type":"LineString","coordinates":[[-4.25266,55.83968],[-4.25168,55.83935]]},"properties":{"c":0,"n":1880}},{"type":"Feature","geometry":{"type":"LineString","coordinates":[[-4.24864,55.83363],[-4.24862,55.83339]]},"properties":{"c":0,"n":1880}},{"type":"Feature","geometry":{"type":"LineString","coordinates":[[-4.24857,55.83302],[-4.24853,55.83263]]},"properties":{"c":0,"n":1880}},{"type":"Feature","geometry":{"type":"LineString","coordinates":[[-4.24888,55.83561],[-4.24886,55.83553]]},"properties":{"c":0,"n":1880}},{"type":"Feature","geometry":{"type":"LineString","coordinates":[[-4.25584,55.84828],[-4.25503,55.84819]]},"properties":{"c":0,"n":1020}},{"type":"Feature","geometry":{"type":"LineString","coordinates":[[-4.2485,55.83231],[-4.24847,55.83199]]},"properties":{"c":0,"n":1880}},{"type":"Feature","geometry":{"type":"LineString","coordinates":[[-4.25503,55.84819],[-4.2549,55.84818]]},"properties":{"c":2307,"n":13484}},{"type":"Feature","geometry":{"type":"LineString","coordinates":[[-4.25853,55.85065],[-4.25759,55.85053]]},"properties":{"c":0,"n":1034}},{"type":"Feature","geometry":{"type":"LineString","coordinates":[[-4.25608,55.84121],[-4.25598,55.84091],[-4.25566,55.84071]]},"properties":{"c":0,"n":1082}},{"type":"Feature","geometry":{"type":"LineString","coordinates":[[-4.2485,55.83238],[-4.2485,55.83231]]},"properties":{"c":0,"n":1880}},{"type":"Feature","geometry":{"type":"LineString","coordinates":[[-4.25806,55.84924],[-4.25815,55.849]]},"properties":{"c":0,"n":835}},{"type":"Feature","geometry":{"type":"LineString","coordinates":[[-4.24886,55.83553],[-4.24878,55.83499]]},"properties":{"c":0,"n":1880}},{"type":"Feature","geometry":{"type":"LineString","coordinates":[[-4.25831,55.84857],[-4.25755,55.84848]]},"properties":{"c":0,"n":1020}},{"type":"Feature","geometry":{"type":"LineString","coordinates":[[-4.24899,55.83589],[-4.24888,55.83561]]},"properties":{"c":0,"n":1880}},{"type":"Feature","geometry":{"type":"LineString","coordinates":[[-4.24991,55.8377],[-4.2495,55.83704]]},"properties":{"c":0,"n":1880}},{"type":"Feature","geometry":{"type":"LineString","coordinates":[[-4.24853,55.83263],[-4.24851,55.83248]]},"properties":{"c":0,"n":1880}},{"type":"Feature","geometry":{"type":"LineString","coordinates":[[-4.25836,55.8514],[-4.25829,55.85133],[-4.25853,55.85065]]},"properties":{"c":0,"n":780}},{"type":"Feature","geometry":{"type":"LineString","coordinates":[[-4.30009,55.87255],[-4.30077,55.87263]]},"properties":{"c":68,"n":2396}},{"type":"Feature","geometry":{"type":"LineString","coordinates":[[-4.30171,55.8736],[-4.30192,55.87385]]},"properties":{"c":68,"n":2396}},{"type":"Feature","geometry":{"type":"LineString","coordinates":[[-4.30253,55.87435],[-4.30282,55.87457],[-4.30284,55.87469]]},"properties":{"c":68,"n":2396}},{"type":"Feature","geometry":{"type":"LineString","coordinates":[[-4.30051,55.87152],[-4.30033,55.872]]},"properties":{"c":68,"n":2396}},{"type":"Feature","geometry":{"type":"LineString","coordinates":[[-4.30078,55.8708],[-4.30051,55.87152]]},"properties":{"c":68,"n":2396}},{"type":"Feature","geometry":{"type":"LineString","coordinates":[[-4.3018,55.87334],[-4.30177,55.8734]]},"properties":{"c":116,"n":4649}},{"type":"Feature","geometry":{"type":"LineString","coordinates":[[-4.30192,55.87385],[-4.30253,55.87435]]},"properties":{"c":68,"n":2396}},{"type":"Feature","geometry":{"type":"LineString","coordinates":[[-4.30177,55.8734],[-4.30171,55.8736]]},"properties":{"c":116,"n":4649}},{"type":"Feature","geometry":{"type":"LineString","coordinates":[[-4.30033,55.872],[-4.30009,55.87255]]},"properties":{"c":68,"n":2396}},{"type":"Feature","geometry":{"type":"LineString","coordinates":[[-4.30201,55.87279],[-4.3018,55.87334]]},"properties":{"c":116,"n":4649}},{"type":"Feature","geometry":{"type":"LineString","coordinates":[[-4.30077,55.87263],[-4.30201,55.87279]]},"properties":{"c":68,"n":2396}},{"type":"Feature","geometry":{"type":"LineString","coordinates":[[-4.28433,55.86476],[-4.28406,55.86544]]},"properties":{"c":5489,"n":17336}},{"type":"Feature","geometry":{"type":"LineString","coordinates":[[-4.24731,55.85656],[-4.24658,55.85646]]},"properties":{"c":584,"n":6383}},{"type":"Feature","geometry":{"type":"LineString","coordinates":[[-4.24658,55.85646],[-4.24652,55.85645]]},"properties":{"c":584,"n":6670}},{"type":"Feature","geometry":{"type":"LineString","coordinates":[[-4.24652,55.85645],[-4.24673,55.85591]]},"properties":{"c":4864,"n":3859}},{"type":"Feature","geometry":{"type":"LineString","coordinates":[[-4.24708,55.8572],[-4.24731,55.85656]]},"properties":{"c":584,"n":6403}},{"type":"Feature","geometry":{"type":"LineString","coordinates":[[-4.27167,55.87856],[-4.27195,55.87962],[-4.27233,55.88004]]},"properties":{"c":727,"n":5383}},{"type":"Feature","geometry":{"type":"LineString","coordinates":[[-4.2713,55.87711],[-4.27167,55.87856]]},"properties":{"c":727,"n":5383}},{"type":"Feature","geometry":{"type":"LineString","coordinates":[[-4.24599,55.85956],[-4.24518,55.85949]]},"properties":{"c":5500,"n":13475}},{"type":"Feature","geometry":{"type":"LineString","coordinates":[[-4.25064,55.86],[-4.24942,55.85988]]},"properties":{"c":3158,"n":7343}},{"type":"Feature","geometry":{"type":"LineString","coordinates":[[-4.24695,55.85966],[-4.24684,55.85965]]},"properties":{"c":5442,"n":15972}},{"type":"Feature","geometry":{"type":"LineString","coordinates":[[-4.24942,55.85988],[-4.2492,55.85986]]},"properties":{"c":6843,"n":12105}},{"type":"Feature","geometry":{"type":"LineString","coordinates":[[-4.25187,55.86011],[-4.25064,55.86]]},"properties":{"c":3796,"n":7067}},{"type":"Feature","geometry":{"type":"LineString","coordinates":[[-4.24857,55.85981],[-4.24788,55.85974]]},"properties":{"c":9054,"n":13431}},{"type":"Feature","geometry":{"type":"LineString","coordinates":[[-4.24788,55.85974],[-4.24766,55.85972]]},"properties":{"c":7538,"n":23377}},{"type":"Feature","geometry":{"type":"LineString","coordinates":[[-4.24684,55.85965],[-4.24599,55.85956]]},"properties":{"c":4887,"n":10648}},{"type":"Feature","geometry":{"type":"LineString","coordinates":[[-4.25203,55.85965],[-4.25194,55.8599]]},"properties":{"c":7880,"n":13390}},{"type":"Feature","geometry":{"type":"LineString","coordinates":[[-4.25194,55.8599],[-4.25187,55.86011]]},"properties":{"c":3796,"n":7373}},{"type":"Feature","geometry":{"type":"LineString","coordinates":[[-4.24766,55.85972],[-4.24695,55.85966]]},"properties":{"c":5674,"n":18439}},{"type":"Feature","geometry":{"type":"LineString","coordinates":[[-4.2492,55.85986],[-4.24857,55.85981]]},"properties":{"c":6419,"n":11697}},{"type":"Feature","geometry":{"type":"LineString","coordinates":[[-4.27528,55.86306],[-4.27551,55.86374]]},"properties":{"c":1318,"n":5819}},{"type":"Feature","geometry":{"type":"LineString","coordinates":[[-4.27441,55.86454],[-4.27362,55.8646]]},"properties":{"c":819,"n":4542}},{"type":"Feature","geometry":{"type":"LineString","coordinates":[[-4.27421,55.86384],[-4.27441,55.86454]]},"properties":{"c":445,"n":2096}},{"type":"Feature","geometry":{"type":"LineString","coordinates":[[-4.27551,55.86374],[-4.27421,55.86384]]},"properties":{"c":1598,"n":8246}},{"type":"Feature","geometry":{"type":"LineString","coordinates":[[-4.26362,55.82995],[-4.2635,55.82993],[-4.26343,55.82981],[-4.26247,55.82971],[-4.26188,55.82944],[-4.26171,55.82911],[-4.26151,55.82895],[-4.26175,55.82874],[-4.26192,55.82806]]},"properties":{"c":366,"n":2886}},{"type":"Feature","geometry":{"type":"LineString","coordinates":[[-4.26192,55.82806],[-4.26187,55.82797],[-4.26164,55.82797],[-4.26164,55.8279]]},"properties":{"c":838,"n":6079}},{"type":"Feature","geometry":{"type":"LineString","coordinates":[[-4.26544,55.85434],[-4.26572,55.85432]]},"properties":{"c":15539,"n":28542}},{"type":"Feature","geometry":{"type":"LineString","coordinates":[[-4.26414,55.85499],[-4.26435,55.85451]]},"properties":{"c":15539,"n":26379}},{"type":"Feature","geometry":{"type":"LineString","coordinates":[[-4.26856,55.85415],[-4.26859,55.85408]]},"properties":{"c":14380,"n":22159}},{"type":"Feature","geometry":{"type":"LineString","coordinates":[[-4.26646,55.85428],[-4.26728,55.85422]]},"properties":{"c":15539,"n":28542}},{"type":"Feature","geometry":{"type":"LineString","coordinates":[[-4.26859,55.85408],[-4.26867,55.85384]]},"properties":{"c":7778,"n":12552}},{"type":"Feature","geometry":{"type":"LineString","coordinates":[[-4.26493,55.85438],[-4.26544,55.85434]]},"properties":{"c":15539,"n":28542}},{"type":"Feature","geometry":{"type":"LineString","coordinates":[[-4.26572,55.85432],[-4.26605,55.8543]]},"properties":{"c":15539,"n":28542}},{"type":"Feature","geometry":{"type":"LineString","coordinates":[[-4.26605,55.8543],[-4.26646,55.85428]]},"properties":{"c":15539,"n":28542}},{"type":"Feature","geometry":{"type":"LineString","coordinates":[[-4.26728,55.85422],[-4.26814,55.85416]]},"properties":{"c":15539,"n":28542}},{"type":"Feature","geometry":{"type":"LineString","coordinates":[[-4.26398,55.85506],[-4.26414,55.85499]]},"properties":{"c":22371,"n":29712}},{"type":"Feature","geometry":{"type":"LineString","coordinates":[[-4.26435,55.85451],[-4.26452,55.85441]]},"properties":{"c":15539,"n":26379}},{"type":"Feature","geometry":{"type":"LineString","coordinates":[[-4.26465,55.8544],[-4.26493,55.85438]]},"properties":{"c":15539,"n":28542}},{"type":"Feature","geometry":{"type":"LineString","coordinates":[[-4.2639,55.85533],[-4.26391,55.85522]]},"properties":{"c":33166,"n":34398}},{"type":"Feature","geometry":{"type":"LineString","coordinates":[[-4.26391,55.85522],[-4.26398,55.85506]]},"properties":{"c":33166,"n":34398}},{"type":"Feature","geometry":{"type":"LineString","coordinates":[[-4.26452,55.85441],[-4.26465,55.8544]]},"properties":{"c":15539,"n":26379}},{"type":"Feature","geometry":{"type":"LineString","coordinates":[[-4.26814,55.85416],[-4.26849,55.85415]]},"properties":{"c":15539,"n":28542}},{"type":"Feature","geometry":{"type":"LineString","coordinates":[[-4.26849,55.85415],[-4.26856,55.85415]]},"properties":{"c":15539,"n":28542}},{"type":"Feature","geometry":{"type":"LineString","coordinates":[[-4.30061,55.86962],[-4.30087,55.86978]]},"properties":{"c":3194,"n":23341}},{"type":"Feature","geometry":{"type":"LineString","coordinates":[[-4.29964,55.86808],[-4.30011,55.86812]]},"properties":{"c":2009,"n":19824}},{"type":"Feature","geometry":{"type":"LineString","coordinates":[[-4.29349,55.86737],[-4.29427,55.86759]]},"properties":{"c":2009,"n":19824}},{"type":"Feature","geometry":{"type":"LineString","coordinates":[[-4.29427,55.86759],[-4.29523,55.86787],[-4.29644,55.86801]]},"properties":{"c":2009,"n":19824}},{"type":"Feature","geometry":{"type":"LineString","coordinates":[[-4.29664,55.86803],[-4.29847,55.86815],[-4.29964,55.86808]]},"properties":{"c":2009,"n":19824}},{"type":"Feature","geometry":{"type":"LineString","coordinates":[[-4.29644,55.86801],[-4.29664,55.86803]]},"properties":{"c":2009,"n":19824}},{"type":"Feature","geometry":{"type":"LineString","coordinates":[[-4.30011,55.86812],[-4.30003,55.86829],[-4.30018,55.86883],[-4.30048,55.86952],[-4.30061,55.86962]]},"properties":{"c":2009,"n":19824}},{"type":"Feature","geometry":{"type":"LineString","coordinates":[[-4.29328,55.86727],[-4.29349,55.86737]]},"properties":{"c":2009,"n":19824}},{"type":"Feature","geometry":{"type":"LineString","coordinates":[[-4.30519,55.86595],[-4.30518,55.86583]]},"properties":{"c":0,"n":801}},{"type":"Feature","geometry":{"type":"LineString","coordinates":[[-4.30518,55.86583],[-4.30529,55.86581]]},"properties":{"c":1507,"n":6203}},{"type":"Feature","geometry":{"type":"LineString","coordinates":[[-4.26551,55.86344],[-4.26525,55.86413]]},"properties":{"c":0,"n":2642}},{"type":"Feature","geometry":{"type":"LineString","coordinates":[[-4.26525,55.86413],[-4.26511,55.86449]]},"properties":{"c":0,"n":1155}},{"type":"Feature","geometry":{"type":"LineString","coordinates":[[-4.26567,55.86298],[-4.26551,55.86344]]},"properties":{"c":0,"n":2567}},{"type":"Feature","geometry":{"type":"LineString","coordinates":[[-4.26585,55.86254],[-4.26567,55.86298]]},"properties":{"c":0,"n":2582}},{"type":"Feature","geometry":{"type":"LineString","coordinates":[[-4.26498,55.86485],[-4.26485,55.86521]]},"properties":{"c":384,"n":10852}},{"type":"Feature","geometry":{"type":"LineString","coordinates":[[-4.26451,55.85367],[-4.26457,55.8535]]},"properties":{"c":8259,"n":3742}},{"type":"Feature","geometry":{"type":"LineString","coordinates":[[-4.26421,55.8545],[-4.26427,55.85435]]},"properties":{"c":8259,"n":3544}},{"type":"Feature","geometry":{"type":"LineString","coordinates":[[-4.26447,55.85378],[-4.26451,55.85367]]},"properties":{"c":8259,"n":3742}},{"type":"Feature","geometry":{"type":"LineString","coordinates":[[-4.26617,55.84947],[-4.26658,55.8483]]},"properties":{"c":12671,"n":6898}},{"type":"Feature","geometry":{"type":"LineString","coordinates":[[-4.26534,55.85144],[-4.26604,55.84962]]},"properties":{"c":5839,"n":3272}},{"type":"Feature","geometry":{"type":"LineString","coordinates":[[-4.26484,55.85277],[-4.26495,55.8525]]},"properties":{"c":5839,"n":3319}},{"type":"Feature","geometry":{"type":"LineString","coordinates":[[-4.26495,55.8525],[-4.26495,55.8524]]},"properties":{"c":5839,"n":3319}},{"type":"Feature","geometry":{"type":"LineString","coordinates":[[-4.26658,55.8483],[-4.2667,55.84795]]},"properties":{"c":12671,"n":6898}},{"type":"Feature","geometry":{"type":"LineString","coordinates":[[-4.26461,55.85339],[-4.26464,55.85329]]},"properties":{"c":5839,"n":3319}},{"type":"Feature","geometry":{"type":"LineString","coordinates":[[-4.26407,55.85482],[-4.26421,55.8545]]},"properties":{"c":8259,"n":3544}},{"type":"Feature","geometry":{"type":"LineString","coordinates":[[-4.26604,55.84962],[-4.26617,55.84947]]},"properties":{"c":5839,"n":3272}},{"type":"Feature","geometry":{"type":"LineString","coordinates":[[-4.26495,55.8524],[-4.26515,55.85195]]},"properties":{"c":5839,"n":3304}},{"type":"Feature","geometry":{"type":"LineString","coordinates":[[-4.26427,55.85435],[-4.26431,55.85424]]},"properties":{"c":8259,"n":3742}},{"type":"Feature","geometry":{"type":"LineString","coordinates":[[-4.26406,55.85486],[-4.26407,55.85482]]},"properties":{"c":8259,"n":3544}},{"type":"Feature","geometry":{"type":"LineString","coordinates":[[-4.26457,55.8535],[-4.26461,55.85339]]},"properties":{"c":8259,"n":3742}},{"type":"Feature","geometry":{"type":"LineString","coordinates":[[-4.26441,55.85396],[-4.26447,55.85378]]},"properties":{"c":8259,"n":3742}},{"type":"Feature","geometry":{"type":"LineString","coordinates":[[-4.26473,55.85308],[-4.26484,55.85277]]},"properties":{"c":5839,"n":3319}},{"type":"Feature","geometry":{"type":"LineString","coordinates":[[-4.26398,55.85506],[-4.26405,55.85488]]},"properties":{"c":10795,"n":4686}},{"type":"Feature","geometry":{"type":"LineString","coordinates":[[-4.26515,55.85195],[-4.26534,55.85144]]},"properties":{"c":5839,"n":3408}},{"type":"Feature","geometry":{"type":"LineString","coordinates":[[-4.26405,55.85488],[-4.26406,55.85486]]},"properties":{"c":8259,"n":3544}},{"type":"Feature","geometry":{"type":"LineString","coordinates":[[-4.26431,55.85424],[-4.26441,55.85396]]},"properties":{"c":8259,"n":3742}},{"type":"Feature","geometry":{"type":"LineString","coordinates":[[-4.26464,55.85329],[-4.26473,55.85308]]},"properties":{"c":5839,"n":3319}},{"type":"Feature","geometry":{"type":"LineString","coordinates":[[-4.2667,55.84795],[-4.26689,55.84747],[-4.26686,55.84728]]},"properties":{"c":12671,"n":6898}},{"type":"Feature","geometry":{"type":"LineString","coordinates":[[-4.26738,55.84978],[-4.26745,55.84978]]},"properties":{"c":0,"n":146}},{"type":"Feature","geometry":{"type":"LineString","coordinates":[[-4.26534,55.85144],[-4.26546,55.85145]]},"properties":{"c":0,"n":95}},{"type":"Feature","geometry":{"type":"LineString","coordinates":[[-4.26999,55.84991],[-4.2702,55.84991]]},"properties":{"c":0,"n":146}},{"type":"Feature","geometry":{"type":"LineString","coordinates":[[-4.26614,55.84969],[-4.26738,55.84978]]},"properties":{"c":0,"n":138}},{"type":"Feature","geometry":{"type":"LineString","coordinates":[[-4.27066,55.8499],[-4.27153,55.84989]]},"properties":{"c":0,"n":158}},{"type":"Feature","geometry":{"type":"LineString","coordinates":[[-4.26745,55.84978],[-4.26786,55.84983]]},"properties":{"c":0,"n":146}},{"type":"Feature","geometry":{"type":"LineString","coordinates":[[-4.27045,55.8499],[-4.27066,55.8499]]},"properties":{"c":0,"n":146}},{"type":"Feature","geometry":{"type":"LineString","coordinates":[[-4.26965,55.84993],[-4.26999,55.84991]]},"properties":{"c":0,"n":146}},{"type":"Feature","geometry":{"type":"LineString","coordinates":[[-4.27256,55.84987],[-4.2732,55.84987]]},"properties":{"c":0,"n":158}},{"type":"Feature","geometry":{"type":"LineString","coordinates":[[-4.26786,55.84983],[-4.26875,55.84994]]},"properties":{"c":0,"n":146}},{"type":"Feature","geometry":{"type":"LineString","coordinates":[[-4.2702,55.84991],[-4.27045,55.8499]]},"properties":{"c":0,"n":146}},{"type":"Feature","geometry":{"type":"LineString","coordinates":[[-4.26546,55.85145],[-4.2655,55.85134]]},"properties":{"c":6832,"n":3756}},{"type":"Feature","geometry":{"type":"LineString","coordinates":[[-4.26875,55.84994],[-4.26965,55.84993]]},"properties":{"c":0,"n":146}},{"type":"Feature","geometry":{"type":"LineString","coordinates":[[-4.27178,55.84988],[-4.27256,55.84987]]},"properties":{"c":0,"n":158}},{"type":"Feature","geometry":{"type":"LineString","coordinates":[[-4.27153,55.84989],[-4.27178,55.84988]]},"properties":{"c":0,"n":158}},{"type":"Feature","geometry":{"type":"LineString","coordinates":[[-4.26559,55.85109],[-4.26614,55.84969]]},"properties":{"c":6832,"n":3756}},{"type":"Feature","geometry":{"type":"LineString","coordinates":[[-4.2655,55.85134],[-4.26559,55.85109]]},"properties":{"c":6832,"n":3756}},{"type":"Feature","geometry":{"type":"LineString","coordinates":[[-4.26532,55.87328],[-4.26332,55.87394]]},"properties":{"c":367,"n":4732}},{"type":"Feature","geometry":{"type":"LineString","coordinates":[[-4.2669,55.87183],[-4.26638,55.87234]]},"properties":{"c":367,"n":2639}},{"type":"Feature","geometry":{"type":"LineString","coordinates":[[-4.2619,55.8744],[-4.26168,55.87446]]},"properties":{"c":367,"n":3954}},{"type":"Feature","geometry":{"type":"LineString","coordinates":[[-4.26168,55.87446],[-4.26125,55.87477],[-4.26098,55.87537]]},"properties":{"c":367,"n":5733}},{"type":"Feature","geometry":{"type":"LineString","coordinates":[[-4.25576,55.8778],[-4.25456,55.87797]]},"properties":{"c":367,"n":5733}},{"type":"Feature","geometry":{"type":"LineString","coordinates":[[-4.26219,55.87431],[-4.26199,55.87437]]},"properties":{"c":367,"n":4732}},{"type":"Feature","geometry":{"type":"LineString","coordinates":[[-4.24087,55.87883],[-4.24004,55.87903]]},"properties":{"c":0,"n":1378}},{"type":"Feature","geometry":{"type":"LineString","coordinates":[[-4.23503,55.87989],[-4.23455,55.87997]]},"properties":{"c":0,"n":1378}},{"type":"Feature","geometry":{"type":"LineString","coordinates":[[-4.24004,55.87903],[-4.23786,55.8794]]},"properties":{"c":0,"n":1378}},{"type":"Feature","geometry":{"type":"LineString","coordinates":[[-4.24735,55.87671],[-4.24607,55.87665]]},"properties":{"c":0,"n":2307}},{"type":"Feature","geometry":{"type":"LineString","coordinates":[[-4.24559,55.87666],[-4.24482,55.87674]]},"properties":{"c":0,"n":2307}},{"type":"Feature","geometry":{"type":"LineString","coordinates":[[-4.23786,55.8794],[-4.2362,55.87969]]},"properties":{"c":0,"n":1378}},{"type":"Feature","geometry":{"type":"LineString","coordinates":[[-4.26332,55.87394],[-4.26281,55.87411]]},"properties":{"c":367,"n":4732}},{"type":"Feature","geometry":{"type":"LineString","coordinates":[[-4.25605,55.87775],[-4.25576,55.8778]]},"properties":{"c":367,"n":5733}},{"type":"Feature","geometry":{"type":"LineString","coordinates":[[-4.25868,55.87706],[-4.25748,55.87745],[-4.25605,55.87775]]},"properties":{"c":367,"n":5733}},{"type":"Feature","geometry":{"type":"LineString","coordinates":[[-4.24482,55.87674],[-4.24328,55.87719],[-4.24292,55.87746],[-4.24242,55.87806]]},"properties":{"c":0,"n":2748}},{"type":"Feature","geometry":{"type":"LineString","coordinates":[[-4.23438,55.88],[-4.23388,55.88008]]},"properties":{"c":0,"n":1378}},{"type":"Feature","geometry":{"type":"LineString","coordinates":[[-4.26739,55.87137],[-4.2669,55.87183]]},"properties":{"c":367,"n":2639}},{"type":"Feature","geometry":{"type":"LineString","coordinates":[[-4.26638,55.87234],[-4.26532,55.87328]]},"properties":{"c":367,"n":2639}},{"type":"Feature","geometry":{"type":"LineString","coordinates":[[-4.2362,55.87969],[-4.23535,55.87984]]},"properties":{"c":0,"n":1378}},{"type":"Feature","geometry":{"type":"LineString","coordinates":[[-4.26098,55.87537],[-4.26064,55.8757],[-4.25868,55.87706]]},"properties":{"c":367,"n":5733}},{"type":"Feature","geometry":{"type":"LineString","coordinates":[[-4.24607,55.87665],[-4.24559,55.87666]]},"properties":{"c":0,"n":2307}},{"type":"Feature","geometry":{"type":"LineString","coordinates":[[-4.23455,55.87997],[-4.23438,55.88]]},"properties":{"c":0,"n":1378}},{"type":"Feature","geometry":{"type":"LineString","coordinates":[[-4.26199,55.87437],[-4.2619,55.8744]]},"properties":{"c":367,"n":4732}},{"type":"Feature","geometry":{"type":"LineString","coordinates":[[-4.23535,55.87984],[-4.23503,55.87989]]},"properties":{"c":0,"n":1378}},{"type":"Feature","geometry":{"type":"LineString","coordinates":[[-4.24175,55.87846],[-4.24087,55.87883]]},"properties":{"c":0,"n":1330}},{"type":"Feature","geometry":{"type":"LineString","coordinates":[[-4.26281,55.87411],[-4.26219,55.87431]]},"properties":{"c":367,"n":4732}},{"type":"Feature","geometry":{"type":"LineString","coordinates":[[-4.28963,55.84128],[-4.28978,55.84096]]},"properties":{"c":0,"n":1872}},{"type":"Feature","geometry":{"type":"LineString","coordinates":[[-4.28667,55.84554],[-4.28807,55.84437]]},"properties":{"c":0,"n":2312}},{"type":"Feature","geometry":{"type":"LineString","coordinates":[[-4.28876,55.84347],[-4.28928,55.84223]]},"properties":{"c":0,"n":1390}},{"type":"Feature","geometry":{"type":"LineString","coordinates":[[-4.28928,55.84223],[-4.28963,55.84128]]},"properties":{"c":0,"n":1725}},{"type":"Feature","geometry":{"type":"LineString","coordinates":[[-4.28807,55.84437],[-4.28876,55.84347]]},"properties":{"c":0,"n":1390}},{"type":"Feature","geometry":{"type":"LineString","coordinates":[[-4.2619,55.8744],[-4.26155,55.87433]]},"properties":{"c":0,"n":929}},{"type":"Feature","geometry":{"type":"LineString","coordinates":[[-4.26155,55.87433],[-4.26151,55.87428]]},"properties":{"c":0,"n":2485}},{"type":"Feature","geometry":{"type":"LineString","coordinates":[[-4.24553,55.8563],[-4.24493,55.85619],[-4.24478,55.85613],[-4.24476,55.85604]]},"properties":{"c":584,"n":6299}},{"type":"Feature","geometry":{"type":"LineString","coordinates":[[-4.24652,55.85645],[-4.24553,55.8563]]},"properties":{"c":584,"n":6299}},{"type":"Feature","geometry":{"type":"LineString","coordinates":[[-4.24168,55.86032],[-4.24153,55.86054]]},"properties":{"c":6223,"n":7420}},{"type":"Feature","geometry":{"type":"LineString","coordinates":[[-4.24299,55.85926],[-4.24226,55.8598]]},"properties":{"c":3283,"n":5743}},{"type":"Feature","geometry":{"type":"LineString","coordinates":[[-4.24449,55.85799],[-4.24393,55.85882]]},"properties":{"c":5170,"n":8257}},{"type":"Feature","geometry":{"type":"LineString","coordinates":[[-4.24393,55.85882],[-4.24384,55.85897]]},"properties":{"c":5170,"n":8257}},{"type":"Feature","geometry":{"type":"LineString","coordinates":[[-4.24384,55.85897],[-4.24368,55.85934]]},"properties":{"c":5170,"n":8257}},{"type":"Feature","geometry":{"type":"LineString","coordinates":[[-4.24226,55.8598],[-4.24168,55.86032]]},"properties":{"c":3283,"n":5743}},{"type":"Feature","geometry":{"type":"LineString","coordinates":[[-4.27082,55.87512],[-4.27062,55.87505]]},"properties":{"c":800,"n":15726}},{"type":"Feature","geometry":{"type":"LineString","coordinates":[[-4.3039,55.88198],[-4.30334,55.88249]]},"properties":{"c":116,"n":2533}},{"type":"Feature","geometry":{"type":"LineString","coordinates":[[-4.3054,55.87963],[-4.30486,55.88049]]},"properties":{"c":116,"n":2533}},{"type":"Feature","geometry":{"type":"LineString","coordinates":[[-4.30579,55.879],[-4.30553,55.87943]]},"properties":{"c":116,"n":2533}},{"type":"Feature","geometry":{"type":"LineString","coordinates":[[-4.30607,55.87821],[-4.30579,55.879]]},"properties":{"c":116,"n":2533}},{"type":"Feature","geometry":{"type":"LineString","coordinates":[[-4.30453,55.88101],[-4.3039,55.88198]]},"properties":{"c":116,"n":2533}},{"type":"Feature","geometry":{"type":"LineString","coordinates":[[-4.30553,55.87943],[-4.30551,55.87945]]},"properties":{"c":116,"n":2533}},{"type":"Feature","geometry":{"type":"LineString","coordinates":[[-4.30486,55.88049],[-4.30453,55.88101]]},"properties":{"c":116,"n":2533}},{"type":"Feature","geometry":{"type":"LineString","coordinates":[[-4.30634,55.87697],[-4.30637,55.87713]]},"properties":{"c":116,"n":3109}},{"type":"Feature","geometry":{"type":"LineString","coordinates":[[-4.30551,55.87945],[-4.3054,55.87963]]},"properties":{"c":116,"n":2533}},{"type":"Feature","geometry":{"type":"LineString","coordinates":[[-4.30637,55.87713],[-4.30607,55.87821]]},"properties":{"c":116,"n":2183}},{"type":"Feature","geometry":{"type":"LineString","coordinates":[[-4.26525,55.86413],[-4.26518,55.86412]]},"properties":{"c":0,"n":1487}},{"type":"Feature","geometry":{"type":"LineString","coordinates":[[-4.27107,55.8627],[-4.27074,55.86272]]},"properties":{"c":0,"n":91}},{"type":"Feature","geometry":{"type":"LineString","coordinates":[[-4.26518,55.86412],[-4.26374,55.86396]]},"properties":{"c":0,"n":1487}},{"type":"Feature","geometry":{"type":"LineString","coordinates":[[-4.27503,55.8622],[-4.27445,55.8622]]},"properties":{"c":0,"n":91}},{"type":"Feature","geometry":{"type":"LineString","coordinates":[[-4.26362,55.86431],[-4.26216,55.86414]]},"properties":{"c":787,"n":1037}},{"type":"Feature","geometry":{"type":"LineString","coordinates":[[-4.27238,55.86267],[-4.27107,55.8627]]},"properties":{"c":0,"n":91}},{"type":"Feature","geometry":{"type":"LineString","coordinates":[[-4.26374,55.86396],[-4.26362,55.86431]]},"properties":{"c":0,"n":1462}},{"type":"Feature","geometry":{"type":"LineString","coordinates":[[-4.26216,55.86414],[-4.26068,55.86396]]},"properties":{"c":0,"n":99}},{"type":"Feature","geometry":{"type":"LineString","coordinates":[[-4.27445,55.8622],[-4.27337,55.8622]]},"properties":{"c":0,"n":91}},{"type":"Feature","geometry":{"type":"LineString","coordinates":[[-4.27232,55.86226],[-4.27238,55.86267]]},"properties":{"c":0,"n":91}},{"type":"Feature","geometry":{"type":"LineString","coordinates":[[-4.27337,55.8622],[-4.27232,55.86226]]},"properties":{"c":0,"n":91}},{"type":"Feature","geometry":{"type":"LineString","coordinates":[[-4.26619,55.86092],[-4.26618,55.86096]]},"properties":{"c":5546,"n":2302}},{"type":"Feature","geometry":{"type":"LineString","coordinates":[[-4.25555,55.86049],[-4.25476,55.8604]]},"properties":{"c":3085,"n":7341}},{"type":"Feature","geometry":{"type":"LineString","coordinates":[[-4.26618,55.86096],[-4.26498,55.86082]]},"properties":{"c":8098,"n":3958}},{"type":"Feature","geometry":{"type":"LineString","coordinates":[[-4.25424,55.86021],[-4.25325,55.86009]]},"properties":{"c":5748,"n":10231}},{"type":"Feature","geometry":{"type":"LineString","coordinates":[[-4.27105,55.86046],[-4.27091,55.86042],[-4.27102,55.86063],[-4.27078,55.86081],[-4.27099,55.86089],[-4.2711,55.8608],[-4.27096,55.86072],[-4.26939,55.86072],[-4.26803,55.86095],[-4.26622,55.86079],[-4.26621,55.86085]]},"properties":{"c":5546,"n":2313}},{"type":"Feature","geometry":{"type":"LineString","coordinates":[[-4.25476,55.8604],[-4.25419,55.86033]]},"properties":{"c":3085,"n":7341}},{"type":"Feature","geometry":{"type":"LineString","coordinates":[[-4.25325,55.86009],[-4.25313,55.86004],[-4.25194,55.8599]]},"properties":{"c":5748,"n":10231}},{"type":"Feature","geometry":{"type":"LineString","coordinates":[[-4.26498,55.86082],[-4.2649,55.86081]]},"properties":{"c":8098,"n":3958}},{"type":"Feature","geometry":{"type":"LineString","coordinates":[[-4.26621,55.86085],[-4.26619,55.86092]]},"properties":{"c":5546,"n":2302}},{"type":"Feature","geometry":{"type":"LineString","coordinates":[[-4.2851,55.8718],[-4.28505,55.87199]]},"properties":{"c":736,"n":16652}},{"type":"Feature","geometry":{"type":"LineString","coordinates":[[-4.28632,55.87],[-4.2851,55.8718]]},"properties":{"c":1008,"n":24674}},{"type":"Feature","geometry":{"type":"LineString","coordinates":[[-4.28746,55.86838],[-4.2865,55.86973]]},"properties":{"c":946,"n":23833}},{"type":"Feature","geometry":{"type":"LineString","coordinates":[[-4.28424,55.87287],[-4.28384,55.87348]]},"properties":{"c":508,"n":10566}},{"type":"Feature","geometry":{"type":"LineString","coordinates":[[-4.2878,55.86788],[-4.28746,55.86838]]},"properties":{"c":946,"n":23833}},{"type":"Feature","geometry":{"type":"LineString","coordinates":[[-4.28384,55.87348],[-4.28344,55.87401]]},"properties":{"c":508,"n":10566}},{"type":"Feature","geometry":{"type":"LineString","coordinates":[[-4.28505,55.87199],[-4.28502,55.87217]]},"properties":{"c":535,"n":9492}},{"type":"Feature","geometry":{"type":"LineString","coordinates":[[-4.2865,55.86973],[-4.28632,55.87]]},"properties":{"c":946,"n":23833}},{"type":"Feature","geometry":{"type":"LineString","coordinates":[[-4.28502,55.87217],[-4.28498,55.87224]]},"properties":{"c":535,"n":9492}},{"type":"Feature","geometry":{"type":"LineString","coordinates":[[-4.28305,55.87454],[-4.28231,55.87558]]},"properties":{"c":508,"n":10566}},{"type":"Feature","geometry":{"type":"LineString","coordinates":[[-4.28344,55.87401],[-4.28305,55.87454]]},"properties":{"c":508,"n":10566}},{"type":"Feature","geometry":{"type":"LineString","coordinates":[[-4.28498,55.87224],[-4.28442,55.87266]]},"properties":{"c":1566,"n":20224}},{"type":"Feature","geometry":{"type":"LineString","coordinates":[[-4.25833,55.86519],[-4.25795,55.86554]]},"properties":{"c":878,"n":12509}},{"type":"Feature","geometry":{"type":"LineString","coordinates":[[-4.25532,55.86523],[-4.25449,55.86513]]},"properties":{"c":878,"n":11434}},{"type":"Feature","geometry":{"type":"LineString","coordinates":[[-4.26335,55.86503],[-4.26321,55.86537]]},"properties":{"c":0,"n":1713}},{"type":"Feature","geometry":{"type":"LineString","coordinates":[[-4.25695,55.86542],[-4.25532,55.86523]]},"properties":{"c":878,"n":12801}},{"type":"Feature","geometry":{"type":"LineString","coordinates":[[-4.26321,55.86537],[-4.26174,55.8652]]},"properties":{"c":2442,"n":25637}},{"type":"Feature","geometry":{"type":"LineString","coordinates":[[-4.26362,55.86431],[-4.26348,55.86468]]},"properties":{"c":0,"n":1410}},{"type":"Feature","geometry":{"type":"LineString","coordinates":[[-4.26174,55.8652],[-4.26028,55.86505]]},"properties":{"c":1763,"n":32363}},{"type":"Feature","geometry":{"type":"LineString","coordinates":[[-4.25795,55.86554],[-4.25695,55.86542]]},"properties":{"c":878,"n":14351}},{"type":"Feature","geometry":{"type":"LineString","coordinates":[[-4.26348,55.86468],[-4.26335,55.86503]]},"properties":{"c":0,"n":1410}},{"type":"Feature","geometry":{"type":"LineString","coordinates":[[-4.25449,55.86513],[-4.25385,55.86507]]},"properties":{"c":878,"n":11434}},{"type":"Feature","geometry":{"type":"LineString","coordinates":[[-4.25851,55.86484],[-4.25833,55.86519]]},"properties":{"c":878,"n":17761}},{"type":"Feature","geometry":{"type":"LineString","coordinates":[[-4.27748,55.86207],[-4.27763,55.86209]]},"properties":{"c":0,"n":85}},{"type":"Feature","geometry":{"type":"LineString","coordinates":[[-4.27548,55.86197],[-4.27587,55.86197]]},"properties":{"c":0,"n":85}},{"type":"Feature","geometry":{"type":"LineString","coordinates":[[-4.27863,55.8623],[-4.27921,55.86248]]},"properties":{"c":0,"n":85}},{"type":"Feature","geometry":{"type":"LineString","coordinates":[[-4.27763,55.86209],[-4.27847,55.86225]]},"properties":{"c":0,"n":85}},{"type":"Feature","geometry":{"type":"LineString","coordinates":[[-4.28094,55.8606],[-4.28105,55.8602]]},"properties":{"c":3395,"n":15153}},{"type":"Feature","geometry":{"type":"LineString","coordinates":[[-4.27847,55.86225],[-4.27863,55.8623]]},"properties":{"c":0,"n":85}},{"type":"Feature","geometry":{"type":"LineString","coordinates":[[-4.2807,55.86182],[-4.28074,55.86168]]},"properties":{"c":4467,"n":25760}},{"type":"Feature","geometry":{"type":"LineString","coordinates":[[-4.27649,55.86198],[-4.27748,55.86207]]},"properties":{"c":0,"n":85}},{"type":"Feature","geometry":{"type":"LineString","coordinates":[[-4.28079,55.86148],[-4.28091,55.86091]]},"properties":{"c":4467,"n":25760}},{"type":"Feature","geometry":{"type":"LineString","coordinates":[[-4.28049,55.86269],[-4.28062,55.86211]]},"properties":{"c":4467,"n":25760}},{"type":"Feature","geometry":{"type":"LineString","coordinates":[[-4.28074,55.86168],[-4.28079,55.86148]]},"properties":{"c":4467,"n":25760}},{"type":"Feature","geometry":{"type":"LineString","coordinates":[[-4.27921,55.86248],[-4.28045,55.86284]]},"properties":{"c":0,"n":85}},{"type":"Feature","geometry":{"type":"LineString","coordinates":[[-4.28062,55.86211],[-4.2807,55.86182]]},"properties":{"c":4467,"n":25760}},{"type":"Feature","geometry":{"type":"LineString","coordinates":[[-4.2809,55.86072],[-4.28094,55.8606]]},"properties":{"c":3395,"n":14544}},{"type":"Feature","geometry":{"type":"LineString","coordinates":[[-4.28045,55.86284],[-4.28049,55.86269]]},"properties":{"c":4467,"n":25760}},{"type":"Feature","geometry":{"type":"LineString","coordinates":[[-4.27587,55.86197],[-4.2761,55.86198]]},"properties":{"c":0,"n":85}},{"type":"Feature","geometry":{"type":"LineString","coordinates":[[-4.2761,55.86198],[-4.27649,55.86198]]},"properties":{"c":0,"n":85}},{"type":"Feature","geometry":{"type":"LineString","coordinates":[[-4.28091,55.86091],[-4.2809,55.86072]]},"properties":{"c":2735,"n":14369}},{"type":"Feature","geometry":{"type":"LineString","coordinates":[[-4.2721,55.86473],[-4.27139,55.86478]]},"properties":{"c":2079,"n":8512}},{"type":"Feature","geometry":{"type":"LineString","coordinates":[[-4.2544,55.86208],[-4.25424,55.8622],[-4.25357,55.86208]]},"properties":{"c":2929,"n":5320}},{"type":"Feature","geometry":{"type":"LineString","coordinates":[[-4.26576,55.86253],[-4.26559,55.86297]]},"properties":{"c":2754,"n":4716}},{"type":"Feature","geometry":{"type":"LineString","coordinates":[[-4.25636,55.86232],[-4.25496,55.86215]]},"properties":{"c":3485,"n":5523}},{"type":"Feature","geometry":{"type":"LineString","coordinates":[[-4.26559,55.86297],[-4.2649,55.86289]]},"properties":{"c":2754,"n":4656}},{"type":"Feature","geometry":{"type":"LineString","coordinates":[[-4.26271,55.86263],[-4.26123,55.86246]]},"properties":{"c":2754,"n":4641}},{"type":"Feature","geometry":{"type":"LineString","coordinates":[[-4.25496,55.86215],[-4.2544,55.86208]]},"properties":{"c":3485,"n":5523}},{"type":"Feature","geometry":{"type":"LineString","coordinates":[[-4.25801,55.86251],[-4.25636,55.86232]]},"properties":{"c":4425,"n":11789}},{"type":"Feature","geometry":{"type":"LineString","coordinates":[[-4.25817,55.8621],[-4.25801,55.86251]]},"properties":{"c":3171,"n":11469}},{"type":"Feature","geometry":{"type":"LineString","coordinates":[[-4.26417,55.8628],[-4.26271,55.86263]]},"properties":{"c":2754,"n":4656}},{"type":"Feature","geometry":{"type":"LineString","coordinates":[[-4.2649,55.86289],[-4.26417,55.8628]]},"properties":{"c":2754,"n":4656}},{"type":"Feature","geometry":{"type":"LineString","coordinates":[[-4.26123,55.86246],[-4.25976,55.86228]]},"properties":{"c":2754,"n":4650}},{"type":"Feature","geometry":{"type":"LineString","coordinates":[[-4.25678,55.86585],[-4.25671,55.86601]]},"properties":{"c":111,"n":5386}},{"type":"Feature","geometry":{"type":"LineString","coordinates":[[-4.25671,55.86601],[-4.25649,55.86676]]},"properties":{"c":111,"n":5386}},{"type":"Feature","geometry":{"type":"LineString","coordinates":[[-4.25633,55.86675],[-4.255,55.86658],[-4.25405,55.86632]]},"properties":{"c":6381,"n":36862}},{"type":"Feature","geometry":{"type":"LineString","coordinates":[[-4.25649,55.86676],[-4.25633,55.86675]]},"properties":{"c":2147,"n":20045}},{"type":"Feature","geometry":{"type":"LineString","coordinates":[[-4.25695,55.86542],[-4.25678,55.86585]]},"properties":{"c":111,"n":5386}},{"type":"Feature","geometry":{"type":"LineString","coordinates":[[-4.25405,55.86632],[-4.25388,55.86627]]},"properties":{"c":1038,"n":7603}},{"type":"Feature","geometry":{"type":"LineString","coordinates":[[-4.23876,55.86306],[-4.23844,55.86304]]},"properties":{"c":1472,"n":9452}},{"type":"Feature","geometry":{"type":"LineString","coordinates":[[-4.23844,55.86304],[-4.23798,55.86301]]},"properties":{"c":1472,"n":9452}},{"type":"Feature","geometry":{"type":"LineString","coordinates":[[-4.23798,55.86301],[-4.23729,55.86297]]},"properties":{"c":1472,"n":9452}},{"type":"Feature","geometry":{"type":"LineString","coordinates":[[-4.23996,55.86309],[-4.23938,55.86308]]},"properties":{"c":1472,"n":9452}},{"type":"Feature","geometry":{"type":"LineString","coordinates":[[-4.23938,55.86308],[-4.23917,55.86308]]},"properties":{"c":1472,"n":9452}},{"type":"Feature","geometry":{"type":"LineString","coordinates":[[-4.23917,55.86308],[-4.23876,55.86306]]},"properties":{"c":1472,"n":9452}},{"type":"Feature","geometry":{"type":"LineString","coordinates":[[-4.1985,55.8516],[-4.19797,55.85143]]},"properties":{"c":0,"n":1975}},{"type":"Feature","geometry":{"type":"LineString","coordinates":[[-4.19961,55.85198],[-4.19891,55.85174]]},"properties":{"c":0,"n":1975}},{"type":"Feature","geometry":{"type":"LineString","coordinates":[[-4.22189,55.85475],[-4.2205,55.85455]]},"properties":{"c":0,"n":6554}},{"type":"Feature","geometry":{"type":"LineString","coordinates":[[-4.19876,55.85169],[-4.1985,55.8516]]},"properties":{"c":0,"n":1975}},{"type":"Feature","geometry":{"type":"LineString","coordinates":[[-4.20069,55.85235],[-4.20006,55.85214]]},"properties":{"c":0,"n":1975}},{"type":"Feature","geometry":{"type":"LineString","coordinates":[[-4.21413,55.85408],[-4.21111,55.85375]]},"properties":{"c":0,"n":7131}},{"type":"Feature","geometry":{"type":"LineString","coordinates":[[-4.20171,55.85268],[-4.20069,55.85235]]},"properties":{"c":0,"n":1975}},{"type":"Feature","geometry":{"type":"LineString","coordinates":[[-4.21111,55.85375],[-4.21065,55.85377],[-4.21034,55.8539]]},"properties":{"c":0,"n":3472}},{"type":"Feature","geometry":{"type":"LineString","coordinates":[[-4.2205,55.85455],[-4.21849,55.85441]]},"properties":{"c":0,"n":6554}},{"type":"Feature","geometry":{"type":"LineString","coordinates":[[-4.21849,55.85441],[-4.21723,55.85437]]},"properties":{"c":0,"n":6554}},{"type":"Feature","geometry":{"type":"LineString","coordinates":[[-4.20006,55.85214],[-4.19961,55.85198]]},"properties":{"c":0,"n":1975}},{"type":"Feature","geometry":{"type":"LineString","coordinates":[[-4.21032,55.85393],[-4.21001,55.85402]]},"properties":{"c":0,"n":3472}},{"type":"Feature","geometry":{"type":"LineString","coordinates":[[-4.21034,55.8539],[-4.21032,55.85393]]},"properties":{"c":0,"n":4005}},{"type":"Feature","geometry":{"type":"LineString","coordinates":[[-4.22341,55.85497],[-4.22189,55.85475]]},"properties":{"c":0,"n":6554}},{"type":"Feature","geometry":{"type":"LineString","coordinates":[[-4.21498,55.85421],[-4.21413,55.85408]]},"properties":{"c":0,"n":3472}},{"type":"Feature","geometry":{"type":"LineString","coordinates":[[-4.19891,55.85174],[-4.19876,55.85169]]},"properties":{"c":0,"n":1975}},{"type":"Feature","geometry":{"type":"LineString","coordinates":[[-4.22633,55.85538],[-4.22341,55.85497]]},"properties":{"c":0,"n":5881}},{"type":"Feature","geometry":{"type":"LineString","coordinates":[[-4.19797,55.85143],[-4.19735,55.85123]]},"properties":{"c":0,"n":1405}},{"type":"Feature","geometry":{"type":"LineString","coordinates":[[-4.28173,55.85765],[-4.28204,55.85744],[-4.28514,55.85608]]},"properties":{"c":5294,"n":17366}},{"type":"Feature","geometry":{"type":"LineString","coordinates":[[-4.28012,55.85414],[-4.27982,55.85404]]},"properties":{"c":8999,"n":24329}},{"type":"Feature","geometry":{"type":"LineString","coordinates":[[-4.2832,55.85558],[-4.28312,55.85546]]},"properties":{"c":4647,"n":12893}},{"type":"Feature","geometry":{"type":"LineString","coordinates":[[-4.28514,55.85608],[-4.28411,55.85583],[-4.28337,55.85555]]},"properties":{"c":8999,"n":24329}},{"type":"Feature","geometry":{"type":"LineString","coordinates":[[-4.27982,55.85404],[-4.2785,55.8537]]},"properties":{"c":8999,"n":24329}},{"type":"Feature","geometry":{"type":"LineString","coordinates":[[-4.28163,55.85781],[-4.28173,55.85765]]},"properties":{"c":2560,"n":8635}},{"type":"Feature","geometry":{"type":"LineString","coordinates":[[-4.28026,55.85419],[-4.28012,55.85414]]},"properties":{"c":8999,"n":24329}},{"type":"Feature","geometry":{"type":"LineString","coordinates":[[-4.28045,55.85427],[-4.28026,55.85419]]},"properties":{"c":8999,"n":24329}},{"type":"Feature","geometry":{"type":"LineString","coordinates":[[-4.28104,55.85451],[-4.28045,55.85427]]},"properties":{"c":8999,"n":24329}},{"type":"Feature","geometry":{"type":"LineString","coordinates":[[-4.28312,55.85546],[-4.28263,55.85524]]},"properties":{"c":8999,"n":24329}},{"type":"Feature","geometry":{"type":"LineString","coordinates":[[-4.28263,55.85524],[-4.28217,55.85504]]},"properties":{"c":8999,"n":24329}},{"type":"Feature","geometry":{"type":"LineString","coordinates":[[-4.28163,55.85479],[-4.28104,55.85451]]},"properties":{"c":8999,"n":24329}},{"type":"Feature","geometry":{"type":"LineString","coordinates":[[-4.28217,55.85504],[-4.28163,55.85479]]},"properties":{"c":8999,"n":24329}},{"type":"Feature","geometry":{"type":"LineString","coordinates":[[-4.28337,55.85555],[-4.2832,55.85558]]},"properties":{"c":4647,"n":12893}},{"type":"Feature","geometry":{"type":"LineString","coordinates":[[-4.25456,55.87797],[-4.25459,55.87768]]},"properties":{"c":367,"n":2609}},{"type":"Feature","geometry":{"type":"LineString","coordinates":[[-4.27754,55.85091],[-4.27763,55.85041]]},"properties":{"c":4903,"n":12569}},{"type":"Feature","geometry":{"type":"LineString","coordinates":[[-4.27745,55.8499],[-4.2773,55.84984],[-4.27647,55.84984]]},"properties":{"c":4903,"n":12569}},{"type":"Feature","geometry":{"type":"LineString","coordinates":[[-4.27575,55.84885],[-4.27522,55.84818],[-4.27479,55.84721]]},"properties":{"c":5625,"n":18336}},{"type":"Feature","geometry":{"type":"LineString","coordinates":[[-4.27636,55.84985],[-4.27634,55.84979]]},"properties":{"c":4903,"n":12554}},{"type":"Feature","geometry":{"type":"LineString","coordinates":[[-4.27617,55.84946],[-4.27598,55.84922]]},"properties":{"c":4903,"n":12735}},{"type":"Feature","geometry":{"type":"LineString","coordinates":[[-4.27598,55.84922],[-4.27575,55.84885]]},"properties":{"c":4903,"n":12735}},{"type":"Feature","geometry":{"type":"LineString","coordinates":[[-4.27647,55.84984],[-4.27636,55.84985]]},"properties":{"c":4903,"n":12569}},{"type":"Feature","geometry":{"type":"LineString","coordinates":[[-4.27634,55.84979],[-4.27617,55.84946]]},"properties":{"c":4903,"n":12554}},{"type":"Feature","geometry":{"type":"LineString","coordinates":[[-4.27508,55.8461],[-4.27495,55.84609]]},"properties":{"c":5326,"n":14958}},{"type":"Feature","geometry":{"type":"LineString","coordinates":[[-4.27746,55.85173],[-4.27753,55.85105]]},"properties":{"c":5625,"n":18234}},{"type":"Feature","geometry":{"type":"LineString","coordinates":[[-4.27763,55.85041],[-4.27748,55.85028],[-4.27745,55.8499]]},"properties":{"c":4903,"n":12569}},{"type":"Feature","geometry":{"type":"LineString","coordinates":[[-4.27753,55.85105],[-4.27754,55.85091]]},"properties":{"c":5625,"n":18234}},{"type":"Feature","geometry":{"type":"LineString","coordinates":[[-4.3127,55.88578],[-4.31108,55.8852]]},"properties":{"c":0,"n":2386}},{"type":"Feature","geometry":{"type":"LineString","coordinates":[[-4.31108,55.8852],[-4.3105,55.88499]]},"properties":{"c":0,"n":2386}},{"type":"Feature","geometry":{"type":"LineString","coordinates":[[-4.31588,55.88689],[-4.31402,55.88624]]},"properties":{"c":0,"n":2386}},{"type":"Feature","geometry":{"type":"LineString","coordinates":[[-4.32261,55.88923],[-4.32183,55.88896]]},"properties":{"c":0,"n":2507}},{"type":"Feature","geometry":{"type":"LineString","coordinates":[[-4.3105,55.88499],[-4.30979,55.88473]]},"properties":{"c":0,"n":2386}},{"type":"Feature","geometry":{"type":"LineString","coordinates":[[-4.31402,55.88624],[-4.3127,55.88578]]},"properties":{"c":0,"n":2386}},{"type":"Feature","geometry":{"type":"LineString","coordinates":[[-4.26076,55.86813],[-4.26049,55.86809]]},"properties":{"c":416,"n":7222}},{"type":"Feature","geometry":{"type":"LineString","coordinates":[[-4.32534,55.89028],[-4.32292,55.88933]]},"properties":{"c":0,"n":3059}},{"type":"Feature","geometry":{"type":"LineString","coordinates":[[-4.26025,55.86807],[-4.26014,55.86805]]},"properties":{"c":416,"n":7222}},{"type":"Feature","geometry":{"type":"LineString","coordinates":[[-4.26049,55.86809],[-4.26038,55.86808]]},"properties":{"c":416,"n":7222}},{"type":"Feature","geometry":{"type":"LineString","coordinates":[[-4.30979,55.88473],[-4.30836,55.88417]]},"properties":{"c":390,"n":5290}},{"type":"Feature","geometry":{"type":"LineString","coordinates":[[-4.32292,55.88933],[-4.32261,55.88923]]},"properties":{"c":0,"n":3059}},{"type":"Feature","geometry":{"type":"LineString","coordinates":[[-4.26987,55.87152],[-4.26701,55.86899],[-4.26646,55.86876],[-4.26516,55.86856]]},"properties":{"c":416,"n":8560}},{"type":"Feature","geometry":{"type":"LineString","coordinates":[[-4.26014,55.86805],[-4.25925,55.86747],[-4.25918,55.86729]]},"properties":{"c":1070,"n":11535}},{"type":"Feature","geometry":{"type":"LineString","coordinates":[[-4.27062,55.87179],[-4.26987,55.87152]]},"properties":{"c":416,"n":11639}},{"type":"Feature","geometry":{"type":"LineString","coordinates":[[-4.26038,55.86808],[-4.26025,55.86807]]},"properties":{"c":416,"n":7222}},{"type":"Feature","geometry":{"type":"LineString","coordinates":[[-4.26136,55.86815],[-4.26076,55.86813]]},"properties":{"c":416,"n":7233}},{"type":"Feature","geometry":{"type":"LineString","coordinates":[[-4.31762,55.88751],[-4.31588,55.88689]]},"properties":{"c":0,"n":2386}},{"type":"Feature","geometry":{"type":"LineString","coordinates":[[-4.32183,55.88896],[-4.32105,55.88869]]},"properties":{"c":0,"n":2507}},{"type":"Feature","geometry":{"type":"LineString","coordinates":[[-4.32105,55.88869],[-4.31762,55.88751]]},"properties":{"c":0,"n":2507}},{"type":"Feature","geometry":{"type":"LineString","coordinates":[[-4.27094,55.86696],[-4.27095,55.86682]]},"properties":{"c":6237,"n":28524}},{"type":"Feature","geometry":{"type":"LineString","coordinates":[[-4.27013,55.86293],[-4.27005,55.86269]]},"properties":{"c":2034,"n":10930}},{"type":"Feature","geometry":{"type":"LineString","coordinates":[[-4.27131,55.86756],[-4.27106,55.86736]]},"properties":{"c":6237,"n":28524}},{"type":"Feature","geometry":{"type":"LineString","coordinates":[[-4.27106,55.86736],[-4.27094,55.86696]]},"properties":{"c":6237,"n":28524}},{"type":"Feature","geometry":{"type":"LineString","coordinates":[[-4.271,55.86631],[-4.271,55.8662]]},"properties":{"c":5638,"n":18625}},{"type":"Feature","geometry":{"type":"LineString","coordinates":[[-4.26983,55.86195],[-4.26941,55.86098],[-4.26965,55.85989]]},"properties":{"c":2034,"n":10969}},{"type":"Feature","geometry":{"type":"LineString","coordinates":[[-4.27005,55.86269],[-4.26992,55.86226]]},"properties":{"c":2034,"n":10969}},{"type":"Feature","geometry":{"type":"LineString","coordinates":[[-4.27016,55.86307],[-4.27013,55.86293]]},"properties":{"c":2448,"n":12507}},{"type":"Feature","geometry":{"type":"LineString","coordinates":[[-4.27064,55.86459],[-4.27057,55.86436]]},"properties":{"c":3453,"n":14021}},{"type":"Feature","geometry":{"type":"LineString","coordinates":[[-4.27089,55.86547],[-4.27084,55.8653]]},"properties":{"c":4655,"n":15754}},{"type":"Feature","geometry":{"type":"LineString","coordinates":[[-4.27808,55.87195],[-4.27798,55.8719],[-4.278,55.87183]]},"properties":{"c":4195,"n":28121}},{"type":"Feature","geometry":{"type":"LineString","coordinates":[[-4.27098,55.86672],[-4.271,55.86631]]},"properties":{"c":5638,"n":18625}},{"type":"Feature","geometry":{"type":"LineString","coordinates":[[-4.27174,55.86778],[-4.27131,55.86756]]},"properties":{"c":4168,"n":20718}},{"type":"Feature","geometry":{"type":"LineString","coordinates":[[-4.271,55.8662],[-4.27089,55.86547]]},"properties":{"c":5887,"n":20026}},{"type":"Feature","geometry":{"type":"LineString","coordinates":[[-4.27084,55.8653],[-4.27064,55.86459]]},"properties":{"c":4655,"n":15754}},{"type":"Feature","geometry":{"type":"LineString","coordinates":[[-4.27057,55.86436],[-4.27016,55.86307]]},"properties":{"c":4472,"n":16904}},{"type":"Feature","geometry":{"type":"LineString","coordinates":[[-4.27095,55.86682],[-4.27098,55.86672]]},"properties":{"c":5638,"n":18625}},{"type":"Feature","geometry":{"type":"LineString","coordinates":[[-4.26992,55.86226],[-4.26983,55.86195]]},"properties":{"c":2034,"n":10969}},{"type":"Feature","geometry":{"type":"LineString","coordinates":[[-4.25878,55.86487],[-4.25892,55.8645]]},"properties":{"c":267,"n":7934}},{"type":"Feature","geometry":{"type":"LineString","coordinates":[[-4.25971,55.86644],[-4.26002,55.86577]]},"properties":{"c":0,"n":4413}},{"type":"Feature","geometry":{"type":"LineString","coordinates":[[-4.26002,55.86577],[-4.26028,55.86505]]},"properties":{"c":298,"n":13127}},{"type":"Feature","geometry":{"type":"LineString","coordinates":[[-4.25969,55.86648],[-4.25971,55.86644]]},"properties":{"c":0,"n":4812}},{"type":"Feature","geometry":{"type":"LineString","coordinates":[[-4.25892,55.8645],[-4.25907,55.86415]]},"properties":{"c":267,"n":7934}},{"type":"Feature","geometry":{"type":"LineString","coordinates":[[-4.31204,55.85142],[-4.31192,55.85121]]},"properties":{"c":444,"n":2274}},{"type":"Feature","geometry":{"type":"LineString","coordinates":[[-4.30616,55.86781],[-4.30452,55.86689],[-4.30451,55.86662],[-4.30495,55.86638]]},"properties":{"c":0,"n":1004}},{"type":"Feature","geometry":{"type":"LineString","coordinates":[[-4.30941,55.86208],[-4.30838,55.86179]]},"properties":{"c":1725,"n":7359}},{"type":"Feature","geometry":{"type":"LineString","coordinates":[[-4.32579,55.88066],[-4.32554,55.88041]]},"properties":{"c":0,"n":280}},{"type":"Feature","geometry":{"type":"LineString","coordinates":[[-4.32554,55.88893],[-4.3254,55.88787],[-4.32561,55.88576]]},"properties":{"c":0,"n":565}},{"type":"Feature","geometry":{"type":"LineString","coordinates":[[-4.30608,55.86787],[-4.30616,55.86781]]},"properties":{"c":0,"n":307}},{"type":"Feature","geometry":{"type":"LineString","coordinates":[[-4.31235,55.85271],[-4.31246,55.85242]]},"properties":{"c":209,"n":1066}},{"type":"Feature","geometry":{"type":"LineString","coordinates":[[-4.30978,55.85804],[-4.30988,55.8578]]},"properties":{"c":356,"n":3009}},{"type":"Feature","geometry":{"type":"LineString","coordinates":[[-4.30988,55.8578],[-4.31041,55.85666]]},"properties":{"c":356,"n":3009}},{"type":"Feature","geometry":{"type":"LineString","coordinates":[[-4.31083,55.856],[-4.31105,55.85564]]},"properties":{"c":356,"n":3009}},{"type":"Feature","geometry":{"type":"LineString","coordinates":[[-4.31996,55.87597],[-4.31987,55.8759]]},"properties":{"c":0,"n":834}},{"type":"Feature","geometry":{"type":"LineString","coordinates":[[-4.32543,55.88026],[-4.32491,55.8798]]},"properties":{"c":0,"n":627}},{"type":"Feature","geometry":{"type":"LineString","coordinates":[[-4.31264,55.87074],[-4.31258,55.87063]]},"properties":{"c":0,"n":666}},{"type":"Feature","geometry":{"type":"LineString","coordinates":[[-4.32165,55.87721],[-4.32162,55.87719]]},"properties":{"c":0,"n":742}},{"type":"Feature","geometry":{"type":"LineString","coordinates":[[-4.31043,55.8692],[-4.30946,55.86923]]},"properties":{"c":0,"n":2956}},{"type":"Feature","geometry":{"type":"LineString","coordinates":[[-4.32591,55.88349],[-4.32592,55.88338]]},"properties":{"c":42,"n":1061}},{"type":"Feature","geometry":{"type":"LineString","coordinates":[[-4.30495,55.86638],[-4.30518,55.86616]]},"properties":{"c":0,"n":1004}},{"type":"Feature","geometry":{"type":"LineString","coordinates":[[-4.32603,55.88254],[-4.32614,55.88108]]},"properties":{"c":42,"n":414}},{"type":"Feature","geometry":{"type":"LineString","coordinates":[[-4.32598,55.88292],[-4.32603,55.88254]]},"properties":{"c":42,"n":820}},{"type":"Feature","geometry":{"type":"LineString","coordinates":[[-4.31019,55.86236],[-4.31012,55.86234]]},"properties":{"c":1725,"n":7711}},{"type":"Feature","geometry":{"type":"LineString","coordinates":[[-4.31157,55.86305],[-4.31019,55.86236]]},"properties":{"c":1725,"n":7711}},{"type":"Feature","geometry":{"type":"LineString","coordinates":[[-4.31174,55.86918],[-4.31132,55.86919]]},"properties":{"c":0,"n":498}},{"type":"Feature","geometry":{"type":"LineString","coordinates":[[-4.32561,55.88576],[-4.32564,55.88541]]},"properties":{"c":0,"n":1028}},{"type":"Feature","geometry":{"type":"LineString","coordinates":[[-4.31225,55.85294],[-4.31227,55.85274]]},"properties":{"c":209,"n":1066}},{"type":"Feature","geometry":{"type":"LineString","coordinates":[[-4.32485,55.88989],[-4.3252,55.88987],[-4.32547,55.88978]]},"properties":{"c":0,"n":524}},{"type":"Feature","geometry":{"type":"LineString","coordinates":[[-4.32614,55.88108],[-4.32597,55.88079]]},"properties":{"c":42,"n":414}},{"type":"Feature","geometry":{"type":"LineString","coordinates":[[-4.32261,55.88923],[-4.32271,55.88914]]},"properties":{"c":0,"n":552}},{"type":"Feature","geometry":{"type":"LineString","coordinates":[[-4.31226,55.85294],[-4.31225,55.85294]]},"properties":{"c":209,"n":2691}},{"type":"Feature","geometry":{"type":"LineString","coordinates":[[-4.3259,55.88357],[-4.32591,55.88349]]},"properties":{"c":42,"n":1061}},{"type":"Feature","geometry":{"type":"LineString","coordinates":[[-4.3091,55.85977],[-4.30944,55.85947]]},"properties":{"c":175,"n":2097}},{"type":"Feature","geometry":{"type":"LineString","coordinates":[[-4.31246,55.85242],[-4.31237,55.85205],[-4.31204,55.85142]]},"properties":{"c":444,"n":2274}},{"type":"Feature","geometry":{"type":"LineString","coordinates":[[-4.31258,55.87063],[-4.3123,55.87001],[-4.31228,55.8692]]},"properties":{"c":0,"n":666}},{"type":"Feature","geometry":{"type":"LineString","coordinates":[[-4.3258,55.88422],[-4.32585,55.88387]]},"properties":{"c":42,"n":1186}},{"type":"Feature","geometry":{"type":"LineString","coordinates":[[-4.30796,55.86166],[-4.30853,55.86067]]},"properties":{"c":175,"n":2097}},{"type":"Feature","geometry":{"type":"LineString","coordinates":[[-4.31154,55.85478],[-4.31164,55.85455]]},"properties":{"c":356,"n":3009}},{"type":"Feature","geometry":{"type":"LineString","coordinates":[[-4.31105,55.85564],[-4.31144,55.85501]]},"properties":{"c":356,"n":3009}},{"type":"Feature","geometry":{"type":"LineString","coordinates":[[-4.30881,55.86825],[-4.30861,55.86827]]},"properties":{"c":3093,"n":4318}},{"type":"Feature","geometry":{"type":"LineString","coordinates":[[-4.31192,55.85121],[-4.31174,55.85088]]},"properties":{"c":444,"n":2274}},{"type":"Feature","geometry":{"type":"LineString","coordinates":[[-4.3255,55.88033],[-4.32543,55.88026]]},"properties":{"c":0,"n":627}},{"type":"Feature","geometry":{"type":"LineString","coordinates":[[-4.31012,55.86234],[-4.30941,55.86208]]},"properties":{"c":1725,"n":7711}},{"type":"Feature","geometry":{"type":"LineString","coordinates":[[-4.32585,55.88387],[-4.3259,55.88357]]},"properties":{"c":42,"n":1186}},{"type":"Feature","geometry":{"type":"LineString","coordinates":[[-4.32255,55.87785],[-4.32165,55.87721]]},"properties":{"c":0,"n":742}},{"type":"Feature","geometry":{"type":"LineString","coordinates":[[-4.32547,55.88978],[-4.32568,55.88949]]},"properties":{"c":0,"n":524}},{"type":"Feature","geometry":{"type":"LineString","coordinates":[[-4.30913,55.86914],[-4.30901,55.86896]]},"properties":{"c":0,"n":961}},{"type":"Feature","geometry":{"type":"LineString","coordinates":[[-4.31174,55.85088],[-4.31109,55.84994]]},"properties":{"c":209,"n":1066}},{"type":"Feature","geometry":{"type":"LineString","coordinates":[[-4.32568,55.88515],[-4.3257,55.885]]},"properties":{"c":42,"n":1186}},{"type":"Feature","geometry":{"type":"LineString","coordinates":[[-4.32426,55.87915],[-4.32308,55.87822]]},"properties":{"c":0,"n":627}},{"type":"Feature","geometry":{"type":"LineString","coordinates":[[-4.30956,55.85862],[-4.30965,55.85836]]},"properties":{"c":356,"n":3009}},{"type":"Feature","geometry":{"type":"LineString","coordinates":[[-4.32554,55.88041],[-4.3255,55.88033]]},"properties":{"c":0,"n":280}},{"type":"Feature","geometry":{"type":"LineString","coordinates":[[-4.32436,55.87924],[-4.32426,55.87915]]},"properties":{"c":0,"n":627}},{"type":"Feature","geometry":{"type":"LineString","coordinates":[[-4.30632,55.86796],[-4.30608,55.86787]]},"properties":{"c":3093,"n":5859}},{"type":"Feature","geometry":{"type":"LineString","coordinates":[[-4.31243,55.8532],[-4.31226,55.85294]]},"properties":{"c":175,"n":2097}},{"type":"Feature","geometry":{"type":"LineString","coordinates":[[-4.32162,55.87719],[-4.32156,55.87715]]},"properties":{"c":0,"n":742}},{"type":"Feature","geometry":{"type":"LineString","coordinates":[[-4.31109,55.84994],[-4.31098,55.84984]]},"properties":{"c":209,"n":1066}},{"type":"Feature","geometry":{"type":"LineString","coordinates":[[-4.31188,55.85421],[-4.31226,55.85364]]},"properties":{"c":356,"n":3009}},{"type":"Feature","geometry":{"type":"LineString","coordinates":[[-4.31227,55.85274],[-4.31235,55.85271]]},"properties":{"c":209,"n":1395}},{"type":"Feature","geometry":{"type":"LineString","coordinates":[[-4.31228,55.8692],[-4.31217,55.86918]]},"properties":{"c":0,"n":314}},{"type":"Feature","geometry":{"type":"LineString","coordinates":[[-4.3257,55.885],[-4.32574,55.88469]]},"properties":{"c":42,"n":1186}},{"type":"Feature","geometry":{"type":"LineString","coordinates":[[-4.32597,55.88079],[-4.32579,55.88066]]},"properties":{"c":0,"n":280}},{"type":"Feature","geometry":{"type":"LineString","coordinates":[[-4.32491,55.8798],[-4.32436,55.87924]]},"properties":{"c":0,"n":627}},{"type":"Feature","geometry":{"type":"LineString","coordinates":[[-4.30853,55.86067],[-4.3091,55.85977]]},"properties":{"c":175,"n":2097}},{"type":"Feature","geometry":{"type":"LineString","coordinates":[[-4.31132,55.86919],[-4.31043,55.8692]]},"properties":{"c":0,"n":314}},{"type":"Feature","geometry":{"type":"LineString","coordinates":[[-4.30903,55.86857],[-4.309,55.86834],[-4.30881,55.86825]]},"properties":{"c":3093,"n":3855}},{"type":"Feature","geometry":{"type":"LineString","coordinates":[[-4.30838,55.86179],[-4.30796,55.86166]]},"properties":{"c":1544,"n":5303}},{"type":"Feature","geometry":{"type":"LineString","coordinates":[[-4.30905,55.86865],[-4.30903,55.86857]]},"properties":{"c":3093,"n":3855}},{"type":"Feature","geometry":{"type":"LineString","coordinates":[[-4.30965,55.85836],[-4.30978,55.85804]]},"properties":{"c":356,"n":3009}},{"type":"Feature","geometry":{"type":"LineString","coordinates":[[-4.31089,55.84975],[-4.31069,55.84956]]},"properties":{"c":209,"n":1066}},{"type":"Feature","geometry":{"type":"LineString","coordinates":[[-4.32564,55.88541],[-4.32568,55.88515]]},"properties":{"c":42,"n":1186}},{"type":"Feature","geometry":{"type":"LineString","coordinates":[[-4.31041,55.85666],[-4.31076,55.85611]]},"properties":{"c":356,"n":3009}},{"type":"Feature","geometry":{"type":"LineString","coordinates":[[-4.32308,55.87822],[-4.32255,55.87785]]},"properties":{"c":0,"n":627}},{"type":"Feature","geometry":{"type":"LineString","coordinates":[[-4.32568,55.88949],[-4.32554,55.88893]]},"properties":{"c":0,"n":565}},{"type":"Feature","geometry":{"type":"LineString","coordinates":[[-4.30861,55.86827],[-4.3079,55.86829],[-4.30711,55.8682]]},"properties":{"c":3093,"n":4318}},{"type":"Feature","geometry":{"type":"LineString","coordinates":[[-4.31144,55.85501],[-4.31154,55.85478]]},"properties":{"c":356,"n":3009}},{"type":"Feature","geometry":{"type":"LineString","coordinates":[[-4.32592,55.88338],[-4.32598,55.88292]]},"properties":{"c":42,"n":820}},{"type":"Feature","geometry":{"type":"LineString","coordinates":[[-4.32156,55.87715],[-4.31996,55.87597]]},"properties":{"c":0,"n":742}},{"type":"Feature","geometry":{"type":"LineString","coordinates":[[-4.31226,55.85364],[-4.31243,55.8532]]},"properties":{"c":356,"n":3009}},{"type":"Feature","geometry":{"type":"LineString","coordinates":[[-4.31098,55.84984],[-4.31089,55.84975]]},"properties":{"c":209,"n":1066}},{"type":"Feature","geometry":{"type":"LineString","coordinates":[[-4.32574,55.88469],[-4.3258,55.88422]]},"properties":{"c":42,"n":1186}},{"type":"Feature","geometry":{"type":"LineString","coordinates":[[-4.31217,55.86918],[-4.31174,55.86918]]},"properties":{"c":0,"n":314}},{"type":"Feature","geometry":{"type":"LineString","coordinates":[[-4.30901,55.86896],[-4.30905,55.86865]]},"properties":{"c":3093,"n":6075}},{"type":"Feature","geometry":{"type":"LineString","coordinates":[[-4.30944,55.85947],[-4.30956,55.85862]]},"properties":{"c":356,"n":4153}},{"type":"Feature","geometry":{"type":"LineString","coordinates":[[-4.31164,55.85455],[-4.31188,55.85421]]},"properties":{"c":356,"n":3009}},{"type":"Feature","geometry":{"type":"LineString","coordinates":[[-4.30711,55.8682],[-4.30653,55.86807],[-4.30632,55.86796]]},"properties":{"c":3093,"n":4318}},{"type":"Feature","geometry":{"type":"LineString","coordinates":[[-4.30946,55.86923],[-4.30913,55.86914]]},"properties":{"c":0,"n":961}},{"type":"Feature","geometry":{"type":"LineString","coordinates":[[-4.31076,55.85611],[-4.31083,55.856]]},"properties":{"c":356,"n":3009}},{"type":"Feature","geometry":{"type":"LineString","coordinates":[[-4.2446,55.8609],[-4.24365,55.86079]]},"properties":{"c":4038,"n":26770}},{"type":"Feature","geometry":{"type":"LineString","coordinates":[[-4.25405,55.86632],[-4.25375,55.86588]]},"properties":{"c":5343,"n":29259}},{"type":"Feature","geometry":{"type":"LineString","coordinates":[[-4.24304,55.86071],[-4.24153,55.86054]]},"properties":{"c":7020,"n":42608}},{"type":"Feature","geometry":{"type":"LineString","coordinates":[[-4.25918,55.86729],[-4.25852,55.86705],[-4.25781,55.86691]]},"properties":{"c":2147,"n":20052}},{"type":"Feature","geometry":{"type":"LineString","coordinates":[[-4.24365,55.86079],[-4.24304,55.86071]]},"properties":{"c":6324,"n":28147}},{"type":"Feature","geometry":{"type":"LineString","coordinates":[[-4.24813,55.86133],[-4.24741,55.86124]]},"properties":{"c":7534,"n":29440}},{"type":"Feature","geometry":{"type":"LineString","coordinates":[[-4.24741,55.86124],[-4.24545,55.86101]]},"properties":{"c":1317,"n":16897}},{"type":"Feature","geometry":{"type":"LineString","coordinates":[[-4.25781,55.86691],[-4.25649,55.86676]]},"properties":{"c":2147,"n":20052}},{"type":"Feature","geometry":{"type":"LineString","coordinates":[[-4.24545,55.86101],[-4.2446,55.8609]]},"properties":{"c":4038,"n":26770}},{"type":"Feature","geometry":{"type":"LineString","coordinates":[[-4.24892,55.86143],[-4.24813,55.86133]]},"properties":{"c":12311,"n":37596}},{"type":"Feature","geometry":{"type":"LineString","coordinates":[[-4.28914,55.87804],[-4.28873,55.87814]]},"properties":{"c":1760,"n":24873}},{"type":"Feature","geometry":{"type":"LineString","coordinates":[[-4.28997,55.87791],[-4.28914,55.87804]]},"properties":{"c":635,"n":15670}},{"type":"Feature","geometry":{"type":"LineString","coordinates":[[-4.32593,55.88069],[-4.32588,55.8805]]},"properties":{"c":42,"n":134}},{"type":"Feature","geometry":{"type":"LineString","coordinates":[[-4.32597,55.88079],[-4.32593,55.88069]]},"properties":{"c":42,"n":134}},{"type":"Feature","geometry":{"type":"LineString","coordinates":[[-4.3236,55.87293],[-4.3235,55.87285]]},"properties":{"c":42,"n":230}},{"type":"Feature","geometry":{"type":"LineString","coordinates":[[-4.3224,55.87149],[-4.3224,55.87124]]},"properties":{"c":42,"n":230}},{"type":"Feature","geometry":{"type":"LineString","coordinates":[[-4.3235,55.87285],[-4.32255,55.872],[-4.32242,55.87178],[-4.3224,55.87149]]},"properties":{"c":42,"n":230}},{"type":"Feature","geometry":{"type":"LineString","coordinates":[[-4.32586,55.88023],[-4.3261,55.87913]]},"properties":{"c":42,"n":134}},{"type":"Feature","geometry":{"type":"LineString","coordinates":[[-4.3224,55.87124],[-4.32233,55.87113]]},"properties":{"c":42,"n":653}},{"type":"Feature","geometry":{"type":"LineString","coordinates":[[-4.32625,55.87631],[-4.32628,55.87588]]},"properties":{"c":42,"n":138}},{"type":"Feature","geometry":{"type":"LineString","coordinates":[[-4.32588,55.8805],[-4.32586,55.88023]]},"properties":{"c":42,"n":134}},{"type":"Feature","geometry":{"type":"LineString","coordinates":[[-4.3251,55.87611],[-4.32472,55.87584]]},"properties":{"c":42,"n":138}},{"type":"Feature","geometry":{"type":"LineString","coordinates":[[-4.32669,55.87685],[-4.3264,55.87671]]},"properties":{"c":42,"n":134}},{"type":"Feature","geometry":{"type":"LineString","coordinates":[[-4.3264,55.87671],[-4.32632,55.87672]]},"properties":{"c":42,"n":253}},{"type":"Feature","geometry":{"type":"LineString","coordinates":[[-4.3237,55.87302],[-4.3236,55.87293]]},"properties":{"c":42,"n":230}},{"type":"Feature","geometry":{"type":"LineString","coordinates":[[-4.32412,55.87345],[-4.3237,55.87302]]},"properties":{"c":42,"n":230}},{"type":"Feature","geometry":{"type":"LineString","coordinates":[[-4.32628,55.87588],[-4.32585,55.87592],[-4.3251,55.87611]]},"properties":{"c":42,"n":138}},{"type":"Feature","geometry":{"type":"LineString","coordinates":[[-4.32632,55.87672],[-4.32625,55.87631]]},"properties":{"c":42,"n":138}},{"type":"Feature","geometry":{"type":"LineString","coordinates":[[-4.32449,55.874],[-4.32412,55.87345]]},"properties":{"c":42,"n":230}},{"type":"Feature","geometry":{"type":"LineString","coordinates":[[-4.3242,55.87551],[-4.32438,55.87534]]},"properties":{"c":42,"n":230}},{"type":"Feature","geometry":{"type":"LineString","coordinates":[[-4.32438,55.87534],[-4.32455,55.87505],[-4.32462,55.87466],[-4.32449,55.874]]},"properties":{"c":42,"n":230}},{"type":"Feature","geometry":{"type":"LineString","coordinates":[[-4.32472,55.87584],[-4.3242,55.87551]]},"properties":{"c":42,"n":138}},{"type":"Feature","geometry":{"type":"LineString","coordinates":[[-4.3261,55.87913],[-4.32669,55.87685]]},"properties":{"c":42,"n":134}},{"type":"Feature","geometry":{"type":"LineString","coordinates":[[-4.30897,55.84249],[-4.30899,55.8424]]},"properties":{"c":521,"n":4178}},{"type":"Feature","geometry":{"type":"LineString","coordinates":[[-4.31056,55.83505],[-4.3096,55.83485],[-4.30862,55.83442],[-4.30657,55.83394],[-4.30544,55.83386],[-4.30478,55.83364]]},"properties":{"c":0,"n":677}},{"type":"Feature","geometry":{"type":"LineString","coordinates":[[-4.30886,55.84137],[-4.30863,55.84099],[-4.30864,55.84064]]},"properties":{"c":219,"n":2110}},{"type":"Feature","geometry":{"type":"LineString","coordinates":[[-4.31026,55.84681],[-4.3102,55.84657]]},"properties":{"c":646,"n":3324}},{"type":"Feature","geometry":{"type":"LineString","coordinates":[[-4.31159,55.83712],[-4.31165,55.83703],[-4.31151,55.83673]]},"properties":{"c":0,"n":677}},{"type":"Feature","geometry":{"type":"LineString","coordinates":[[-4.30896,55.84342],[-4.30889,55.84294],[-4.30897,55.84249]]},"properties":{"c":521,"n":4178}},{"type":"Feature","geometry":{"type":"LineString","coordinates":[[-4.30964,55.84459],[-4.30946,55.84429]]},"properties":{"c":521,"n":2367}},{"type":"Feature","geometry":{"type":"LineString","coordinates":[[-4.30906,55.84211],[-4.30893,55.84155]]},"properties":{"c":219,"n":2004}},{"type":"Feature","geometry":{"type":"LineString","coordinates":[[-4.31151,55.83673],[-4.31129,55.8362]]},"properties":{"c":0,"n":677}},{"type":"Feature","geometry":{"type":"LineString","coordinates":[[-4.31009,55.84616],[-4.30964,55.84459]]},"properties":{"c":521,"n":2367}},{"type":"Feature","geometry":{"type":"LineString","coordinates":[[-4.30899,55.8424],[-4.30906,55.84211]]},"properties":{"c":521,"n":4178}},{"type":"Feature","geometry":{"type":"LineString","coordinates":[[-4.30893,55.84155],[-4.30886,55.84138]]},"properties":{"c":219,"n":2036}},{"type":"Feature","geometry":{"type":"LineString","coordinates":[[-4.30849,55.83915],[-4.30845,55.8391]]},"properties":{"c":219,"n":2110}},{"type":"Feature","geometry":{"type":"LineString","coordinates":[[-4.30946,55.84429],[-4.30896,55.84342]]},"properties":{"c":521,"n":2367}},{"type":"Feature","geometry":{"type":"LineString","coordinates":[[-4.30478,55.83364],[-4.30458,55.83332],[-4.30463,55.83304]]},"properties":{"c":0,"n":677}},{"type":"Feature","geometry":{"type":"LineString","coordinates":[[-4.31082,55.83556],[-4.31056,55.83505]]},"properties":{"c":0,"n":677}},{"type":"Feature","geometry":{"type":"LineString","coordinates":[[-4.30789,55.83872],[-4.30807,55.83863]]},"properties":{"c":0,"n":342}},{"type":"Feature","geometry":{"type":"LineString","coordinates":[[-4.3085,55.83838],[-4.30868,55.83827]]},"properties":{"c":0,"n":677}},{"type":"Feature","geometry":{"type":"LineString","coordinates":[[-4.3102,55.84657],[-4.31009,55.84616]]},"properties":{"c":521,"n":2367}},{"type":"Feature","geometry":{"type":"LineString","coordinates":[[-4.30807,55.83863],[-4.30814,55.83859]]},"properties":{"c":0,"n":657}},{"type":"Feature","geometry":{"type":"LineString","coordinates":[[-4.30845,55.8391],[-4.30789,55.83872]]},"properties":{"c":219,"n":2110}},{"type":"Feature","geometry":{"type":"LineString","coordinates":[[-4.31052,55.83721],[-4.31152,55.83716]]},"properties":{"c":0,"n":677}},{"type":"Feature","geometry":{"type":"LineString","coordinates":[[-4.30814,55.83859],[-4.3085,55.83838]]},"properties":{"c":0,"n":677}},{"type":"Feature","geometry":{"type":"LineString","coordinates":[[-4.30886,55.84138],[-4.30886,55.84137]]},"properties":{"c":219,"n":2142}},{"type":"Feature","geometry":{"type":"LineString","coordinates":[[-4.30864,55.84064],[-4.30881,55.8398],[-4.3087,55.8394],[-4.30849,55.83915]]},"properties":{"c":219,"n":2110}},{"type":"Feature","geometry":{"type":"LineString","coordinates":[[-4.31129,55.8362],[-4.31079,55.83598],[-4.31089,55.83571]]},"properties":{"c":0,"n":677}},{"type":"Feature","geometry":{"type":"LineString","coordinates":[[-4.30868,55.83827],[-4.31028,55.83728],[-4.31052,55.83721]]},"properties":{"c":0,"n":677}},{"type":"Feature","geometry":{"type":"LineString","coordinates":[[-4.31152,55.83716],[-4.31159,55.83712]]},"properties":{"c":0,"n":677}},{"type":"Feature","geometry":{"type":"LineString","coordinates":[[-4.31089,55.83571],[-4.31082,55.83556]]},"properties":{"c":0,"n":677}},{"type":"Feature","geometry":{"type":"LineString","coordinates":[[-4.26168,55.8613],[-4.26018,55.86115]]},"properties":{"c":1078,"n":6956}},{"type":"Feature","geometry":{"type":"LineString","coordinates":[[-4.26315,55.86145],[-4.26168,55.8613]]},"properties":{"c":1078,"n":6956}},{"type":"Feature","geometry":{"type":"LineString","coordinates":[[-4.2646,55.8616],[-4.26315,55.86145]]},"properties":{"c":1078,"n":6956}},{"type":"Feature","geometry":{"type":"LineString","coordinates":[[-4.26593,55.86206],[-4.26594,55.86183],[-4.26567,55.86172]]},"properties":{"c":1078,"n":6956}},{"type":"Feature","geometry":{"type":"LineString","coordinates":[[-4.26034,55.86073],[-4.26044,55.86041]]},"properties":{"c":1345,"n":11064}},{"type":"Feature","geometry":{"type":"LineString","coordinates":[[-4.26589,55.86214],[-4.26593,55.86206]]},"properties":{"c":1078,"n":7031}},{"type":"Feature","geometry":{"type":"LineString","coordinates":[[-4.26018,55.86115],[-4.26034,55.86073]]},"properties":{"c":1345,"n":11064}},{"type":"Feature","geometry":{"type":"LineString","coordinates":[[-4.26567,55.86172],[-4.2646,55.8616]]},"properties":{"c":1078,"n":6956}},{"type":"Feature","geometry":{"type":"LineString","coordinates":[[-4.26576,55.86253],[-4.26589,55.86214]]},"properties":{"c":1078,"n":7031}},{"type":"Feature","geometry":{"type":"LineString","coordinates":[[-4.29262,55.85815],[-4.29221,55.85805],[-4.29226,55.85789]]},"properties":{"c":5992,"n":2287}},{"type":"Feature","geometry":{"type":"LineString","coordinates":[[-4.2961,55.86238],[-4.29594,55.86229]]},"properties":{"c":8058,"n":16220}},{"type":"Feature","geometry":{"type":"LineString","coordinates":[[-4.29269,55.85878],[-4.29271,55.85867]]},"properties":{"c":7091,"n":1155}},{"type":"Feature","geometry":{"type":"LineString","coordinates":[[-4.29277,55.8583],[-4.29262,55.85815]]},"properties":{"c":5992,"n":2287}},{"type":"Feature","geometry":{"type":"LineString","coordinates":[[-4.2968,55.86292],[-4.29679,55.8627]]},"properties":{"c":3093,"n":6510}},{"type":"Feature","geometry":{"type":"LineString","coordinates":[[-4.29196,55.85585],[-4.29221,55.8555]]},"properties":{"c":1659,"n":71}},{"type":"Feature","geometry":{"type":"LineString","coordinates":[[-4.28836,55.85418],[-4.28834,55.85399]]},"properties":{"c":1659,"n":908}},{"type":"Feature","geometry":{"type":"LineString","coordinates":[[-4.29594,55.86229],[-4.29572,55.8622]]},"properties":{"c":8058,"n":16220}},{"type":"Feature","geometry":{"type":"LineString","coordinates":[[-4.30415,55.86679],[-4.30405,55.86666]]},"properties":{"c":3093,"n":4011}},{"type":"Feature","geometry":{"type":"LineString","coordinates":[[-4.30425,55.86691],[-4.30415,55.86679]]},"properties":{"c":3093,"n":4011}},{"type":"Feature","geometry":{"type":"LineString","coordinates":[[-4.29221,55.8555],[-4.29162,55.85536]]},"properties":{"c":1659,"n":71}},{"type":"Feature","geometry":{"type":"LineString","coordinates":[[-4.29189,55.85988],[-4.29269,55.85878]]},"properties":{"c":7091,"n":1155}},{"type":"Feature","geometry":{"type":"LineString","coordinates":[[-4.30467,55.86711],[-4.30425,55.86691]]},"properties":{"c":3093,"n":4011}},{"type":"Feature","geometry":{"type":"LineString","coordinates":[[-4.29628,55.86251],[-4.2961,55.86238]]},"properties":{"c":8058,"n":16220}},{"type":"Feature","geometry":{"type":"LineString","coordinates":[[-4.29572,55.8622],[-4.29565,55.86208],[-4.29584,55.86174],[-4.29586,55.86147],[-4.29563,55.86109],[-4.29524,55.86086],[-4.29534,55.86073],[-4.29403,55.86037],[-4.29189,55.85988]]},"properties":{"c":8058,"n":16220}},{"type":"Feature","geometry":{"type":"LineString","coordinates":[[-4.30405,55.86666],[-4.30389,55.86646]]},"properties":{"c":3093,"n":4011}},{"type":"Feature","geometry":{"type":"LineString","coordinates":[[-4.29296,55.85642],[-4.29279,55.85628]]},"properties":{"c":1659,"n":71}},{"type":"Feature","geometry":{"type":"LineString","coordinates":[[-4.29267,55.8562],[-4.29259,55.85615]]},"properties":{"c":1659,"n":71}},{"type":"Feature","geometry":{"type":"LineString","coordinates":[[-4.29277,55.85846],[-4.29277,55.8583]]},"properties":{"c":7091,"n":1155}},{"type":"Feature","geometry":{"type":"LineString","coordinates":[[-4.29162,55.85536],[-4.29165,55.85515],[-4.29194,55.85481]]},"properties":{"c":1659,"n":71}},{"type":"Feature","geometry":{"type":"LineString","coordinates":[[-4.29226,55.85789],[-4.29261,55.85742]]},"properties":{"c":5992,"n":2287}},{"type":"Feature","geometry":{"type":"LineString","coordinates":[[-4.30389,55.86646],[-4.30364,55.8662]]},"properties":{"c":3093,"n":4011}},{"type":"Feature","geometry":{"type":"LineString","coordinates":[[-4.29679,55.8627],[-4.29628,55.86251]]},"properties":{"c":8058,"n":16220}},{"type":"Feature","geometry":{"type":"LineString","coordinates":[[-4.29261,55.85742],[-4.29316,55.85665]]},"properties":{"c":8661,"n":2159}},{"type":"Feature","geometry":{"type":"LineString","coordinates":[[-4.30364,55.8662],[-4.30264,55.86571],[-4.30128,55.8647],[-4.29928,55.86372],[-4.29818,55.86328],[-4.2968,55.86292]]},"properties":{"c":3093,"n":5552}},{"type":"Feature","geometry":{"type":"LineString","coordinates":[[-4.29194,55.85481],[-4.29153,55.8547],[-4.29123,55.8548],[-4.29104,55.8548],[-4.29034,55.85444],[-4.29016,55.85445],[-4.28967,55.85468],[-4.28917,55.85463],[-4.28887,55.85456],[-4.28855,55.85439],[-4.28836,55.85418]]},"properties":{"c":1659,"n":71}},{"type":"Feature","geometry":{"type":"LineString","coordinates":[[-4.30608,55.86787],[-4.30467,55.86711]]},"properties":{"c":3093,"n":5552}},{"type":"Feature","geometry":{"type":"LineString","coordinates":[[-4.29259,55.85615],[-4.29196,55.85585]]},"properties":{"c":1659,"n":71}},{"type":"Feature","geometry":{"type":"LineString","coordinates":[[-4.29279,55.85628],[-4.29267,55.8562]]},"properties":{"c":1659,"n":71}},{"type":"Feature","geometry":{"type":"LineString","coordinates":[[-4.29271,55.85867],[-4.29277,55.85846]]},"properties":{"c":7091,"n":1155}},{"type":"Feature","geometry":{"type":"LineString","coordinates":[[-4.27064,55.86459],[-4.2703,55.8645]]},"properties":{"c":1202,"n":1733}},{"type":"Feature","geometry":{"type":"LineString","coordinates":[[-4.27315,55.86862],[-4.27326,55.86855],[-4.27407,55.86849]]},"properties":{"c":560,"n":1607}},{"type":"Feature","geometry":{"type":"LineString","coordinates":[[-4.27481,55.86844],[-4.27472,55.86803]]},"properties":{"c":1189,"n":3500}},{"type":"Feature","geometry":{"type":"LineString","coordinates":[[-4.27407,55.86849],[-4.27481,55.86844]]},"properties":{"c":560,"n":1607}},{"type":"Feature","geometry":{"type":"LineString","coordinates":[[-4.31939,55.84851],[-4.31936,55.84848]]},"properties":{"c":0,"n":1027}},{"type":"Feature","geometry":{"type":"LineString","coordinates":[[-4.31852,55.85267],[-4.31865,55.85228]]},"properties":{"c":0,"n":226}},{"type":"Feature","geometry":{"type":"LineString","coordinates":[[-4.31305,55.86098],[-4.31409,55.85893]]},"properties":{"c":0,"n":352}},{"type":"Feature","geometry":{"type":"LineString","coordinates":[[-4.31605,55.85644],[-4.31725,55.85504]]},"properties":{"c":0,"n":352}},{"type":"Feature","geometry":{"type":"LineString","coordinates":[[-4.31734,55.85492],[-4.31757,55.85462]]},"properties":{"c":0,"n":352}},{"type":"Feature","geometry":{"type":"LineString","coordinates":[[-4.31409,55.85893],[-4.31437,55.85841]]},"properties":{"c":0,"n":352}},{"type":"Feature","geometry":{"type":"LineString","coordinates":[[-4.31886,55.85164],[-4.31889,55.85155]]},"properties":{"c":0,"n":226}},{"type":"Feature","geometry":{"type":"LineString","coordinates":[[-4.31725,55.85504],[-4.31734,55.85492]]},"properties":{"c":0,"n":352}},{"type":"Feature","geometry":{"type":"LineString","coordinates":[[-4.31794,55.8539],[-4.31791,55.85388]]},"properties":{"c":34,"n":820}},{"type":"Feature","geometry":{"type":"LineString","coordinates":[[-4.30941,55.86208],[-4.31081,55.86196],[-4.31265,55.86205]]},"properties":{"c":0,"n":352}},{"type":"Feature","geometry":{"type":"LineString","coordinates":[[-4.31437,55.85841],[-4.31462,55.85806]]},"properties":{"c":0,"n":352}},{"type":"Feature","geometry":{"type":"LineString","coordinates":[[-4.31947,55.84836],[-4.31952,55.84835]]},"properties":{"c":0,"n":217}},{"type":"Feature","geometry":{"type":"LineString","coordinates":[[-4.31801,55.85369],[-4.31818,55.85353],[-4.31852,55.85267]]},"properties":{"c":0,"n":226}},{"type":"Feature","geometry":{"type":"LineString","coordinates":[[-4.31265,55.86205],[-4.31286,55.86145]]},"properties":{"c":0,"n":352}},{"type":"Feature","geometry":{"type":"LineString","coordinates":[[-4.31477,55.85789],[-4.3149,55.85776]]},"properties":{"c":0,"n":352}},{"type":"Feature","geometry":{"type":"LineString","coordinates":[[-4.31952,55.84835],[-4.31996,55.84818],[-4.32048,55.84806]]},"properties":{"c":0,"n":203}},{"type":"Feature","geometry":{"type":"LineString","coordinates":[[-4.31896,55.85129],[-4.31926,55.8503]]},"properties":{"c":0,"n":226}},{"type":"Feature","geometry":{"type":"LineString","coordinates":[[-4.31791,55.85388],[-4.31798,55.85371]]},"properties":{"c":0,"n":226}},{"type":"Feature","geometry":{"type":"LineString","coordinates":[[-4.31757,55.85462],[-4.3179,55.85421]]},"properties":{"c":0,"n":352}},{"type":"Feature","geometry":{"type":"LineString","coordinates":[[-4.3179,55.85421],[-4.31794,55.8539]]},"properties":{"c":0,"n":203}},{"type":"Feature","geometry":{"type":"LineString","coordinates":[[-4.31933,55.84981],[-4.31939,55.84851]]},"properties":{"c":0,"n":226}},{"type":"Feature","geometry":{"type":"LineString","coordinates":[[-4.31286,55.86145],[-4.31305,55.86098]]},"properties":{"c":0,"n":352}},{"type":"Feature","geometry":{"type":"LineString","coordinates":[[-4.31798,55.85371],[-4.31801,55.85369]]},"properties":{"c":54,"n":851}},{"type":"Feature","geometry":{"type":"LineString","coordinates":[[-4.31889,55.85155],[-4.3189,55.8515]]},"properties":{"c":0,"n":226}},{"type":"Feature","geometry":{"type":"LineString","coordinates":[[-4.31926,55.8503],[-4.31933,55.84981]]},"properties":{"c":0,"n":226}},{"type":"Feature","geometry":{"type":"LineString","coordinates":[[-4.31865,55.85228],[-4.31886,55.85164]]},"properties":{"c":0,"n":226}},{"type":"Feature","geometry":{"type":"LineString","coordinates":[[-4.3149,55.85776],[-4.31605,55.85644]]},"properties":{"c":0,"n":352}},{"type":"Feature","geometry":{"type":"LineString","coordinates":[[-4.3189,55.8515],[-4.31896,55.85129]]},"properties":{"c":0,"n":226}},{"type":"Feature","geometry":{"type":"LineString","coordinates":[[-4.31936,55.84848],[-4.31947,55.84836]]},"properties":{"c":0,"n":203}},{"type":"Feature","geometry":{"type":"LineString","coordinates":[[-4.31462,55.85806],[-4.31477,55.85789]]},"properties":{"c":0,"n":352}},{"type":"Feature","geometry":{"type":"LineString","coordinates":[[-4.30152,55.87404],[-4.30171,55.8736]]},"properties":{"c":48,"n":2253}},{"type":"Feature","geometry":{"type":"LineString","coordinates":[[-4.30225,55.87218],[-4.30133,55.87212]]},"properties":{"c":48,"n":2159}},{"type":"Feature","geometry":{"type":"LineString","coordinates":[[-4.30128,55.87463],[-4.30143,55.87426]]},"properties":{"c":48,"n":2253}},{"type":"Feature","geometry":{"type":"LineString","coordinates":[[-4.30133,55.87212],[-4.30179,55.87084]]},"properties":{"c":48,"n":2159}},{"type":"Feature","geometry":{"type":"LineString","coordinates":[[-4.30201,55.87279],[-4.30225,55.87218]]},"properties":{"c":48,"n":2253}},{"type":"Feature","geometry":{"type":"LineString","coordinates":[[-4.30143,55.87426],[-4.30152,55.87404]]},"properties":{"c":48,"n":2253}},{"type":"Feature","geometry":{"type":"LineString","coordinates":[[-4.29478,55.88214],[-4.29377,55.88274]]},"properties":{"c":95,"n":743}},{"type":"Feature","geometry":{"type":"LineString","coordinates":[[-4.27966,55.88175],[-4.27955,55.88188]]},"properties":{"c":95,"n":524}},{"type":"Feature","geometry":{"type":"LineString","coordinates":[[-4.29284,55.88329],[-4.29261,55.88334]]},"properties":{"c":95,"n":743}},{"type":"Feature","geometry":{"type":"LineString","coordinates":[[-4.28225,55.88209],[-4.28153,55.88201]]},"properties":{"c":95,"n":524}},{"type":"Feature","geometry":{"type":"LineString","coordinates":[[-4.27933,55.88207],[-4.27892,55.88226]]},"properties":{"c":95,"n":524}},{"type":"Feature","geometry":{"type":"LineString","coordinates":[[-4.29261,55.88334],[-4.29204,55.88338]]},"properties":{"c":95,"n":743}},{"type":"Feature","geometry":{"type":"LineString","coordinates":[[-4.29157,55.88336],[-4.29077,55.88316]]},"properties":{"c":95,"n":743}},{"type":"Feature","geometry":{"type":"LineString","coordinates":[[-4.28948,55.88232],[-4.28847,55.88192]]},"properties":{"c":95,"n":65}},{"type":"Feature","geometry":{"type":"LineString","coordinates":[[-4.29617,55.88323],[-4.29614,55.88319]]},"properties":{"c":95,"n":359}},{"type":"Feature","geometry":{"type":"LineString","coordinates":[[-4.29892,55.88329],[-4.29617,55.88323]]},"properties":{"c":95,"n":359}},{"type":"Feature","geometry":{"type":"LineString","coordinates":[[-4.28071,55.8819],[-4.27966,55.88175]]},"properties":{"c":95,"n":524}},{"type":"Feature","geometry":{"type":"LineString","coordinates":[[-4.29077,55.88316],[-4.28948,55.88232]]},"properties":{"c":95,"n":743}},{"type":"Feature","geometry":{"type":"LineString","coordinates":[[-4.29204,55.88338],[-4.29157,55.88336]]},"properties":{"c":95,"n":743}},{"type":"Feature","geometry":{"type":"LineString","coordinates":[[-4.29377,55.88274],[-4.29284,55.88329]]},"properties":{"c":95,"n":743}},{"type":"Feature","geometry":{"type":"LineString","coordinates":[[-4.29608,55.88313],[-4.29577,55.88288]]},"properties":{"c":95,"n":359}},{"type":"Feature","geometry":{"type":"LineString","coordinates":[[-4.30334,55.88249],[-4.30318,55.88264]]},"properties":{"c":95,"n":453}},{"type":"Feature","geometry":{"type":"LineString","coordinates":[[-4.2847,55.88196],[-4.28442,55.88185]]},"properties":{"c":95,"n":65}},{"type":"Feature","geometry":{"type":"LineString","coordinates":[[-4.27956,55.88194],[-4.27933,55.88207]]},"properties":{"c":95,"n":524}},{"type":"Feature","geometry":{"type":"LineString","coordinates":[[-4.28551,55.88228],[-4.2847,55.88196]]},"properties":{"c":95,"n":65}},{"type":"Feature","geometry":{"type":"LineString","coordinates":[[-4.27277,55.88033],[-4.27224,55.88025],[-4.27143,55.87997]]},"properties":{"c":271,"n":5713}},{"type":"Feature","geometry":{"type":"LineString","coordinates":[[-4.28626,55.88257],[-4.28551,55.88228]]},"properties":{"c":95,"n":65}},{"type":"Feature","geometry":{"type":"LineString","coordinates":[[-4.28389,55.88226],[-4.28275,55.88208]]},"properties":{"c":95,"n":65}},{"type":"Feature","geometry":{"type":"LineString","coordinates":[[-4.30126,55.88337],[-4.29892,55.88329]]},"properties":{"c":95,"n":359}},{"type":"Feature","geometry":{"type":"LineString","coordinates":[[-4.27955,55.88188],[-4.27956,55.88194]]},"properties":{"c":95,"n":524}},{"type":"Feature","geometry":{"type":"LineString","coordinates":[[-4.29577,55.88288],[-4.29523,55.88248]]},"properties":{"c":95,"n":359}},{"type":"Feature","geometry":{"type":"LineString","coordinates":[[-4.28153,55.88201],[-4.28071,55.8819]]},"properties":{"c":95,"n":524}},{"type":"Feature","geometry":{"type":"LineString","coordinates":[[-4.28275,55.88208],[-4.28231,55.88209]]},"properties":{"c":95,"n":524}},{"type":"Feature","geometry":{"type":"LineString","coordinates":[[-4.30234,55.88346],[-4.30217,55.8834],[-4.30126,55.88337]]},"properties":{"c":95,"n":359}},{"type":"Feature","geometry":{"type":"LineString","coordinates":[[-4.29523,55.88248],[-4.29478,55.88214]]},"properties":{"c":95,"n":359}},{"type":"Feature","geometry":{"type":"LineString","coordinates":[[-4.28231,55.88209],[-4.28225,55.88209]]},"properties":{"c":95,"n":524}},{"type":"Feature","geometry":{"type":"LineString","coordinates":[[-4.28847,55.88192],[-4.28794,55.88214],[-4.28699,55.88231],[-4.28638,55.88248],[-4.28626,55.88257]]},"properties":{"c":95,"n":65}},{"type":"Feature","geometry":{"type":"LineString","coordinates":[[-4.28442,55.88185],[-4.28389,55.88226]]},"properties":{"c":95,"n":65}},{"type":"Feature","geometry":{"type":"LineString","coordinates":[[-4.29614,55.88319],[-4.29608,55.88313]]},"properties":{"c":95,"n":359}},{"type":"Feature","geometry":{"type":"LineString","coordinates":[[-4.30278,55.88301],[-4.30234,55.88346]]},"properties":{"c":95,"n":453}},{"type":"Feature","geometry":{"type":"LineString","coordinates":[[-4.30318,55.88264],[-4.30278,55.88301]]},"properties":{"c":95,"n":453}},{"type":"Feature","geometry":{"type":"LineString","coordinates":[[-4.30979,55.88473],[-4.30988,55.88463]]},"properties":{"c":390,"n":3150}},{"type":"Feature","geometry":{"type":"LineString","coordinates":[[-4.31225,55.85294],[-4.31199,55.85282],[-4.31136,55.85271]]},"properties":{"c":0,"n":1625}},{"type":"Feature","geometry":{"type":"LineString","coordinates":[[-4.3064,55.85186],[-4.30546,55.85169],[-4.30537,55.85163]]},"properties":{"c":0,"n":1625}},{"type":"Feature","geometry":{"type":"LineString","coordinates":[[-4.31136,55.85271],[-4.30795,55.85214]]},"properties":{"c":0,"n":1625}},{"type":"Feature","geometry":{"type":"LineString","coordinates":[[-4.30319,55.85126],[-4.30185,55.85101],[-4.30167,55.85086]]},"properties":{"c":0,"n":3098}},{"type":"Feature","geometry":{"type":"LineString","coordinates":[[-4.30537,55.85163],[-4.30319,55.85126]]},"properties":{"c":0,"n":3098}},{"type":"Feature","geometry":{"type":"LineString","coordinates":[[-4.30795,55.85214],[-4.30731,55.85202]]},"properties":{"c":0,"n":1625}},{"type":"Feature","geometry":{"type":"LineString","coordinates":[[-4.30731,55.85202],[-4.3064,55.85186]]},"properties":{"c":0,"n":1625}},{"type":"Feature","geometry":{"type":"LineString","coordinates":[[-4.29076,55.86937],[-4.29004,55.86917],[-4.28965,55.86897],[-4.28928,55.86863],[-4.28913,55.86829]]},"properties":{"c":0,"n":7861}},{"type":"Feature","geometry":{"type":"LineString","coordinates":[[-4.29203,55.86929],[-4.29128,55.86939],[-4.29076,55.86937]]},"properties":{"c":0,"n":7861}},{"type":"Feature","geometry":{"type":"LineString","coordinates":[[-4.29336,55.86942],[-4.29331,55.86944]]},"properties":{"c":62,"n":8702}},{"type":"Feature","geometry":{"type":"LineString","coordinates":[[-4.29331,55.86944],[-4.2932,55.86942]]},"properties":{"c":0,"n":7861}},{"type":"Feature","geometry":{"type":"LineString","coordinates":[[-4.2932,55.86942],[-4.2925,55.86928],[-4.29203,55.86929]]},"properties":{"c":0,"n":7861}},{"type":"Feature","geometry":{"type":"LineString","coordinates":[[-4.29365,55.86942],[-4.29336,55.86942]]},"properties":{"c":62,"n":8702}},{"type":"Feature","geometry":{"type":"LineString","coordinates":[[-4.27552,55.8445],[-4.27586,55.8437]]},"properties":{"c":10294,"n":15641}},{"type":"Feature","geometry":{"type":"LineString","coordinates":[[-4.27295,55.8378],[-4.2727,55.83775]]},"properties":{"c":5323,"n":9525}},{"type":"Feature","geometry":{"type":"LineString","coordinates":[[-4.27744,55.84004],[-4.27624,55.83943]]},"properties":{"c":10339,"n":17433}},{"type":"Feature","geometry":{"type":"LineString","coordinates":[[-4.27551,55.84453],[-4.27552,55.8445]]},"properties":{"c":10294,"n":15641}},{"type":"Feature","geometry":{"type":"LineString","coordinates":[[-4.27551,55.83907],[-4.27466,55.83865]]},"properties":{"c":10339,"n":17433}},{"type":"Feature","geometry":{"type":"LineString","coordinates":[[-4.27224,55.83733],[-4.27097,55.83649]]},"properties":{"c":8411,"n":15058}},{"type":"Feature","geometry":{"type":"LineString","coordinates":[[-4.27684,55.84144],[-4.27715,55.84074]]},"properties":{"c":10090,"n":14854}},{"type":"Feature","geometry":{"type":"LineString","coordinates":[[-4.29189,55.85988],[-4.2888,55.85919]]},"properties":{"c":967,"n":15065}},{"type":"Feature","geometry":{"type":"LineString","coordinates":[[-4.27666,55.84187],[-4.27684,55.84144]]},"properties":{"c":10294,"n":15641}},{"type":"Feature","geometry":{"type":"LineString","coordinates":[[-4.27735,55.84029],[-4.27744,55.84004]]},"properties":{"c":10090,"n":14854}},{"type":"Feature","geometry":{"type":"LineString","coordinates":[[-4.27624,55.83943],[-4.27551,55.83907]]},"properties":{"c":10339,"n":17433}},{"type":"Feature","geometry":{"type":"LineString","coordinates":[[-4.27539,55.84493],[-4.27551,55.84453]]},"properties":{"c":10294,"n":15641}},{"type":"Feature","geometry":{"type":"LineString","coordinates":[[-4.27626,55.8428],[-4.27666,55.84187]]},"properties":{"c":10294,"n":15641}},{"type":"Feature","geometry":{"type":"LineString","coordinates":[[-4.27523,55.84521],[-4.27539,55.84493]]},"properties":{"c":10294,"n":15641}},{"type":"Feature","geometry":{"type":"LineString","coordinates":[[-4.28732,55.85651],[-4.28638,55.85634]]},"properties":{"c":3705,"n":6963}},{"type":"Feature","geometry":{"type":"LineString","coordinates":[[-4.27586,55.8437],[-4.27626,55.8428]]},"properties":{"c":10294,"n":15641}},{"type":"Feature","geometry":{"type":"LineString","coordinates":[[-4.28638,55.85634],[-4.28576,55.85621]]},"properties":{"c":3705,"n":6963}},{"type":"Feature","geometry":{"type":"LineString","coordinates":[[-4.29055,55.85684],[-4.29022,55.85685],[-4.29021,55.85679]]},"properties":{"c":387,"n":6434}},{"type":"Feature","geometry":{"type":"LineString","coordinates":[[-4.27505,55.84584],[-4.27525,55.84539],[-4.27523,55.84521]]},"properties":{"c":10294,"n":15641}},{"type":"Feature","geometry":{"type":"LineString","coordinates":[[-4.27249,55.83742],[-4.27224,55.83733]]},"properties":{"c":8411,"n":15058}},{"type":"Feature","geometry":{"type":"LineString","coordinates":[[-4.2727,55.83775],[-4.2727,55.83765]]},"properties":{"c":3395,"n":6545}},{"type":"Feature","geometry":{"type":"LineString","coordinates":[[-4.27097,55.83649],[-4.27058,55.83624]]},"properties":{"c":6610,"n":12351}},{"type":"Feature","geometry":{"type":"LineString","coordinates":[[-4.28576,55.85621],[-4.28514,55.85608]]},"properties":{"c":3705,"n":6963}},{"type":"Feature","geometry":{"type":"LineString","coordinates":[[-4.27466,55.83865],[-4.27437,55.83851]]},"properties":{"c":10339,"n":17598}},{"type":"Feature","geometry":{"type":"LineString","coordinates":[[-4.2896,55.85811],[-4.29055,55.85684]]},"properties":{"c":387,"n":7771}},{"type":"Feature","geometry":{"type":"LineString","coordinates":[[-4.27715,55.84074],[-4.27735,55.84029]]},"properties":{"c":10090,"n":14854}},{"type":"Feature","geometry":{"type":"LineString","coordinates":[[-4.2727,55.83765],[-4.27268,55.83752],[-4.27249,55.83742]]},"properties":{"c":8411,"n":15058}},{"type":"Feature","geometry":{"type":"LineString","coordinates":[[-4.27437,55.83851],[-4.27339,55.83802]]},"properties":{"c":10339,"n":17598}},{"type":"Feature","geometry":{"type":"LineString","coordinates":[[-4.31649,55.88849],[-4.31644,55.88854]]},"properties":{"c":0,"n":133}},{"type":"Feature","geometry":{"type":"LineString","coordinates":[[-4.30642,55.89359],[-4.30619,55.89356]]},"properties":{"c":0,"n":129}},{"type":"Feature","geometry":{"type":"LineString","coordinates":[[-4.31137,55.89213],[-4.30865,55.89243]]},"properties":{"c":0,"n":133}},{"type":"Feature","geometry":{"type":"LineString","coordinates":[[-4.30027,55.89394],[-4.298,55.89401]]},"properties":{"c":0,"n":191}},{"type":"Feature","geometry":{"type":"LineString","coordinates":[[-4.30652,55.89351],[-4.30642,55.89359]]},"properties":{"c":0,"n":129}},{"type":"Feature","geometry":{"type":"LineString","coordinates":[[-4.2957,55.89277],[-4.29418,55.89207]]},"properties":{"c":0,"n":191}},{"type":"Feature","geometry":{"type":"LineString","coordinates":[[-4.29611,55.89297],[-4.2957,55.89277]]},"properties":{"c":0,"n":191}},{"type":"Feature","geometry":{"type":"LineString","coordinates":[[-4.30679,55.89344],[-4.30652,55.89351]]},"properties":{"c":0,"n":129}},{"type":"Feature","geometry":{"type":"LineString","coordinates":[[-4.29738,55.89407],[-4.29722,55.89409]]},"properties":{"c":0,"n":129}},{"type":"Feature","geometry":{"type":"LineString","coordinates":[[-4.30454,55.89377],[-4.30268,55.89388]]},"properties":{"c":0,"n":191}},{"type":"Feature","geometry":{"type":"LineString","coordinates":[[-4.31632,55.88865],[-4.31591,55.889]]},"properties":{"c":0,"n":133}},{"type":"Feature","geometry":{"type":"LineString","coordinates":[[-4.30054,55.89393],[-4.30027,55.89394]]},"properties":{"c":0,"n":191}},{"type":"Feature","geometry":{"type":"LineString","coordinates":[[-4.29777,55.89403],[-4.29738,55.89407]]},"properties":{"c":0,"n":129}},{"type":"Feature","geometry":{"type":"LineString","coordinates":[[-4.30268,55.89388],[-4.30054,55.89393]]},"properties":{"c":0,"n":191}},{"type":"Feature","geometry":{"type":"LineString","coordinates":[[-4.31644,55.88854],[-4.31632,55.88865]]},"properties":{"c":0,"n":133}},{"type":"Feature","geometry":{"type":"LineString","coordinates":[[-4.31694,55.88811],[-4.31649,55.88849]]},"properties":{"c":0,"n":133}},{"type":"Feature","geometry":{"type":"LineString","coordinates":[[-4.31762,55.88751],[-4.31694,55.88811]]},"properties":{"c":0,"n":133}},{"type":"Feature","geometry":{"type":"LineString","coordinates":[[-4.29705,55.89352],[-4.29611,55.89297]]},"properties":{"c":0,"n":191}},{"type":"Feature","geometry":{"type":"LineString","coordinates":[[-4.29722,55.89409],[-4.29718,55.89375]]},"properties":{"c":0,"n":129}},{"type":"Feature","geometry":{"type":"LineString","coordinates":[[-4.298,55.89401],[-4.29777,55.89403]]},"properties":{"c":0,"n":191}},{"type":"Feature","geometry":{"type":"LineString","coordinates":[[-4.30887,55.8929],[-4.30879,55.89312],[-4.30842,55.89338]]},"properties":{"c":0,"n":138}},{"type":"Feature","geometry":{"type":"LineString","coordinates":[[-4.30842,55.89338],[-4.30679,55.89344]]},"properties":{"c":0,"n":191}},{"type":"Feature","geometry":{"type":"LineString","coordinates":[[-4.30865,55.89243],[-4.30887,55.8929]]},"properties":{"c":0,"n":133}},{"type":"Feature","geometry":{"type":"LineString","coordinates":[[-4.31571,55.88924],[-4.31444,55.89086],[-4.314,55.89122],[-4.3124,55.89188],[-4.31137,55.89213]]},"properties":{"c":0,"n":133}},{"type":"Feature","geometry":{"type":"LineString","coordinates":[[-4.31591,55.889],[-4.31571,55.88924]]},"properties":{"c":0,"n":133}},{"type":"Feature","geometry":{"type":"LineString","coordinates":[[-4.29718,55.89375],[-4.29705,55.89352]]},"properties":{"c":0,"n":191}},{"type":"Feature","geometry":{"type":"LineString","coordinates":[[-4.30579,55.89356],[-4.30454,55.89377]]},"properties":{"c":0,"n":191}},{"type":"Feature","geometry":{"type":"LineString","coordinates":[[-4.30619,55.89356],[-4.30579,55.89356]]},"properties":{"c":0,"n":129}},{"type":"Feature","geometry":{"type":"LineString","coordinates":[[-4.29418,55.89207],[-4.29112,55.89115],[-4.29029,55.89083]]},"properties":{"c":0,"n":191}},{"type":"Feature","geometry":{"type":"LineString","coordinates":[[-4.24741,55.86124],[-4.24769,55.86046]]},"properties":{"c":6673,"n":15646}},{"type":"Feature","geometry":{"type":"LineString","coordinates":[[-4.24769,55.86046],[-4.24788,55.85974]]},"properties":{"c":7094,"n":19624}},{"type":"Feature","geometry":{"type":"LineString","coordinates":[[-4.30946,55.86923],[-4.30855,55.86922]]},"properties":{"c":0,"n":1995}},{"type":"Feature","geometry":{"type":"LineString","coordinates":[[-4.30811,55.86927],[-4.3075,55.86935]]},"properties":{"c":6544,"n":16463}},{"type":"Feature","geometry":{"type":"LineString","coordinates":[[-4.30855,55.86922],[-4.30811,55.86927]]},"properties":{"c":3093,"n":7256}},{"type":"Feature","geometry":{"type":"LineString","coordinates":[[-4.27137,55.84553],[-4.2712,55.84552]]},"properties":{"c":0,"n":2479}},{"type":"Feature","geometry":{"type":"LineString","coordinates":[[-4.27245,55.84563],[-4.27137,55.84553]]},"properties":{"c":0,"n":2479}},{"type":"Feature","geometry":{"type":"LineString","coordinates":[[-4.26935,55.84505],[-4.26888,55.8445],[-4.26842,55.84367]]},"properties":{"c":0,"n":2479}},{"type":"Feature","geometry":{"type":"LineString","coordinates":[[-4.2712,55.84552],[-4.2702,55.84543]]},"properties":{"c":0,"n":2479}},{"type":"Feature","geometry":{"type":"LineString","coordinates":[[-4.2702,55.84543],[-4.26976,55.84535],[-4.26953,55.84525],[-4.26935,55.84505]]},"properties":{"c":0,"n":2479}},{"type":"Feature","geometry":{"type":"LineString","coordinates":[[-4.27329,55.84571],[-4.27245,55.84563]]},"properties":{"c":0,"n":2479}},{"type":"Feature","geometry":{"type":"LineString","coordinates":[[-4.26842,55.84367],[-4.26855,55.84304],[-4.26947,55.84154]]},"properties":{"c":0,"n":2479}},{"type":"Feature","geometry":{"type":"LineString","coordinates":[[-4.27501,55.84589],[-4.27329,55.84571]]},"properties":{"c":0,"n":2479}},{"type":"Feature","geometry":{"type":"LineString","coordinates":[[-4.27319,55.87567],[-4.27231,55.87549]]},"properties":{"c":0,"n":10228}},{"type":"Feature","geometry":{"type":"LineString","coordinates":[[-4.2788,55.87444],[-4.27859,55.87463],[-4.27773,55.87502],[-4.27734,55.87533]]},"properties":{"c":0,"n":11535}},{"type":"Feature","geometry":{"type":"LineString","coordinates":[[-4.27106,55.87519],[-4.27082,55.87512]]},"properties":{"c":0,"n":10918}},{"type":"Feature","geometry":{"type":"LineString","coordinates":[[-4.27559,55.87568],[-4.27506,55.87576]]},"properties":{"c":0,"n":11760}},{"type":"Feature","geometry":{"type":"LineString","coordinates":[[-4.27143,55.87529],[-4.27106,55.87519]]},"properties":{"c":0,"n":10918}},{"type":"Feature","geometry":{"type":"LineString","coordinates":[[-4.27661,55.87554],[-4.27559,55.87568]]},"properties":{"c":0,"n":11760}},{"type":"Feature","geometry":{"type":"LineString","coordinates":[[-4.27734,55.87533],[-4.27661,55.87554]]},"properties":{"c":0,"n":11760}},{"type":"Feature","geometry":{"type":"LineString","coordinates":[[-4.27231,55.87549],[-4.27143,55.87529]]},"properties":{"c":0,"n":10918}},{"type":"Feature","geometry":{"type":"LineString","coordinates":[[-4.27506,55.87576],[-4.27401,55.87585],[-4.27319,55.87567]]},"properties":{"c":0,"n":11760}},{"type":"Feature","geometry":{"type":"LineString","coordinates":[[-4.32804,55.86397],[-4.32775,55.86397]]},"properties":{"c":660,"n":2285}},{"type":"Feature","geometry":{"type":"LineString","coordinates":[[-4.32861,55.87301],[-4.32867,55.87302]]},"properties":{"c":42,"n":376}},{"type":"Feature","geometry":{"type":"LineString","coordinates":[[-4.32834,55.86398],[-4.32804,55.86397]]},"properties":{"c":660,"n":2285}},{"type":"Feature","geometry":{"type":"LineString","coordinates":[[-4.32805,55.87224],[-4.32791,55.87272],[-4.32796,55.87286],[-4.32856,55.873]]},"properties":{"c":42,"n":185}},{"type":"Feature","geometry":{"type":"LineString","coordinates":[[-4.32897,55.86423],[-4.32897,55.86419]]},"properties":{"c":42,"n":376}},{"type":"Feature","geometry":{"type":"LineString","coordinates":[[-4.32775,55.86397],[-4.32766,55.86392]]},"properties":{"c":42,"n":357}},{"type":"Feature","geometry":{"type":"LineString","coordinates":[[-4.32856,55.873],[-4.32861,55.87301]]},"properties":{"c":42,"n":185}},{"type":"Feature","geometry":{"type":"LineString","coordinates":[[-4.32897,55.86419],[-4.32869,55.86414],[-4.32834,55.86398]]},"properties":{"c":660,"n":2285}},{"type":"Feature","geometry":{"type":"LineString","coordinates":[[-4.32219,55.87106],[-4.32193,55.87078]]},"properties":{"c":42,"n":460}},{"type":"Feature","geometry":{"type":"LineString","coordinates":[[-4.32867,55.87302],[-4.32892,55.87302],[-4.32946,55.87222],[-4.33088,55.86936],[-4.33113,55.86707],[-4.33113,55.86504],[-4.33086,55.86485],[-4.32994,55.86463],[-4.32946,55.86431],[-4.32897,55.86423]]},"properties":{"c":42,"n":376}},{"type":"Feature","geometry":{"type":"LineString","coordinates":[[-4.28647,55.88381],[-4.28595,55.8836]]},"properties":{"c":0,"n":272}},{"type":"Feature","geometry":{"type":"LineString","coordinates":[[-4.2841,55.88449],[-4.28392,55.8846]]},"properties":{"c":0,"n":272}},{"type":"Feature","geometry":{"type":"LineString","coordinates":[[-4.28595,55.8836],[-4.28565,55.88349]]},"properties":{"c":0,"n":272}},{"type":"Feature","geometry":{"type":"LineString","coordinates":[[-4.2875,55.88417],[-4.28647,55.88381]]},"properties":{"c":0,"n":272}},{"type":"Feature","geometry":{"type":"LineString","coordinates":[[-4.2833,55.88505],[-4.28301,55.8853]]},"properties":{"c":0,"n":272}},{"type":"Feature","geometry":{"type":"LineString","coordinates":[[-4.28565,55.88349],[-4.28532,55.88376]]},"properties":{"c":0,"n":272}},{"type":"Feature","geometry":{"type":"LineString","coordinates":[[-4.28357,55.88485],[-4.2833,55.88505]]},"properties":{"c":0,"n":272}},{"type":"Feature","geometry":{"type":"LineString","coordinates":[[-4.28392,55.8846],[-4.28357,55.88485]]},"properties":{"c":0,"n":272}},{"type":"Feature","geometry":{"type":"LineString","coordinates":[[-4.28301,55.8853],[-4.28267,55.88554]]},"properties":{"c":0,"n":272}},{"type":"Feature","geometry":{"type":"LineString","coordinates":[[-4.28532,55.88376],[-4.2841,55.88449]]},"properties":{"c":0,"n":272}},{"type":"Feature","geometry":{"type":"LineString","coordinates":[[-4.28948,55.88232],[-4.28833,55.88285],[-4.28781,55.88325],[-4.2875,55.88417]]},"properties":{"c":0,"n":678}},{"type":"Feature","geometry":{"type":"LineString","coordinates":[[-4.26557,55.86756],[-4.26401,55.86737]]},"properties":{"c":0,"n":1338}},{"type":"Feature","geometry":{"type":"LineString","coordinates":[[-4.26536,55.86813],[-4.26543,55.86792]]},"properties":{"c":0,"n":1338}},{"type":"Feature","geometry":{"type":"LineString","coordinates":[[-4.26516,55.86856],[-4.26531,55.86824]]},"properties":{"c":0,"n":1338}},{"type":"Feature","geometry":{"type":"LineString","coordinates":[[-4.26543,55.86792],[-4.26557,55.86756]]},"properties":{"c":0,"n":1338}},{"type":"Feature","geometry":{"type":"LineString","coordinates":[[-4.26257,55.86721],[-4.26269,55.86685]]},"properties":{"c":0,"n":2129}},{"type":"Feature","geometry":{"type":"LineString","coordinates":[[-4.26531,55.86824],[-4.26536,55.86813]]},"properties":{"c":0,"n":1338}},{"type":"Feature","geometry":{"type":"LineString","coordinates":[[-4.26401,55.86737],[-4.26257,55.86721]]},"properties":{"c":0,"n":1338}},{"type":"Feature","geometry":{"type":"LineString","coordinates":[[-4.3367,55.88035],[-4.33717,55.87933]]},"properties":{"c":0,"n":366}},{"type":"Feature","geometry":{"type":"LineString","coordinates":[[-4.33737,55.87891],[-4.33759,55.8785]]},"properties":{"c":0,"n":366}},{"type":"Feature","geometry":{"type":"LineString","coordinates":[[-4.34082,55.87614],[-4.34085,55.87611]]},"properties":{"c":0,"n":443}},{"type":"Feature","geometry":{"type":"LineString","coordinates":[[-4.33938,55.87724],[-4.34026,55.87667]]},"properties":{"c":0,"n":450}},{"type":"Feature","geometry":{"type":"LineString","coordinates":[[-4.32717,55.88343],[-4.32842,55.88331]]},"properties":{"c":0,"n":366}},{"type":"Feature","geometry":{"type":"LineString","coordinates":[[-4.33826,55.87801],[-4.33883,55.87761]]},"properties":{"c":0,"n":450}},{"type":"Feature","geometry":{"type":"LineString","coordinates":[[-4.32966,55.88324],[-4.33202,55.8832]]},"properties":{"c":0,"n":366}},{"type":"Feature","geometry":{"type":"LineString","coordinates":[[-4.34132,55.87556],[-4.34155,55.87529]]},"properties":{"c":0,"n":443}},{"type":"Feature","geometry":{"type":"LineString","coordinates":[[-4.34037,55.87659],[-4.34047,55.87651]]},"properties":{"c":0,"n":456}},{"type":"Feature","geometry":{"type":"LineString","coordinates":[[-4.33717,55.87933],[-4.33737,55.87891]]},"properties":{"c":0,"n":366}},{"type":"Feature","geometry":{"type":"LineString","coordinates":[[-4.33385,55.88179],[-4.33468,55.88169],[-4.33538,55.88152],[-4.33621,55.88111]]},"properties":{"c":0,"n":366}},{"type":"Feature","geometry":{"type":"LineString","coordinates":[[-4.34112,55.8758],[-4.34132,55.87556]]},"properties":{"c":0,"n":443}},{"type":"Feature","geometry":{"type":"LineString","coordinates":[[-4.33883,55.87761],[-4.33891,55.87756]]},"properties":{"c":0,"n":450}},{"type":"Feature","geometry":{"type":"LineString","coordinates":[[-4.33891,55.87756],[-4.33922,55.87734]]},"properties":{"c":0,"n":450}},{"type":"Feature","geometry":{"type":"LineString","coordinates":[[-4.32649,55.88347],[-4.32717,55.88343]]},"properties":{"c":0,"n":366}},{"type":"Feature","geometry":{"type":"LineString","coordinates":[[-4.34085,55.87611],[-4.34112,55.8758]]},"properties":{"c":0,"n":443}},{"type":"Feature","geometry":{"type":"LineString","coordinates":[[-4.34026,55.87667],[-4.34037,55.87659]]},"properties":{"c":0,"n":450}},{"type":"Feature","geometry":{"type":"LineString","coordinates":[[-4.33922,55.87734],[-4.33938,55.87724]]},"properties":{"c":0,"n":450}},{"type":"Feature","geometry":{"type":"LineString","coordinates":[[-4.33759,55.8785],[-4.33773,55.87837]]},"properties":{"c":0,"n":450}},{"type":"Feature","geometry":{"type":"LineString","coordinates":[[-4.32842,55.88331],[-4.32966,55.88324]]},"properties":{"c":0,"n":366}},{"type":"Feature","geometry":{"type":"LineString","coordinates":[[-4.33429,55.88299],[-4.33385,55.88179]]},"properties":{"c":0,"n":366}},{"type":"Feature","geometry":{"type":"LineString","coordinates":[[-4.32592,55.88338],[-4.32639,55.88341],[-4.32649,55.88347]]},"properties":{"c":0,"n":241}},{"type":"Feature","geometry":{"type":"LineString","coordinates":[[-4.33773,55.87837],[-4.33826,55.87801]]},"properties":{"c":0,"n":450}},{"type":"Feature","geometry":{"type":"LineString","coordinates":[[-4.33621,55.88111],[-4.33643,55.88089],[-4.3367,55.88035]]},"properties":{"c":0,"n":366}},{"type":"Feature","geometry":{"type":"LineString","coordinates":[[-4.34058,55.8764],[-4.34082,55.87614]]},"properties":{"c":0,"n":443}},{"type":"Feature","geometry":{"type":"LineString","coordinates":[[-4.34047,55.87651],[-4.34058,55.8764]]},"properties":{"c":0,"n":463}},{"type":"Feature","geometry":{"type":"LineString","coordinates":[[-4.33202,55.8832],[-4.33429,55.88299]]},"properties":{"c":0,"n":366}},{"type":"Feature","geometry":{"type":"LineString","coordinates":[[-4.28731,55.85885],[-4.28718,55.85904]]},"properties":{"c":6592,"n":13501}},{"type":"Feature","geometry":{"type":"LineString","coordinates":[[-4.29004,55.89069],[-4.28951,55.89036]]},"properties":{"c":0,"n":1735}},{"type":"Feature","geometry":{"type":"LineString","coordinates":[[-4.28951,55.89036],[-4.28866,55.88971]]},"properties":{"c":0,"n":1735}},{"type":"Feature","geometry":{"type":"LineString","coordinates":[[-4.28838,55.88949],[-4.28811,55.88923]]},"properties":{"c":0,"n":1735}},{"type":"Feature","geometry":{"type":"LineString","coordinates":[[-4.28866,55.88971],[-4.28838,55.88949]]},"properties":{"c":0,"n":1735}},{"type":"Feature","geometry":{"type":"LineString","coordinates":[[-4.29592,55.83019],[-4.2958,55.83019]]},"properties":{"c":168,"n":1055}},{"type":"Feature","geometry":{"type":"LineString","coordinates":[[-4.30685,55.83829],[-4.3058,55.83808],[-4.30471,55.83774],[-4.30329,55.83694],[-4.30089,55.83593]]},"properties":{"c":521,"n":3801}},{"type":"Feature","geometry":{"type":"LineString","coordinates":[[-4.30789,55.83872],[-4.30756,55.83855]]},"properties":{"c":219,"n":1768}},{"type":"Feature","geometry":{"type":"LineString","coordinates":[[-4.30756,55.83855],[-4.30685,55.83829]]},"properties":{"c":219,"n":1768}},{"type":"Feature","geometry":{"type":"LineString","coordinates":[[-4.29579,55.82987],[-4.29578,55.8294]]},"properties":{"c":618,"n":3019}},{"type":"Feature","geometry":{"type":"LineString","coordinates":[[-4.29625,55.83331],[-4.29602,55.83252],[-4.29594,55.83123]]},"properties":{"c":168,"n":842}},{"type":"Feature","geometry":{"type":"LineString","coordinates":[[-4.29594,55.82771],[-4.29591,55.8275],[-4.29556,55.82748]]},"properties":{"c":265,"n":1275}},{"type":"Feature","geometry":{"type":"LineString","coordinates":[[-4.2958,55.83019],[-4.29579,55.82987]]},"properties":{"c":618,"n":3019}},{"type":"Feature","geometry":{"type":"LineString","coordinates":[[-4.30089,55.83593],[-4.30095,55.83588]]},"properties":{"c":168,"n":841}},{"type":"Feature","geometry":{"type":"LineString","coordinates":[[-4.29578,55.8294],[-4.29581,55.82827]]},"properties":{"c":618,"n":3019}},{"type":"Feature","geometry":{"type":"LineString","coordinates":[[-4.30095,55.83588],[-4.29924,55.83512],[-4.29746,55.8346]]},"properties":{"c":168,"n":842}},{"type":"Feature","geometry":{"type":"LineString","coordinates":[[-4.29581,55.82827],[-4.29582,55.8282]]},"properties":{"c":618,"n":2308}},{"type":"Feature","geometry":{"type":"LineString","coordinates":[[-4.29727,55.83453],[-4.29707,55.83447]]},"properties":{"c":168,"n":842}},{"type":"Feature","geometry":{"type":"LineString","coordinates":[[-4.29582,55.8282],[-4.29594,55.82771]]},"properties":{"c":265,"n":1287}},{"type":"Feature","geometry":{"type":"LineString","coordinates":[[-4.29746,55.8346],[-4.29727,55.83453]]},"properties":{"c":168,"n":842}},{"type":"Feature","geometry":{"type":"LineString","coordinates":[[-4.29594,55.83123],[-4.29592,55.83019]]},"properties":{"c":168,"n":1064}},{"type":"Feature","geometry":{"type":"LineString","coordinates":[[-4.29707,55.83447],[-4.29652,55.83389],[-4.29625,55.83331]]},"properties":{"c":168,"n":842}},{"type":"Feature","geometry":{"type":"LineString","coordinates":[[-4.26987,55.87152],[-4.2689,55.87128]]},"properties":{"c":0,"n":3079}},{"type":"Feature","geometry":{"type":"LineString","coordinates":[[-4.27327,55.8546],[-4.27334,55.85499]]},"properties":{"c":92,"n":5982}},{"type":"Feature","geometry":{"type":"LineString","coordinates":[[-4.27529,55.85365],[-4.27452,55.8537]]},"properties":{"c":6942,"n":19540}},{"type":"Feature","geometry":{"type":"LineString","coordinates":[[-4.27318,55.85416],[-4.27327,55.8546]]},"properties":{"c":168,"n":7591}},{"type":"Feature","geometry":{"type":"LineString","coordinates":[[-4.27452,55.8537],[-4.27322,55.85379]]},"properties":{"c":6942,"n":19540}},{"type":"Feature","geometry":{"type":"LineString","coordinates":[[-4.27322,55.85379],[-4.27318,55.85416]]},"properties":{"c":76,"n":3859}},{"type":"Feature","geometry":{"type":"LineString","coordinates":[[-4.2932,55.87572],[-4.29344,55.8755]]},"properties":{"c":635,"n":14820}},{"type":"Feature","geometry":{"type":"LineString","coordinates":[[-4.29805,55.87997],[-4.29566,55.87916]]},"properties":{"c":0,"n":1344}},{"type":"Feature","geometry":{"type":"LineString","coordinates":[[-4.29566,55.87916],[-4.29303,55.87825]]},"properties":{"c":0,"n":1344}},{"type":"Feature","geometry":{"type":"LineString","coordinates":[[-4.29339,55.87792],[-4.29316,55.87784]]},"properties":{"c":0,"n":979}},{"type":"Feature","geometry":{"type":"LineString","coordinates":[[-4.29242,55.87703],[-4.2919,55.87685]]},"properties":{"c":0,"n":979}},{"type":"Feature","geometry":{"type":"LineString","coordinates":[[-4.29303,55.87825],[-4.29339,55.87792]]},"properties":{"c":0,"n":1344}},{"type":"Feature","geometry":{"type":"LineString","coordinates":[[-4.29316,55.87784],[-4.2928,55.87757],[-4.29288,55.87719]]},"properties":{"c":0,"n":979}},{"type":"Feature","geometry":{"type":"LineString","coordinates":[[-4.29288,55.87719],[-4.29242,55.87703]]},"properties":{"c":0,"n":979}},{"type":"Feature","geometry":{"type":"LineString","coordinates":[[-4.29269,55.87619],[-4.2932,55.87572]]},"properties":{"c":635,"n":14820}},{"type":"Feature","geometry":{"type":"LineString","coordinates":[[-4.2944,55.87462],[-4.29501,55.87407]]},"properties":{"c":635,"n":14650}},{"type":"Feature","geometry":{"type":"LineString","coordinates":[[-4.29344,55.8755],[-4.29386,55.8751]]},"properties":{"c":635,"n":15185}},{"type":"Feature","geometry":{"type":"LineString","coordinates":[[-4.29386,55.8751],[-4.2944,55.87462]]},"properties":{"c":635,"n":15185}},{"type":"Feature","geometry":{"type":"LineString","coordinates":[[-4.29748,55.88048],[-4.29805,55.87997]]},"properties":{"c":0,"n":1728}},{"type":"Feature","geometry":{"type":"LineString","coordinates":[[-4.2919,55.87685],[-4.29233,55.87653]]},"properties":{"c":635,"n":15456}},{"type":"Feature","geometry":{"type":"LineString","coordinates":[[-4.29233,55.87653],[-4.29269,55.87619]]},"properties":{"c":635,"n":15456}},{"type":"Feature","geometry":{"type":"LineString","coordinates":[[-4.26611,55.86174],[-4.26621,55.8615]]},"properties":{"c":2625,"n":1856}},{"type":"Feature","geometry":{"type":"LineString","coordinates":[[-4.26621,55.8615],[-4.26631,55.86105]]},"properties":{"c":2625,"n":1856}},{"type":"Feature","geometry":{"type":"LineString","coordinates":[[-4.26631,55.86105],[-4.26618,55.86096]]},"properties":{"c":2552,"n":1656}},{"type":"Feature","geometry":{"type":"LineString","coordinates":[[-4.26608,55.86187],[-4.26611,55.86174]]},"properties":{"c":2625,"n":1856}},{"type":"Feature","geometry":{"type":"LineString","coordinates":[[-4.26585,55.86254],[-4.26608,55.86187]]},"properties":{"c":2625,"n":1856}},{"type":"Feature","geometry":{"type":"LineString","coordinates":[[-4.33764,55.87564],[-4.33651,55.87534]]},"properties":{"c":0,"n":144}},{"type":"Feature","geometry":{"type":"LineString","coordinates":[[-4.33651,55.87534],[-4.33373,55.87467]]},"properties":{"c":0,"n":144}},{"type":"Feature","geometry":{"type":"LineString","coordinates":[[-4.34058,55.8764],[-4.33954,55.87614]]},"properties":{"c":0,"n":144}},{"type":"Feature","geometry":{"type":"LineString","coordinates":[[-4.33954,55.87614],[-4.33857,55.87588]]},"properties":{"c":0,"n":144}},{"type":"Feature","geometry":{"type":"LineString","coordinates":[[-4.33857,55.87588],[-4.33764,55.87564]]},"properties":{"c":0,"n":144}},{"type":"Feature","geometry":{"type":"LineString","coordinates":[[-4.29328,55.86727],[-4.29333,55.8663]]},"properties":{"c":0,"n":2167}},{"type":"Feature","geometry":{"type":"LineString","coordinates":[[-4.29344,55.86515],[-4.29338,55.86497],[-4.29316,55.86476]]},"properties":{"c":0,"n":2167}},{"type":"Feature","geometry":{"type":"LineString","coordinates":[[-4.29333,55.8663],[-4.29339,55.86572]]},"properties":{"c":0,"n":2167}},{"type":"Feature","geometry":{"type":"LineString","coordinates":[[-4.29308,55.86469],[-4.29301,55.86457],[-4.29309,55.86409]]},"properties":{"c":0,"n":5143}},{"type":"Feature","geometry":{"type":"LineString","coordinates":[[-4.29339,55.86572],[-4.29344,55.86515]]},"properties":{"c":0,"n":2167}},{"type":"Feature","geometry":{"type":"LineString","coordinates":[[-4.29316,55.86476],[-4.29308,55.86469]]},"properties":{"c":0,"n":2167}},{"type":"Feature","geometry":{"type":"LineString","coordinates":[[-4.29185,55.86817],[-4.2931,55.86743],[-4.29314,55.86733]]},"properties":{"c":0,"n":1812}},{"type":"Feature","geometry":{"type":"LineString","coordinates":[[-4.2572,55.85741],[-4.25836,55.85753],[-4.2592,55.85755]]},"properties":{"c":792,"n":9961}},{"type":"Feature","geometry":{"type":"LineString","coordinates":[[-4.25975,55.85755],[-4.25976,55.85821],[-4.2595,55.8586]]},"properties":{"c":12411,"n":49493}},{"type":"Feature","geometry":{"type":"LineString","coordinates":[[-4.24933,55.8575],[-4.24971,55.8565]]},"properties":{"c":17781,"n":15688}},{"type":"Feature","geometry":{"type":"LineString","coordinates":[[-4.24971,55.8565],[-4.24976,55.85633]]},"properties":{"c":25635,"n":18696}},{"type":"Feature","geometry":{"type":"LineString","coordinates":[[-4.25575,55.85686],[-4.2563,55.85697]]},"properties":{"c":792,"n":9874}},{"type":"Feature","geometry":{"type":"LineString","coordinates":[[-4.2592,55.85755],[-4.25975,55.85755]]},"properties":{"c":792,"n":9961}},{"type":"Feature","geometry":{"type":"LineString","coordinates":[[-4.25729,55.85716],[-4.2572,55.85741]]},"properties":{"c":4754,"n":26621}},{"type":"Feature","geometry":{"type":"LineString","coordinates":[[-4.25552,55.85682],[-4.25575,55.85686]]},"properties":{"c":792,"n":10113}},{"type":"Feature","geometry":{"type":"LineString","coordinates":[[-4.25108,55.85885],[-4.25064,55.86]]},"properties":{"c":6356,"n":6287}},{"type":"Feature","geometry":{"type":"LineString","coordinates":[[-4.25222,55.86097],[-4.25253,55.86101]]},"properties":{"c":9437,"n":27574}},{"type":"Feature","geometry":{"type":"LineString","coordinates":[[-4.25064,55.86],[-4.25035,55.86076]]},"properties":{"c":5718,"n":4671}},{"type":"Feature","geometry":{"type":"LineString","coordinates":[[-4.25253,55.86101],[-4.25388,55.86117]]},"properties":{"c":7704,"n":20998}},{"type":"Feature","geometry":{"type":"LineString","coordinates":[[-4.25157,55.8609],[-4.25222,55.86097]]},"properties":{"c":17054,"n":32242}},{"type":"Feature","geometry":{"type":"LineString","coordinates":[[-4.25035,55.86076],[-4.25157,55.8609]]},"properties":{"c":17054,"n":31936}},{"type":"Feature","geometry":{"type":"LineString","coordinates":[[-4.2515,55.85774],[-4.25108,55.85885]]},"properties":{"c":6356,"n":6287}},{"type":"Feature","geometry":{"type":"LineString","coordinates":[[-4.25775,55.86324],[-4.25762,55.8636]]},"properties":{"c":1016,"n":9118}},{"type":"Feature","geometry":{"type":"LineString","coordinates":[[-4.25623,55.86268],[-4.25788,55.86288]]},"properties":{"c":543,"n":1680}},{"type":"Feature","geometry":{"type":"LineString","coordinates":[[-4.25788,55.86288],[-4.25775,55.86324]]},"properties":{"c":1016,"n":9118}},{"type":"Feature","geometry":{"type":"LineString","coordinates":[[-4.25482,55.86251],[-4.25623,55.86268]]},"properties":{"c":543,"n":1680}},{"type":"Feature","geometry":{"type":"LineString","coordinates":[[-4.25762,55.8636],[-4.25749,55.86396]]},"properties":{"c":1016,"n":9118}},{"type":"Feature","geometry":{"type":"LineString","coordinates":[[-4.25018,55.85523],[-4.25025,55.85493]]},"properties":{"c":23015,"n":15015}},{"type":"Feature","geometry":{"type":"LineString","coordinates":[[-4.2499,55.8559],[-4.25009,55.85548]]},"properties":{"c":23015,"n":15015}},{"type":"Feature","geometry":{"type":"LineString","coordinates":[[-4.25025,55.85493],[-4.25025,55.85484]]},"properties":{"c":9271,"n":7799}},{"type":"Feature","geometry":{"type":"LineString","coordinates":[[-4.25009,55.85548],[-4.25018,55.85523]]},"properties":{"c":23015,"n":15015}},{"type":"Feature","geometry":{"type":"LineString","coordinates":[[-4.25025,55.85484],[-4.25029,55.85464]]},"properties":{"c":9271,"n":7799}},{"type":"Feature","geometry":{"type":"LineString","coordinates":[[-4.25669,55.86149],[-4.25833,55.86168]]},"properties":{"c":4978,"n":9009}},{"type":"Feature","geometry":{"type":"LineString","coordinates":[[-4.27674,55.86304],[-4.2781,55.86302]]},"properties":{"c":8400,"n":24278}},{"type":"Feature","geometry":{"type":"LineString","coordinates":[[-4.25833,55.86168],[-4.25992,55.86187]]},"properties":{"c":6163,"n":14476}},{"type":"Feature","geometry":{"type":"LineString","coordinates":[[-4.2781,55.86302],[-4.2784,55.86301]]},"properties":{"c":8400,"n":24278}},{"type":"Feature","geometry":{"type":"LineString","coordinates":[[-4.27539,55.86306],[-4.27674,55.86304]]},"properties":{"c":8400,"n":24278}},{"type":"Feature","geometry":{"type":"LineString","coordinates":[[-4.25525,55.86132],[-4.25669,55.86149]]},"properties":{"c":8391,"n":15814}},{"type":"Feature","geometry":{"type":"LineString","coordinates":[[-4.27528,55.86306],[-4.27539,55.86306]]},"properties":{"c":8026,"n":21832}},{"type":"Feature","geometry":{"type":"LineString","coordinates":[[-4.25598,55.8338],[-4.25596,55.83374]]},"properties":{"c":809,"n":5136}},{"type":"Feature","geometry":{"type":"LineString","coordinates":[[-4.25641,55.83504],[-4.2561,55.83415]]},"properties":{"c":809,"n":5007}},{"type":"Feature","geometry":{"type":"LineString","coordinates":[[-4.25707,55.83677],[-4.25683,55.83588]]},"properties":{"c":809,"n":4883}},{"type":"Feature","geometry":{"type":"LineString","coordinates":[[-4.2561,55.83415],[-4.25598,55.8338]]},"properties":{"c":809,"n":5007}},{"type":"Feature","geometry":{"type":"LineString","coordinates":[[-4.25698,55.83796],[-4.257,55.83736]]},"properties":{"c":809,"n":4899}},{"type":"Feature","geometry":{"type":"LineString","coordinates":[[-4.25672,55.83918],[-4.25691,55.8386]]},"properties":{"c":809,"n":4860}},{"type":"Feature","geometry":{"type":"LineString","coordinates":[[-4.25787,55.82654],[-4.25741,55.826]]},"properties":{"c":0,"n":1172}},{"type":"Feature","geometry":{"type":"LineString","coordinates":[[-4.25568,55.83287],[-4.25544,55.83193]]},"properties":{"c":809,"n":5414}},{"type":"Feature","geometry":{"type":"LineString","coordinates":[[-4.25875,55.82708],[-4.25787,55.82654]]},"properties":{"c":0,"n":1172}},{"type":"Feature","geometry":{"type":"LineString","coordinates":[[-4.25616,55.84087],[-4.25648,55.83998]]},"properties":{"c":809,"n":4628}},{"type":"Feature","geometry":{"type":"LineString","coordinates":[[-4.25683,55.83588],[-4.25641,55.83504]]},"properties":{"c":809,"n":4883}},{"type":"Feature","geometry":{"type":"LineString","coordinates":[[-4.25691,55.8386],[-4.25697,55.838]]},"properties":{"c":809,"n":4860}},{"type":"Feature","geometry":{"type":"LineString","coordinates":[[-4.257,55.83736],[-4.25707,55.83677]]},"properties":{"c":809,"n":4899}},{"type":"Feature","geometry":{"type":"LineString","coordinates":[[-4.25907,55.82727],[-4.25875,55.82708]]},"properties":{"c":0,"n":1250}},{"type":"Feature","geometry":{"type":"LineString","coordinates":[[-4.25697,55.838],[-4.25698,55.83796]]},"properties":{"c":809,"n":4899}},{"type":"Feature","geometry":{"type":"LineString","coordinates":[[-4.25596,55.83374],[-4.25568,55.83287]]},"properties":{"c":809,"n":5136}},{"type":"Feature","geometry":{"type":"LineString","coordinates":[[-4.25648,55.83998],[-4.25672,55.83918]]},"properties":{"c":809,"n":4733}},{"type":"Feature","geometry":{"type":"LineString","coordinates":[[-4.25029,55.85464],[-4.25033,55.85458]]},"properties":{"c":3216,"n":2678}},{"type":"Feature","geometry":{"type":"LineString","coordinates":[[-4.25033,55.85458],[-4.25054,55.85441]]},"properties":{"c":3216,"n":2678}},{"type":"Feature","geometry":{"type":"LineString","coordinates":[[-4.24721,55.85329],[-4.24714,55.85321]]},"properties":{"c":21643,"n":17576}},{"type":"Feature","geometry":{"type":"LineString","coordinates":[[-4.25057,55.85437],[-4.24924,55.85389],[-4.24721,55.85329]]},"properties":{"c":21643,"n":17538}},{"type":"Feature","geometry":{"type":"LineString","coordinates":[[-4.25054,55.85441],[-4.25057,55.85437]]},"properties":{"c":14116,"n":9799}},{"type":"Feature","geometry":{"type":"LineString","coordinates":[[-4.27551,55.86374],[-4.27557,55.86393],[-4.27565,55.86393]]},"properties":{"c":0,"n":1369}},{"type":"Feature","geometry":{"type":"LineString","coordinates":[[-4.25814,55.85476],[-4.25962,55.85493]]},"properties":{"c":0,"n":61}},{"type":"Feature","geometry":{"type":"LineString","coordinates":[[-4.25976,55.85494],[-4.25988,55.85496]]},"properties":{"c":0,"n":63}},{"type":"Feature","geometry":{"type":"LineString","coordinates":[[-4.25962,55.85493],[-4.25976,55.85494]]},"properties":{"c":0,"n":61}},{"type":"Feature","geometry":{"type":"LineString","coordinates":[[-4.25609,55.85599],[-4.25736,55.85627]]},"properties":{"c":10147,"n":19486}},{"type":"Feature","geometry":{"type":"LineString","coordinates":[[-4.25736,55.85627],[-4.25765,55.85615]]},"properties":{"c":2384,"n":6439}},{"type":"Feature","geometry":{"type":"LineString","coordinates":[[-4.25633,55.86675],[-4.25631,55.86682]]},"properties":{"c":4234,"n":16817}},{"type":"Feature","geometry":{"type":"LineString","coordinates":[[-4.25828,55.86739],[-4.25866,55.86738],[-4.25888,55.86744],[-4.25943,55.86778],[-4.25955,55.868]]},"properties":{"c":4345,"n":19096}},{"type":"Feature","geometry":{"type":"LineString","coordinates":[[-4.2596,55.8683],[-4.25973,55.86955],[-4.25996,55.87035],[-4.26014,55.87054]]},"properties":{"c":2379,"n":23618}},{"type":"Feature","geometry":{"type":"LineString","coordinates":[[-4.25791,55.867],[-4.25787,55.8671],[-4.25828,55.86739]]},"properties":{"c":4345,"n":19096}},{"type":"Feature","geometry":{"type":"LineString","coordinates":[[-4.26116,55.87331],[-4.26127,55.87331]]},"properties":{"c":1973,"n":16199}},{"type":"Feature","geometry":{"type":"LineString","coordinates":[[-4.26061,55.87144],[-4.26082,55.87215]]},"properties":{"c":1973,"n":19651}},{"type":"Feature","geometry":{"type":"LineString","coordinates":[[-4.25958,55.86816],[-4.2596,55.8683]]},"properties":{"c":2379,"n":23618}},{"type":"Feature","geometry":{"type":"LineString","coordinates":[[-4.26014,55.87054],[-4.26037,55.87085],[-4.26061,55.87144]]},"properties":{"c":1973,"n":19651}},{"type":"Feature","geometry":{"type":"LineString","coordinates":[[-4.25955,55.868],[-4.25958,55.86816]]},"properties":{"c":4643,"n":29569}},{"type":"Feature","geometry":{"type":"LineString","coordinates":[[-4.25222,55.86097],[-4.25195,55.8618]]},"properties":{"c":7617,"n":4668}},{"type":"Feature","geometry":{"type":"LineString","coordinates":[[-4.25041,55.86574],[-4.25149,55.86584],[-4.25148,55.8659]]},"properties":{"c":491,"n":2982}},{"type":"Feature","geometry":{"type":"LineString","coordinates":[[-4.24933,55.8575],[-4.24894,55.85876]]},"properties":{"c":10799,"n":12776}},{"type":"Feature","geometry":{"type":"LineString","coordinates":[[-4.24741,55.86124],[-4.24733,55.86148]]},"properties":{"c":134,"n":1741}},{"type":"Feature","geometry":{"type":"LineString","coordinates":[[-4.24855,55.86232],[-4.24828,55.86305]]},"properties":{"c":1344,"n":10189}},{"type":"Feature","geometry":{"type":"LineString","coordinates":[[-4.24733,55.86148],[-4.24709,55.86215]]},"properties":{"c":134,"n":1741}},{"type":"Feature","geometry":{"type":"LineString","coordinates":[[-4.24853,55.86549],[-4.24877,55.86556],[-4.25041,55.86574]]},"properties":{"c":491,"n":2982}},{"type":"Feature","geometry":{"type":"LineString","coordinates":[[-4.24894,55.85876],[-4.24877,55.85929]]},"properties":{"c":10799,"n":12776}},{"type":"Feature","geometry":{"type":"LineString","coordinates":[[-4.24709,55.86215],[-4.24855,55.86232]]},"properties":{"c":134,"n":1741}},{"type":"Feature","geometry":{"type":"LineString","coordinates":[[-4.24877,55.85929],[-4.24857,55.85981]]},"properties":{"c":10799,"n":12776}},{"type":"Feature","geometry":{"type":"LineString","coordinates":[[-4.23664,55.86221],[-4.23679,55.86294]]},"properties":{"c":565,"n":7496}},{"type":"Feature","geometry":{"type":"LineString","coordinates":[[-4.23636,55.85214],[-4.23598,55.85192]]},"properties":{"c":18644,"n":9116}},{"type":"Feature","geometry":{"type":"LineString","coordinates":[[-4.24038,55.85458],[-4.23919,55.85391]]},"properties":{"c":18644,"n":8665}},{"type":"Feature","geometry":{"type":"LineString","coordinates":[[-4.24104,55.85497],[-4.2411,55.85494]]},"properties":{"c":9055,"n":4306}},{"type":"Feature","geometry":{"type":"LineString","coordinates":[[-4.23574,55.85123],[-4.23581,55.85116]]},"properties":{"c":18644,"n":9266}},{"type":"Feature","geometry":{"type":"LineString","coordinates":[[-4.23516,55.85062],[-4.2337,55.84948]]},"properties":{"c":18644,"n":10391}},{"type":"Feature","geometry":{"type":"LineString","coordinates":[[-4.23581,55.85116],[-4.23516,55.85062]]},"properties":{"c":18644,"n":9257}},{"type":"Feature","geometry":{"type":"LineString","coordinates":[[-4.23786,55.85299],[-4.23636,55.85214]]},"properties":{"c":18644,"n":9116}},{"type":"Feature","geometry":{"type":"LineString","coordinates":[[-4.23919,55.85391],[-4.2389,55.85364]]},"properties":{"c":18644,"n":8665}},{"type":"Feature","geometry":{"type":"LineString","coordinates":[[-4.23598,55.85192],[-4.23563,55.85161],[-4.23562,55.85139],[-4.23574,55.85123]]},"properties":{"c":18644,"n":9266}},{"type":"Feature","geometry":{"type":"LineString","coordinates":[[-4.2389,55.85364],[-4.238,55.85294]]},"properties":{"c":18644,"n":8665}},{"type":"Feature","geometry":{"type":"LineString","coordinates":[[-4.2411,55.85494],[-4.24038,55.85458]]},"properties":{"c":18644,"n":8665}},{"type":"Feature","geometry":{"type":"LineString","coordinates":[[-4.21147,55.8486],[-4.21017,55.84853]]},"properties":{"c":0,"n":954}},{"type":"Feature","geometry":{"type":"LineString","coordinates":[[-4.20737,55.84824],[-4.2067,55.84819]]},"properties":{"c":0,"n":954}},{"type":"Feature","geometry":{"type":"LineString","coordinates":[[-4.2162,55.84887],[-4.21555,55.84886]]},"properties":{"c":0,"n":954}},{"type":"Feature","geometry":{"type":"LineString","coordinates":[[-4.2067,55.84819],[-4.20612,55.84814]]},"properties":{"c":0,"n":954}},{"type":"Feature","geometry":{"type":"LineString","coordinates":[[-4.21399,55.84874],[-4.21353,55.8487]]},"properties":{"c":0,"n":954}},{"type":"Feature","geometry":{"type":"LineString","coordinates":[[-4.2037,55.84796],[-4.20288,55.8479]]},"properties":{"c":0,"n":954}},{"type":"Feature","geometry":{"type":"LineString","coordinates":[[-4.21196,55.84859],[-4.21147,55.8486]]},"properties":{"c":0,"n":954}},{"type":"Feature","geometry":{"type":"LineString","coordinates":[[-4.21417,55.84875],[-4.21399,55.84874]]},"properties":{"c":0,"n":954}},{"type":"Feature","geometry":{"type":"LineString","coordinates":[[-4.20756,55.84825],[-4.20737,55.84824]]},"properties":{"c":0,"n":954}},{"type":"Feature","geometry":{"type":"LineString","coordinates":[[-4.20834,55.84833],[-4.20787,55.84827]]},"properties":{"c":0,"n":954}},{"type":"Feature","geometry":{"type":"LineString","coordinates":[[-4.20946,55.84848],[-4.20858,55.84837]]},"properties":{"c":0,"n":954}},{"type":"Feature","geometry":{"type":"LineString","coordinates":[[-4.20469,55.84804],[-4.20389,55.84798]]},"properties":{"c":0,"n":954}},{"type":"Feature","geometry":{"type":"LineString","coordinates":[[-4.20216,55.84785],[-4.20198,55.84783]]},"properties":{"c":0,"n":395}},{"type":"Feature","geometry":{"type":"LineString","coordinates":[[-4.21246,55.84862],[-4.21196,55.84859]]},"properties":{"c":0,"n":954}},{"type":"Feature","geometry":{"type":"LineString","coordinates":[[-4.20389,55.84798],[-4.2037,55.84796]]},"properties":{"c":0,"n":954}},{"type":"Feature","geometry":{"type":"LineString","coordinates":[[-4.21289,55.84866],[-4.21246,55.84862]]},"properties":{"c":0,"n":954}},{"type":"Feature","geometry":{"type":"LineString","coordinates":[[-4.21017,55.84853],[-4.20994,55.84851]]},"properties":{"c":0,"n":954}},{"type":"Feature","geometry":{"type":"LineString","coordinates":[[-4.20288,55.8479],[-4.2023,55.84786]]},"properties":{"c":0,"n":954}},{"type":"Feature","geometry":{"type":"LineString","coordinates":[[-4.20994,55.84851],[-4.20971,55.84849]]},"properties":{"c":0,"n":954}},{"type":"Feature","geometry":{"type":"LineString","coordinates":[[-4.21353,55.8487],[-4.21289,55.84866]]},"properties":{"c":0,"n":954}},{"type":"Feature","geometry":{"type":"LineString","coordinates":[[-4.2051,55.84807],[-4.20469,55.84804]]},"properties":{"c":0,"n":954}},{"type":"Feature","geometry":{"type":"LineString","coordinates":[[-4.20612,55.84814],[-4.2051,55.84807]]},"properties":{"c":0,"n":954}},{"type":"Feature","geometry":{"type":"LineString","coordinates":[[-4.20858,55.84837],[-4.20834,55.84833]]},"properties":{"c":0,"n":954}},{"type":"Feature","geometry":{"type":"LineString","coordinates":[[-4.20971,55.84849],[-4.20946,55.84848]]},"properties":{"c":0,"n":954}},{"type":"Feature","geometry":{"type":"LineString","coordinates":[[-4.21555,55.84886],[-4.21491,55.84882]]},"properties":{"c":0,"n":954}},{"type":"Feature","geometry":{"type":"LineString","coordinates":[[-4.21491,55.84882],[-4.21417,55.84875]]},"properties":{"c":0,"n":954}},{"type":"Feature","geometry":{"type":"LineString","coordinates":[[-4.20787,55.84827],[-4.20756,55.84825]]},"properties":{"c":0,"n":954}},{"type":"Feature","geometry":{"type":"LineString","coordinates":[[-4.20224,55.84786],[-4.20216,55.84785]]},"properties":{"c":0,"n":954}},{"type":"Feature","geometry":{"type":"LineString","coordinates":[[-4.2023,55.84786],[-4.20224,55.84786]]},"properties":{"c":0,"n":954}},{"type":"Feature","geometry":{"type":"LineString","coordinates":[[-4.25159,55.86952],[-4.25157,55.86977]]},"properties":{"c":0,"n":525}},{"type":"Feature","geometry":{"type":"LineString","coordinates":[[-4.25354,55.87072],[-4.25412,55.87083],[-4.25469,55.87118]]},"properties":{"c":0,"n":1184}},{"type":"Feature","geometry":{"type":"LineString","coordinates":[[-4.25156,55.86985],[-4.25144,55.87028]]},"properties":{"c":0,"n":525}},{"type":"Feature","geometry":{"type":"LineString","coordinates":[[-4.25505,55.87667],[-4.25479,55.87705]]},"properties":{"c":0,"n":2866}},{"type":"Feature","geometry":{"type":"LineString","coordinates":[[-4.25689,55.87143],[-4.25703,55.87168],[-4.25732,55.87381],[-4.25706,55.87444],[-4.25638,55.87521]]},"properties":{"c":0,"n":2866}},{"type":"Feature","geometry":{"type":"LineString","coordinates":[[-4.25638,55.87521],[-4.25601,55.87561]]},"properties":{"c":0,"n":2866}},{"type":"Feature","geometry":{"type":"LineString","coordinates":[[-4.24785,55.86713],[-4.24878,55.86768]]},"properties":{"c":0,"n":955}},{"type":"Feature","geometry":{"type":"LineString","coordinates":[[-4.25029,55.86863],[-4.25057,55.86883]]},"properties":{"c":0,"n":955}},{"type":"Feature","geometry":{"type":"LineString","coordinates":[[-4.25574,55.8759],[-4.25505,55.87667]]},"properties":{"c":0,"n":2866}},{"type":"Feature","geometry":{"type":"LineString","coordinates":[[-4.25157,55.86977],[-4.25156,55.86985]]},"properties":{"c":0,"n":525}},{"type":"Feature","geometry":{"type":"LineString","coordinates":[[-4.25192,55.87055],[-4.25274,55.87058],[-4.25354,55.87072]]},"properties":{"c":0,"n":1184}},{"type":"Feature","geometry":{"type":"LineString","coordinates":[[-4.25479,55.87705],[-4.25459,55.87768]]},"properties":{"c":0,"n":2866}},{"type":"Feature","geometry":{"type":"LineString","coordinates":[[-4.25469,55.87118],[-4.25531,55.87103],[-4.25591,55.87103],[-4.25646,55.87117],[-4.25689,55.87143]]},"properties":{"c":0,"n":1184}},{"type":"Feature","geometry":{"type":"LineString","coordinates":[[-4.25601,55.87561],[-4.25574,55.8759]]},"properties":{"c":0,"n":2866}},{"type":"Feature","geometry":{"type":"LineString","coordinates":[[-4.25144,55.87028],[-4.25157,55.87045],[-4.25192,55.87055]]},"properties":{"c":0,"n":525}},{"type":"Feature","geometry":{"type":"LineString","coordinates":[[-4.24878,55.86768],[-4.25029,55.86863]]},"properties":{"c":0,"n":955}},{"type":"Feature","geometry":{"type":"LineString","coordinates":[[-4.2088,55.86245],[-4.20853,55.86254]]},"properties":{"c":0,"n":617}},{"type":"Feature","geometry":{"type":"LineString","coordinates":[[-4.20853,55.86254],[-4.20801,55.86284]]},"properties":{"c":0,"n":351}},{"type":"Feature","geometry":{"type":"LineString","coordinates":[[-4.21104,55.86171],[-4.21023,55.86198]]},"properties":{"c":0,"n":617}},{"type":"Feature","geometry":{"type":"LineString","coordinates":[[-4.21023,55.86198],[-4.2088,55.86245]]},"properties":{"c":0,"n":617}},{"type":"Feature","geometry":{"type":"LineString","coordinates":[[-4.28377,55.85848],[-4.28404,55.85875]]},"properties":{"c":5696,"n":16622}},{"type":"Feature","geometry":{"type":"LineString","coordinates":[[-4.28338,55.8583],[-4.28377,55.85848]]},"properties":{"c":5696,"n":16622}},{"type":"Feature","geometry":{"type":"LineString","coordinates":[[-4.28163,55.85781],[-4.28212,55.85794]]},"properties":{"c":3335,"n":3944}},{"type":"Feature","geometry":{"type":"LineString","coordinates":[[-4.28302,55.8582],[-4.28338,55.8583]]},"properties":{"c":5696,"n":16622}},{"type":"Feature","geometry":{"type":"LineString","coordinates":[[-4.28212,55.85794],[-4.28302,55.8582]]},"properties":{"c":5696,"n":16622}},{"type":"Feature","geometry":{"type":"LineString","coordinates":[[-4.26014,55.87054],[-4.25998,55.87079],[-4.26006,55.87102]]},"properties":{"c":406,"n":4543}},{"type":"Feature","geometry":{"type":"LineString","coordinates":[[-4.24492,55.86246],[-4.24502,55.86283]]},"properties":{"c":1283,"n":16861}},{"type":"Feature","geometry":{"type":"LineString","coordinates":[[-4.24525,55.86157],[-4.24492,55.86246]]},"properties":{"c":587,"n":2400}},{"type":"Feature","geometry":{"type":"LineString","coordinates":[[-4.24532,55.86139],[-4.24525,55.86157]]},"properties":{"c":587,"n":2400}},{"type":"Feature","geometry":{"type":"LineString","coordinates":[[-4.23507,55.86912],[-4.23444,55.86997],[-4.23425,55.8705]]},"properties":{"c":0,"n":745}},{"type":"Feature","geometry":{"type":"LineString","coordinates":[[-4.23744,55.86439],[-4.23683,55.86537],[-4.23637,55.86723],[-4.23606,55.86779],[-4.23507,55.86912]]},"properties":{"c":0,"n":745}},{"type":"Feature","geometry":{"type":"LineString","coordinates":[[-4.24502,55.86283],[-4.24509,55.86297]]},"properties":{"c":1283,"n":16861}},{"type":"Feature","geometry":{"type":"LineString","coordinates":[[-4.24545,55.86101],[-4.24532,55.86139]]},"properties":{"c":587,"n":2400}},{"type":"Feature","geometry":{"type":"LineString","coordinates":[[-4.26204,55.86901],[-4.26215,55.86905]]},"properties":{"c":2264,"n":5951}},{"type":"Feature","geometry":{"type":"LineString","coordinates":[[-4.26188,55.86896],[-4.26204,55.86901]]},"properties":{"c":2264,"n":5951}},{"type":"Feature","geometry":{"type":"LineString","coordinates":[[-4.26121,55.86874],[-4.26188,55.86896]]},"properties":{"c":2264,"n":5951}},{"type":"Feature","geometry":{"type":"LineString","coordinates":[[-4.26046,55.8685],[-4.26121,55.86874]]},"properties":{"c":2264,"n":5951}},{"type":"Feature","geometry":{"type":"LineString","coordinates":[[-4.26319,55.86933],[-4.26293,55.86953],[-4.26303,55.86992],[-4.26341,55.86995],[-4.26319,55.87013],[-4.26445,55.87009],[-4.26493,55.87028],[-4.26515,55.87009],[-4.26525,55.87009],[-4.26627,55.87039]]},"properties":{"c":2264,"n":5951}},{"type":"Feature","geometry":{"type":"LineString","coordinates":[[-4.26215,55.86905],[-4.26274,55.86925]]},"properties":{"c":2264,"n":5951}},{"type":"Feature","geometry":{"type":"LineString","coordinates":[[-4.25958,55.86816],[-4.2605,55.86845],[-4.26046,55.8685]]},"properties":{"c":2264,"n":5951}},{"type":"Feature","geometry":{"type":"LineString","coordinates":[[-4.26274,55.86925],[-4.26319,55.86933]]},"properties":{"c":2264,"n":5951}},{"type":"Feature","geometry":{"type":"LineString","coordinates":[[-4.26627,55.87039],[-4.26595,55.87101]]},"properties":{"c":2264,"n":5552}},{"type":"Feature","geometry":{"type":"LineString","coordinates":[[-4.24357,55.87003],[-4.24379,55.87009],[-4.24358,55.87015],[-4.24378,55.87021],[-4.24371,55.87029]]},"properties":{"c":0,"n":387}},{"type":"Feature","geometry":{"type":"LineString","coordinates":[[-4.2409,55.87201],[-4.2407,55.87206]]},"properties":{"c":0,"n":387}},{"type":"Feature","geometry":{"type":"LineString","coordinates":[[-4.24418,55.86981],[-4.24398,55.86996]]},"properties":{"c":0,"n":387}},{"type":"Feature","geometry":{"type":"LineString","coordinates":[[-4.24371,55.87029],[-4.24277,55.87146]]},"properties":{"c":0,"n":387}},{"type":"Feature","geometry":{"type":"LineString","coordinates":[[-4.24398,55.86996],[-4.24357,55.87003]]},"properties":{"c":0,"n":387}},{"type":"Feature","geometry":{"type":"LineString","coordinates":[[-4.24277,55.87146],[-4.2427,55.87155]]},"properties":{"c":0,"n":387}},{"type":"Feature","geometry":{"type":"LineString","coordinates":[[-4.24129,55.87184],[-4.24093,55.87206]]},"properties":{"c":0,"n":387}},{"type":"Feature","geometry":{"type":"LineString","coordinates":[[-4.2427,55.87155],[-4.24129,55.87184]]},"properties":{"c":0,"n":387}},{"type":"Feature","geometry":{"type":"LineString","coordinates":[[-4.24477,55.86836],[-4.24462,55.86864],[-4.24431,55.86859],[-4.24419,55.86863],[-4.24423,55.86871],[-4.24452,55.86876],[-4.24445,55.86883],[-4.24423,55.86883],[-4.24418,55.86891],[-4.24455,55.86895],[-4.24474,55.86908],[-4.245,55.86912],[-4.24504,55.86919],[-4.24488,55.86927],[-4.24462,55.86914],[-4.24441,55.86916],[-4.24418,55.86981]]},"properties":{"c":0,"n":387}},{"type":"Feature","geometry":{"type":"LineString","coordinates":[[-4.2601,55.86846],[-4.25992,55.86874],[-4.25993,55.86899]]},"properties":{"c":1223,"n":8054}},{"type":"Feature","geometry":{"type":"LineString","coordinates":[[-4.26032,55.86825],[-4.2601,55.86846]]},"properties":{"c":569,"n":3741}},{"type":"Feature","geometry":{"type":"LineString","coordinates":[[-4.26038,55.86808],[-4.26032,55.86825]]},"properties":{"c":569,"n":3730}},{"type":"Feature","geometry":{"type":"LineString","coordinates":[[-4.25993,55.86899],[-4.2602,55.86957],[-4.26036,55.86968]]},"properties":{"c":569,"n":3741}},{"type":"Feature","geometry":{"type":"LineString","coordinates":[[-4.26036,55.86801],[-4.26038,55.86808]]},"properties":{"c":569,"n":3730}},{"type":"Feature","geometry":{"type":"LineString","coordinates":[[-4.2422,55.85559],[-4.24243,55.85573]]},"properties":{"c":12564,"n":14001}},{"type":"Feature","geometry":{"type":"LineString","coordinates":[[-4.24144,55.85518],[-4.2422,55.85559]]},"properties":{"c":12564,"n":14001}},{"type":"Feature","geometry":{"type":"LineString","coordinates":[[-4.24113,55.85521],[-4.24144,55.85518]]},"properties":{"c":797,"n":2558}},{"type":"Feature","geometry":{"type":"LineString","coordinates":[[-4.24243,55.85573],[-4.24383,55.85645]]},"properties":{"c":12564,"n":14001}},{"type":"Feature","geometry":{"type":"LineString","coordinates":[[-4.24671,55.86034],[-4.24715,55.86039]]},"properties":{"c":3301,"n":11185}},{"type":"Feature","geometry":{"type":"LineString","coordinates":[[-4.24063,55.85696],[-4.24146,55.85718]]},"properties":{"c":772,"n":5512}},{"type":"Feature","geometry":{"type":"LineString","coordinates":[[-4.24599,55.85956],[-4.24586,55.85989]]},"properties":{"c":613,"n":2827}},{"type":"Feature","geometry":{"type":"LineString","coordinates":[[-4.2418,55.85728],[-4.24277,55.85756]]},"properties":{"c":772,"n":5512}},{"type":"Feature","geometry":{"type":"LineString","coordinates":[[-4.24841,55.86053],[-4.24868,55.86057]]},"properties":{"c":8499,"n":23319}},{"type":"Feature","geometry":{"type":"LineString","coordinates":[[-4.23886,55.85663],[-4.23952,55.85672]]},"properties":{"c":772,"n":5512}},{"type":"Feature","geometry":{"type":"LineString","coordinates":[[-4.24578,55.86012],[-4.24585,55.86024]]},"properties":{"c":419,"n":2103}},{"type":"Feature","geometry":{"type":"LineString","coordinates":[[-4.23899,55.85633],[-4.23886,55.85663]]},"properties":{"c":772,"n":5512}},{"type":"Feature","geometry":{"type":"LineString","coordinates":[[-4.24586,55.85989],[-4.24578,55.86012]]},"properties":{"c":613,"n":2827}},{"type":"Feature","geometry":{"type":"LineString","coordinates":[[-4.24917,55.86063],[-4.25035,55.86076]]},"properties":{"c":11336,"n":27265}},{"type":"Feature","geometry":{"type":"LineString","coordinates":[[-4.23952,55.85672],[-4.23982,55.85678]]},"properties":{"c":772,"n":5512}},{"type":"Feature","geometry":{"type":"LineString","coordinates":[[-4.24769,55.86046],[-4.24841,55.86053]]},"properties":{"c":3722,"n":15163}},{"type":"Feature","geometry":{"type":"LineString","coordinates":[[-4.23982,55.85678],[-4.24032,55.85689]]},"properties":{"c":772,"n":5512}},{"type":"Feature","geometry":{"type":"LineString","coordinates":[[-4.24868,55.86057],[-4.24917,55.86063]]},"properties":{"c":8499,"n":23319}},{"type":"Feature","geometry":{"type":"LineString","coordinates":[[-4.23928,55.85578],[-4.23899,55.85633]]},"properties":{"c":772,"n":5512}},{"type":"Feature","geometry":{"type":"LineString","coordinates":[[-4.24032,55.85689],[-4.24063,55.85696]]},"properties":{"c":772,"n":5512}},{"type":"Feature","geometry":{"type":"LineString","coordinates":[[-4.24146,55.85718],[-4.2418,55.85728]]},"properties":{"c":772,"n":5512}},{"type":"Feature","geometry":{"type":"LineString","coordinates":[[-4.24585,55.86024],[-4.24671,55.86034]]},"properties":{"c":3533,"n":13652}},{"type":"Feature","geometry":{"type":"LineString","coordinates":[[-4.24715,55.86039],[-4.24769,55.86046]]},"properties":{"c":3301,"n":11185}},{"type":"Feature","geometry":{"type":"LineString","coordinates":[[-4.24383,55.85645],[-4.24394,55.8565]]},"properties":{"c":10985,"n":8825}},{"type":"Feature","geometry":{"type":"LineString","coordinates":[[-4.24394,55.8565],[-4.24514,55.85695]]},"properties":{"c":9245,"n":9423}},{"type":"Feature","geometry":{"type":"LineString","coordinates":[[-4.25459,55.86125],[-4.25525,55.86132]]},"properties":{"c":6853,"n":12359}},{"type":"Feature","geometry":{"type":"LineString","coordinates":[[-4.25388,55.86117],[-4.25459,55.86125]]},"properties":{"c":6853,"n":12359}},{"type":"Feature","geometry":{"type":"LineString","coordinates":[[-4.25175,55.85318],[-4.25183,55.85322]]},"properties":{"c":0,"n":2626}},{"type":"Feature","geometry":{"type":"LineString","coordinates":[[-4.2478,55.85209],[-4.25175,55.85318]]},"properties":{"c":0,"n":2626}},{"type":"Feature","geometry":{"type":"LineString","coordinates":[[-4.24516,55.8532],[-4.24532,55.85325]]},"properties":{"c":1106,"n":742}},{"type":"Feature","geometry":{"type":"LineString","coordinates":[[-4.25054,55.85441],[-4.25061,55.85444]]},"properties":{"c":8647,"n":4483}},{"type":"Feature","geometry":{"type":"LineString","coordinates":[[-4.2468,55.85322],[-4.24707,55.8533]]},"properties":{"c":1106,"n":802}},{"type":"Feature","geometry":{"type":"LineString","coordinates":[[-4.24953,55.85406],[-4.24977,55.85415]]},"properties":{"c":1106,"n":742}},{"type":"Feature","geometry":{"type":"LineString","coordinates":[[-4.24497,55.85316],[-4.24516,55.8532]]},"properties":{"c":1106,"n":742}},{"type":"Feature","geometry":{"type":"LineString","coordinates":[[-4.24761,55.85345],[-4.24893,55.85383]]},"properties":{"c":1106,"n":840}},{"type":"Feature","geometry":{"type":"LineString","coordinates":[[-4.24707,55.8533],[-4.24761,55.85345]]},"properties":{"c":1106,"n":840}},{"type":"Feature","geometry":{"type":"LineString","coordinates":[[-4.24476,55.85317],[-4.24497,55.85316]]},"properties":{"c":1106,"n":742}},{"type":"Feature","geometry":{"type":"LineString","coordinates":[[-4.25061,55.85444],[-4.25108,55.85468]]},"properties":{"c":10822,"n":9198}},{"type":"Feature","geometry":{"type":"LineString","coordinates":[[-4.24544,55.85328],[-4.24651,55.85356]]},"properties":{"c":1106,"n":742}},{"type":"Feature","geometry":{"type":"LineString","coordinates":[[-4.24532,55.85325],[-4.24544,55.85328]]},"properties":{"c":1106,"n":742}},{"type":"Feature","geometry":{"type":"LineString","coordinates":[[-4.24977,55.85415],[-4.25054,55.85441]]},"properties":{"c":1106,"n":742}},{"type":"Feature","geometry":{"type":"LineString","coordinates":[[-4.24893,55.85383],[-4.24953,55.85406]]},"properties":{"c":1106,"n":742}},{"type":"Feature","geometry":{"type":"LineString","coordinates":[[-4.25057,55.85437],[-4.25064,55.8544]]},"properties":{"c":7763,"n":11141}},{"type":"Feature","geometry":{"type":"LineString","coordinates":[[-4.23673,55.84922],[-4.23631,55.8488]]},"properties":{"c":0,"n":208}},{"type":"Feature","geometry":{"type":"LineString","coordinates":[[-4.23578,55.84825],[-4.2356,55.84712]]},"properties":{"c":0,"n":208}},{"type":"Feature","geometry":{"type":"LineString","coordinates":[[-4.23631,55.8488],[-4.23578,55.84825]]},"properties":{"c":979,"n":1278}},{"type":"Feature","geometry":{"type":"LineString","coordinates":[[-4.2375,55.84993],[-4.237,55.84947]]},"properties":{"c":0,"n":199}},{"type":"Feature","geometry":{"type":"LineString","coordinates":[[-4.237,55.84947],[-4.23673,55.84922]]},"properties":{"c":0,"n":208}},{"type":"Feature","geometry":{"type":"LineString","coordinates":[[-4.23824,55.8523],[-4.23842,55.8508]]},"properties":{"c":0,"n":199}},{"type":"Feature","geometry":{"type":"LineString","coordinates":[[-4.23842,55.8508],[-4.2375,55.84993]]},"properties":{"c":0,"n":199}},{"type":"Feature","geometry":{"type":"LineString","coordinates":[[-4.25428,55.8555],[-4.25609,55.85599]]},"properties":{"c":7763,"n":13425}},{"type":"Feature","geometry":{"type":"LineString","coordinates":[[-4.25162,55.85479],[-4.25262,55.85506]]},"properties":{"c":7763,"n":13778}},{"type":"Feature","geometry":{"type":"LineString","coordinates":[[-4.25262,55.85506],[-4.25428,55.8555]]},"properties":{"c":7763,"n":13425}},{"type":"Feature","geometry":{"type":"LineString","coordinates":[[-4.23415,55.85488],[-4.23372,55.85483]]},"properties":{"c":0,"n":353}},{"type":"Feature","geometry":{"type":"LineString","coordinates":[[-4.23212,55.85459],[-4.231,55.85434]]},"properties":{"c":208,"n":615}},{"type":"Feature","geometry":{"type":"LineString","coordinates":[[-4.23533,55.85504],[-4.23479,55.85498]]},"properties":{"c":0,"n":353}},{"type":"Feature","geometry":{"type":"LineString","coordinates":[[-4.22364,55.85219],[-4.2233,55.85168]]},"properties":{"c":0,"n":381}},{"type":"Feature","geometry":{"type":"LineString","coordinates":[[-4.2233,55.85168],[-4.22273,55.85081]]},"properties":{"c":0,"n":381}},{"type":"Feature","geometry":{"type":"LineString","coordinates":[[-4.23311,55.85475],[-4.23288,55.85471]]},"properties":{"c":0,"n":353}},{"type":"Feature","geometry":{"type":"LineString","coordinates":[[-4.2327,55.8547],[-4.23212,55.85459]]},"properties":{"c":208,"n":615}},{"type":"Feature","geometry":{"type":"LineString","coordinates":[[-4.23372,55.85483],[-4.23311,55.85475]]},"properties":{"c":0,"n":353}},{"type":"Feature","geometry":{"type":"LineString","coordinates":[[-4.22532,55.85198],[-4.22475,55.852],[-4.22364,55.85219]]},"properties":{"c":0,"n":381}},{"type":"Feature","geometry":{"type":"LineString","coordinates":[[-4.22645,55.852],[-4.22532,55.85198]]},"properties":{"c":0,"n":381}},{"type":"Feature","geometry":{"type":"LineString","coordinates":[[-4.22192,55.84959],[-4.22166,55.84921]]},"properties":{"c":0,"n":381}},{"type":"Feature","geometry":{"type":"LineString","coordinates":[[-4.22273,55.85081],[-4.22236,55.85024]]},"properties":{"c":0,"n":381}},{"type":"Feature","geometry":{"type":"LineString","coordinates":[[-4.23288,55.85471],[-4.2327,55.8547]]},"properties":{"c":208,"n":615}},{"type":"Feature","geometry":{"type":"LineString","coordinates":[[-4.231,55.85434],[-4.23094,55.85429]]},"properties":{"c":208,"n":615}},{"type":"Feature","geometry":{"type":"LineString","coordinates":[[-4.22236,55.85024],[-4.22192,55.84959]]},"properties":{"c":0,"n":381}},{"type":"Feature","geometry":{"type":"LineString","coordinates":[[-4.23479,55.85498],[-4.23415,55.85488]]},"properties":{"c":0,"n":353}},{"type":"Feature","geometry":{"type":"LineString","coordinates":[[-4.23238,55.85738],[-4.23209,55.85795]]},"properties":{"c":208,"n":3288}},{"type":"Feature","geometry":{"type":"LineString","coordinates":[[-4.23404,55.8611],[-4.23405,55.86117]]},"properties":{"c":565,"n":4393}},{"type":"Feature","geometry":{"type":"LineString","coordinates":[[-4.23385,55.85986],[-4.23392,55.8603]]},"properties":{"c":565,"n":4393}},{"type":"Feature","geometry":{"type":"LineString","coordinates":[[-4.23256,55.85684],[-4.23255,55.85688]]},"properties":{"c":208,"n":1880}},{"type":"Feature","geometry":{"type":"LineString","coordinates":[[-4.23213,55.85825],[-4.23219,55.85846]]},"properties":{"c":82,"n":2119}},{"type":"Feature","geometry":{"type":"LineString","coordinates":[[-4.23255,55.85688],[-4.23238,55.85738]]},"properties":{"c":208,"n":3288}},{"type":"Feature","geometry":{"type":"LineString","coordinates":[[-4.23233,55.85872],[-4.23264,55.85914]]},"properties":{"c":82,"n":2119}},{"type":"Feature","geometry":{"type":"LineString","coordinates":[[-4.23264,55.85914],[-4.23276,55.8594]]},"properties":{"c":82,"n":2119}},{"type":"Feature","geometry":{"type":"LineString","coordinates":[[-4.23392,55.8603],[-4.23404,55.8611]]},"properties":{"c":565,"n":4393}},{"type":"Feature","geometry":{"type":"LineString","coordinates":[[-4.23405,55.86117],[-4.23411,55.86129]]},"properties":{"c":565,"n":4393}},{"type":"Feature","geometry":{"type":"LineString","coordinates":[[-4.23381,55.85953],[-4.23385,55.85986]]},"properties":{"c":565,"n":4393}},{"type":"Feature","geometry":{"type":"LineString","coordinates":[[-4.23288,55.85572],[-4.23256,55.85684]]},"properties":{"c":208,"n":1880}},{"type":"Feature","geometry":{"type":"LineString","coordinates":[[-4.23219,55.85846],[-4.23233,55.85872]]},"properties":{"c":82,"n":2119}},{"type":"Feature","geometry":{"type":"LineString","coordinates":[[-4.23209,55.85795],[-4.23213,55.85825]]},"properties":{"c":82,"n":2119}},{"type":"Feature","geometry":{"type":"LineString","coordinates":[[-4.28344,55.85823],[-4.28434,55.85868],[-4.28534,55.85869]]},"properties":{"c":3412,"n":8924}},{"type":"Feature","geometry":{"type":"LineString","coordinates":[[-4.30482,55.86603],[-4.30518,55.86583]]},"properties":{"c":1507,"n":5402}},{"type":"Feature","geometry":{"type":"LineString","coordinates":[[-4.30382,55.86602],[-4.30435,55.86622],[-4.30482,55.86603]]},"properties":{"c":4965,"n":11626}},{"type":"Feature","geometry":{"type":"LineString","coordinates":[[-4.28178,55.85774],[-4.28218,55.85788]]},"properties":{"c":5773,"n":21602}},{"type":"Feature","geometry":{"type":"LineString","coordinates":[[-4.28218,55.85788],[-4.28344,55.85823]]},"properties":{"c":3412,"n":8924}},{"type":"Feature","geometry":{"type":"LineString","coordinates":[[-4.29679,55.8627],[-4.29687,55.86267],[-4.29755,55.86298],[-4.29905,55.86342],[-4.30129,55.86448],[-4.30206,55.86502],[-4.3025,55.86544]]},"properties":{"c":4965,"n":11626}},{"type":"Feature","geometry":{"type":"LineString","coordinates":[[-4.3025,55.86544],[-4.30306,55.86575],[-4.30382,55.86602]]},"properties":{"c":4965,"n":11626}},{"type":"Feature","geometry":{"type":"LineString","coordinates":[[-4.23692,55.86371],[-4.23716,55.86399]]},"properties":{"c":0,"n":483}},{"type":"Feature","geometry":{"type":"LineString","coordinates":[[-4.23716,55.86399],[-4.23739,55.86431]]},"properties":{"c":0,"n":483}},{"type":"Feature","geometry":{"type":"LineString","coordinates":[[-4.24021,55.86001],[-4.24072,55.86018],[-4.24168,55.86032]]},"properties":{"c":2940,"n":1677}},{"type":"Feature","geometry":{"type":"LineString","coordinates":[[-4.25907,55.86415],[-4.25921,55.86379]]},"properties":{"c":267,"n":8193}},{"type":"Feature","geometry":{"type":"LineString","coordinates":[[-4.25932,55.86343],[-4.25946,55.86306]]},"properties":{"c":1994,"n":11870}},{"type":"Feature","geometry":{"type":"LineString","coordinates":[[-4.26044,55.86041],[-4.26046,55.86036]]},"properties":{"c":3287,"n":2208}},{"type":"Feature","geometry":{"type":"LineString","coordinates":[[-4.26004,55.8615],[-4.26018,55.86115]]},"properties":{"c":267,"n":4108}},{"type":"Feature","geometry":{"type":"LineString","coordinates":[[-4.25946,55.86306],[-4.25958,55.86271]]},"properties":{"c":1994,"n":11870}},{"type":"Feature","geometry":{"type":"LineString","coordinates":[[-4.25992,55.86187],[-4.26004,55.8615]]},"properties":{"c":267,"n":4108}},{"type":"Feature","geometry":{"type":"LineString","coordinates":[[-4.25921,55.86379],[-4.25932,55.86343]]},"properties":{"c":267,"n":8185}},{"type":"Feature","geometry":{"type":"LineString","coordinates":[[-4.25958,55.86271],[-4.25976,55.86228]]},"properties":{"c":267,"n":4109}},{"type":"Feature","geometry":{"type":"LineString","coordinates":[[-4.25958,55.86271],[-4.25801,55.86251]]},"properties":{"c":1727,"n":7761}},{"type":"Feature","geometry":{"type":"LineString","coordinates":[[-4.25696,55.86056],[-4.25684,55.85834]]},"properties":{"c":5517,"n":18257}},{"type":"Feature","geometry":{"type":"LineString","coordinates":[[-4.25684,55.85834],[-4.2572,55.85741]]},"properties":{"c":3962,"n":16660}},{"type":"Feature","geometry":{"type":"LineString","coordinates":[[-4.26213,55.85678],[-4.26218,55.85668]]},"properties":{"c":897,"n":4176}},{"type":"Feature","geometry":{"type":"LineString","coordinates":[[-4.2641,55.85694],[-4.26283,55.85686]]},"properties":{"c":4853,"n":9007}},{"type":"Feature","geometry":{"type":"LineString","coordinates":[[-4.26401,55.85776],[-4.2641,55.85694]]},"properties":{"c":897,"n":6599}},{"type":"Feature","geometry":{"type":"LineString","coordinates":[[-4.26262,55.85684],[-4.26213,55.85678]]},"properties":{"c":4233,"n":11648}},{"type":"Feature","geometry":{"type":"LineString","coordinates":[[-4.26391,55.859],[-4.26397,55.85822]]},"properties":{"c":897,"n":6599}},{"type":"Feature","geometry":{"type":"LineString","coordinates":[[-4.26283,55.85686],[-4.26262,55.85684]]},"properties":{"c":4233,"n":8362}},{"type":"Feature","geometry":{"type":"LineString","coordinates":[[-4.26397,55.85822],[-4.26401,55.85776]]},"properties":{"c":897,"n":6599}},{"type":"Feature","geometry":{"type":"LineString","coordinates":[[-4.2641,55.85694],[-4.26411,55.85688]]},"properties":{"c":0,"n":2423}},{"type":"Feature","geometry":{"type":"LineString","coordinates":[[-4.2966,55.83504],[-4.29693,55.83478]]},"properties":{"c":0,"n":293}},{"type":"Feature","geometry":{"type":"LineString","coordinates":[[-4.29405,55.83753],[-4.29474,55.83654]]},"properties":{"c":0,"n":512}},{"type":"Feature","geometry":{"type":"LineString","coordinates":[[-4.29302,55.83848],[-4.29405,55.83753]]},"properties":{"c":0,"n":512}},{"type":"Feature","geometry":{"type":"LineString","coordinates":[[-4.28978,55.84096],[-4.29055,55.84005]]},"properties":{"c":0,"n":512}},{"type":"Feature","geometry":{"type":"LineString","coordinates":[[-4.29166,55.83927],[-4.29302,55.83848]]},"properties":{"c":0,"n":512}},{"type":"Feature","geometry":{"type":"LineString","coordinates":[[-4.29608,55.83542],[-4.2966,55.83504]]},"properties":{"c":0,"n":512}},{"type":"Feature","geometry":{"type":"LineString","coordinates":[[-4.29474,55.83654],[-4.29497,55.83629]]},"properties":{"c":0,"n":512}},{"type":"Feature","geometry":{"type":"LineString","coordinates":[[-4.29693,55.83478],[-4.29706,55.83468]]},"properties":{"c":0,"n":293}},{"type":"Feature","geometry":{"type":"LineString","coordinates":[[-4.29706,55.83468],[-4.29719,55.83458]]},"properties":{"c":0,"n":281}},{"type":"Feature","geometry":{"type":"LineString","coordinates":[[-4.29055,55.84005],[-4.29166,55.83927]]},"properties":{"c":0,"n":512}},{"type":"Feature","geometry":{"type":"LineString","coordinates":[[-4.29497,55.83629],[-4.29608,55.83542]]},"properties":{"c":0,"n":512}},{"type":"Feature","geometry":{"type":"LineString","coordinates":[[-4.2595,55.86725],[-4.25959,55.86741],[-4.2601,55.86773],[-4.25955,55.868]]},"properties":{"c":298,"n":10473}},{"type":"Feature","geometry":{"type":"LineString","coordinates":[[-4.25979,55.86649],[-4.2595,55.86725]]},"properties":{"c":298,"n":9682}},{"type":"Feature","geometry":{"type":"LineString","coordinates":[[-4.26002,55.86577],[-4.25979,55.86649]]},"properties":{"c":298,"n":9682}},{"type":"Feature","geometry":{"type":"LineString","coordinates":[[-4.2544,55.86208],[-4.25434,55.86193],[-4.25423,55.86189]]},"properties":{"c":556,"n":203}},{"type":"Feature","geometry":{"type":"LineString","coordinates":[[-4.22893,55.85884],[-4.229,55.85872]]},"properties":{"c":0,"n":1141}},{"type":"Feature","geometry":{"type":"LineString","coordinates":[[-4.2293,55.85822],[-4.22951,55.85787]]},"properties":{"c":0,"n":1141}},{"type":"Feature","geometry":{"type":"LineString","coordinates":[[-4.229,55.85872],[-4.22909,55.85857]]},"properties":{"c":0,"n":1141}},{"type":"Feature","geometry":{"type":"LineString","coordinates":[[-4.22951,55.85787],[-4.22962,55.85769]]},"properties":{"c":0,"n":1141}},{"type":"Feature","geometry":{"type":"LineString","coordinates":[[-4.22962,55.85769],[-4.22984,55.85673]]},"properties":{"c":0,"n":1141}},{"type":"Feature","geometry":{"type":"LineString","coordinates":[[-4.22984,55.85673],[-4.23002,55.8558]]},"properties":{"c":0,"n":1141}},{"type":"Feature","geometry":{"type":"LineString","coordinates":[[-4.22909,55.85857],[-4.2293,55.85822]]},"properties":{"c":0,"n":1141}},{"type":"Feature","geometry":{"type":"LineString","coordinates":[[-4.25938,55.8706],[-4.25908,55.87068]]},"properties":{"c":0,"n":1702}},{"type":"Feature","geometry":{"type":"LineString","coordinates":[[-4.2573,55.87133],[-4.25689,55.87143]]},"properties":{"c":0,"n":2123}},{"type":"Feature","geometry":{"type":"LineString","coordinates":[[-4.25795,55.8712],[-4.25778,55.87114]]},"properties":{"c":0,"n":2123}},{"type":"Feature","geometry":{"type":"LineString","coordinates":[[-4.25778,55.87114],[-4.25774,55.87107],[-4.25742,55.87114],[-4.2573,55.87133]]},"properties":{"c":0,"n":2123}},{"type":"Feature","geometry":{"type":"LineString","coordinates":[[-4.26014,55.87054],[-4.25938,55.8706]]},"properties":{"c":0,"n":1702}},{"type":"Feature","geometry":{"type":"LineString","coordinates":[[-4.25908,55.87068],[-4.25849,55.87046],[-4.25803,55.87049],[-4.25801,55.87057],[-4.2582,55.87073],[-4.25776,55.87084],[-4.25791,55.8709],[-4.25795,55.8712]]},"properties":{"c":0,"n":2123}},{"type":"Feature","geometry":{"type":"LineString","coordinates":[[-4.26155,55.87433],[-4.26168,55.87446]]},"properties":{"c":0,"n":1556}},{"type":"Feature","geometry":{"type":"LineString","coordinates":[[-4.27041,55.8683],[-4.27051,55.86833]]},"properties":{"c":989,"n":1429}},{"type":"Feature","geometry":{"type":"LineString","coordinates":[[-4.27114,55.86755],[-4.27041,55.8683]]},"properties":{"c":989,"n":1429}},{"type":"Feature","geometry":{"type":"LineString","coordinates":[[-4.25689,55.87143],[-4.25679,55.87147],[-4.25635,55.87123],[-4.25581,55.8711],[-4.25531,55.8711],[-4.25483,55.87127]]},"properties":{"c":0,"n":441}},{"type":"Feature","geometry":{"type":"LineString","coordinates":[[-4.25062,55.87271],[-4.24923,55.87317],[-4.24865,55.87325]]},"properties":{"c":0,"n":441}},{"type":"Feature","geometry":{"type":"LineString","coordinates":[[-4.24578,55.87357],[-4.24502,55.87364],[-4.24466,55.87374]]},"properties":{"c":0,"n":441}},{"type":"Feature","geometry":{"type":"LineString","coordinates":[[-4.24865,55.87325],[-4.24678,55.87348]]},"properties":{"c":0,"n":441}},{"type":"Feature","geometry":{"type":"LineString","coordinates":[[-4.24699,55.87604],[-4.24659,55.87613],[-4.2454,55.87614],[-4.24458,55.87624],[-4.24454,55.87633],[-4.24482,55.87674]]},"properties":{"c":0,"n":441}},{"type":"Feature","geometry":{"type":"LineString","coordinates":[[-4.25322,55.87182],[-4.25141,55.87244]]},"properties":{"c":0,"n":441}},{"type":"Feature","geometry":{"type":"LineString","coordinates":[[-4.25483,55.87127],[-4.25322,55.87182]]},"properties":{"c":0,"n":441}},{"type":"Feature","geometry":{"type":"LineString","coordinates":[[-4.24678,55.87348],[-4.24578,55.87357]]},"properties":{"c":0,"n":441}},{"type":"Feature","geometry":{"type":"LineString","coordinates":[[-4.25141,55.87244],[-4.25062,55.87271]]},"properties":{"c":0,"n":441}},{"type":"Feature","geometry":{"type":"LineString","coordinates":[[-4.25984,55.83802],[-4.2597,55.83836]]},"properties":{"c":1241,"n":370}},{"type":"Feature","geometry":{"type":"LineString","coordinates":[[-4.25852,55.83822],[-4.25826,55.83881]]},"properties":{"c":1241,"n":370}},{"type":"Feature","geometry":{"type":"LineString","coordinates":[[-4.25804,55.83935],[-4.25762,55.84019]]},"properties":{"c":1241,"n":370}},{"type":"Feature","geometry":{"type":"LineString","coordinates":[[-4.2538,55.84835],[-4.25281,55.84948],[-4.25213,55.84981]]},"properties":{"c":3763,"n":14371}},{"type":"Feature","geometry":{"type":"LineString","coordinates":[[-4.24401,55.85638],[-4.24394,55.8565]]},"properties":{"c":2913,"n":6699}},{"type":"Feature","geometry":{"type":"LineString","coordinates":[[-4.2597,55.83836],[-4.25852,55.83822]]},"properties":{"c":1241,"n":409}},{"type":"Feature","geometry":{"type":"LineString","coordinates":[[-4.25213,55.84981],[-4.25166,55.84988],[-4.25039,55.84991],[-4.24988,55.85001],[-4.24946,55.85025],[-4.2491,55.85069]]},"properties":{"c":3763,"n":13889}},{"type":"Feature","geometry":{"type":"LineString","coordinates":[[-4.2491,55.85069],[-4.24844,55.85137]]},"properties":{"c":2556,"n":9685}},{"type":"Feature","geometry":{"type":"LineString","coordinates":[[-4.25826,55.83881],[-4.25804,55.83935]]},"properties":{"c":1241,"n":370}},{"type":"Feature","geometry":{"type":"LineString","coordinates":[[-4.26105,55.83817],[-4.25984,55.83802]]},"properties":{"c":1241,"n":370}},{"type":"Feature","geometry":{"type":"LineString","coordinates":[[-4.24394,55.8565],[-4.2438,55.85674]]},"properties":{"c":4653,"n":6101}},{"type":"Feature","geometry":{"type":"LineString","coordinates":[[-4.21518,55.85415],[-4.21516,55.85422]]},"properties":{"c":0,"n":668}},{"type":"Feature","geometry":{"type":"LineString","coordinates":[[-4.23227,55.83823],[-4.2312,55.83843]]},"properties":{"c":0,"n":878}},{"type":"Feature","geometry":{"type":"LineString","coordinates":[[-4.2312,55.83843],[-4.23041,55.83882]]},"properties":{"c":0,"n":878}},{"type":"Feature","geometry":{"type":"LineString","coordinates":[[-4.22598,55.84247],[-4.22578,55.84256]]},"properties":{"c":0,"n":1406}},{"type":"Feature","geometry":{"type":"LineString","coordinates":[[-4.21511,55.85437],[-4.21473,55.85498]]},"properties":{"c":0,"n":760}},{"type":"Feature","geometry":{"type":"LineString","coordinates":[[-4.24151,55.83723],[-4.24114,55.8376],[-4.23964,55.83869]]},"properties":{"c":253,"n":1618}},{"type":"Feature","geometry":{"type":"LineString","coordinates":[[-4.23466,55.83812],[-4.23309,55.83819]]},"properties":{"c":0,"n":878}},{"type":"Feature","geometry":{"type":"LineString","coordinates":[[-4.23938,55.8387],[-4.23803,55.83819]]},"properties":{"c":0,"n":878}},{"type":"Feature","geometry":{"type":"LineString","coordinates":[[-4.22385,55.84274],[-4.22333,55.84273]]},"properties":{"c":0,"n":1406}},{"type":"Feature","geometry":{"type":"LineString","coordinates":[[-4.21516,55.85422],[-4.21511,55.85437]]},"properties":{"c":0,"n":360}},{"type":"Feature","geometry":{"type":"LineString","coordinates":[[-4.22641,55.8418],[-4.22618,55.8423]]},"properties":{"c":0,"n":878}},{"type":"Feature","geometry":{"type":"LineString","coordinates":[[-4.23552,55.83805],[-4.23466,55.83812]]},"properties":{"c":0,"n":878}},{"type":"Feature","geometry":{"type":"LineString","coordinates":[[-4.22247,55.843],[-4.22215,55.84316]]},"properties":{"c":0,"n":886}},{"type":"Feature","geometry":{"type":"LineString","coordinates":[[-4.22333,55.84273],[-4.22283,55.84283],[-4.22247,55.843]]},"properties":{"c":0,"n":97}},{"type":"Feature","geometry":{"type":"LineString","coordinates":[[-4.21523,55.85392],[-4.21518,55.85415]]},"properties":{"c":0,"n":668}},{"type":"Feature","geometry":{"type":"LineString","coordinates":[[-4.22578,55.84256],[-4.22524,55.84271],[-4.22456,55.84274]]},"properties":{"c":0,"n":1406}},{"type":"Feature","geometry":{"type":"LineString","coordinates":[[-4.23309,55.83819],[-4.23227,55.83823]]},"properties":{"c":0,"n":878}},{"type":"Feature","geometry":{"type":"LineString","coordinates":[[-4.23964,55.83869],[-4.23953,55.83877]]},"properties":{"c":0,"n":878}},{"type":"Feature","geometry":{"type":"LineString","coordinates":[[-4.22456,55.84274],[-4.22385,55.84274]]},"properties":{"c":0,"n":1406}},{"type":"Feature","geometry":{"type":"LineString","coordinates":[[-4.21524,55.85358],[-4.21523,55.85392]]},"properties":{"c":0,"n":694}},{"type":"Feature","geometry":{"type":"LineString","coordinates":[[-4.22618,55.8423],[-4.22606,55.84241]]},"properties":{"c":0,"n":878}},{"type":"Feature","geometry":{"type":"LineString","coordinates":[[-4.22606,55.84241],[-4.22598,55.84247]]},"properties":{"c":0,"n":878}},{"type":"Feature","geometry":{"type":"LineString","coordinates":[[-4.26332,55.84087],[-4.26285,55.84221]]},"properties":{"c":11166,"n":19753}},{"type":"Feature","geometry":{"type":"LineString","coordinates":[[-4.26487,55.83663],[-4.26485,55.83669]]},"properties":{"c":11166,"n":19897}},{"type":"Feature","geometry":{"type":"LineString","coordinates":[[-4.26373,55.83976],[-4.26364,55.84001]]},"properties":{"c":11166,"n":19653}},{"type":"Feature","geometry":{"type":"LineString","coordinates":[[-4.25977,55.85043],[-4.25985,55.85072],[-4.25999,55.85083]]},"properties":{"c":6165,"n":18054}},{"type":"Feature","geometry":{"type":"LineString","coordinates":[[-4.26447,55.83775],[-4.26446,55.83781]]},"properties":{"c":11166,"n":19897}},{"type":"Feature","geometry":{"type":"LineString","coordinates":[[-4.26356,55.83036],[-4.26327,55.83083],[-4.26316,55.83129],[-4.26323,55.83176],[-4.26348,55.83224],[-4.26384,55.83265],[-4.26417,55.83288],[-4.26476,55.83315],[-4.26589,55.83353]]},"properties":{"c":6749,"n":12197}},{"type":"Feature","geometry":{"type":"LineString","coordinates":[[-4.26565,55.83451],[-4.26563,55.83457]]},"properties":{"c":5550,"n":11221}},{"type":"Feature","geometry":{"type":"LineString","coordinates":[[-4.2639,55.83929],[-4.26388,55.83934]]},"properties":{"c":11166,"n":19653}},{"type":"Feature","geometry":{"type":"LineString","coordinates":[[-4.26466,55.83721],[-4.26447,55.83775]]},"properties":{"c":11166,"n":19897}},{"type":"Feature","geometry":{"type":"LineString","coordinates":[[-4.26053,55.85264],[-4.26044,55.85289]]},"properties":{"c":6165,"n":18034}},{"type":"Feature","geometry":{"type":"LineString","coordinates":[[-4.26443,55.83789],[-4.26417,55.83855]]},"properties":{"c":11166,"n":19897}},{"type":"Feature","geometry":{"type":"LineString","coordinates":[[-4.26285,55.84221],[-4.26262,55.8427],[-4.26231,55.84309]]},"properties":{"c":11166,"n":19753}},{"type":"Feature","geometry":{"type":"LineString","coordinates":[[-4.26104,55.85119],[-4.26078,55.85193]]},"properties":{"c":6165,"n":18034}},{"type":"Feature","geometry":{"type":"LineString","coordinates":[[-4.25991,55.85432],[-4.25976,55.85487]]},"properties":{"c":9019,"n":27126}},{"type":"Feature","geometry":{"type":"LineString","coordinates":[[-4.2641,55.83873],[-4.2639,55.83929]]},"properties":{"c":11166,"n":19897}},{"type":"Feature","geometry":{"type":"LineString","coordinates":[[-4.26044,55.85289],[-4.26007,55.85389]]},"properties":{"c":9019,"n":27126}},{"type":"Feature","geometry":{"type":"LineString","coordinates":[[-4.25973,55.85698],[-4.25975,55.85755]]},"properties":{"c":11619,"n":39532}},{"type":"Feature","geometry":{"type":"LineString","coordinates":[[-4.26007,55.85389],[-4.25991,55.85432]]},"properties":{"c":9019,"n":27126}},{"type":"Feature","geometry":{"type":"LineString","coordinates":[[-4.26525,55.83559],[-4.2649,55.83656]]},"properties":{"c":11166,"n":19897}},{"type":"Feature","geometry":{"type":"LineString","coordinates":[[-4.2649,55.83656],[-4.26487,55.83663]]},"properties":{"c":11166,"n":19897}},{"type":"Feature","geometry":{"type":"LineString","coordinates":[[-4.25976,55.85487],[-4.25976,55.85494]]},"properties":{"c":9019,"n":27126}},{"type":"Feature","geometry":{"type":"LineString","coordinates":[[-4.26078,55.85193],[-4.26053,55.85264]]},"properties":{"c":6165,"n":18034}},{"type":"Feature","geometry":{"type":"LineString","coordinates":[[-4.26041,55.85087],[-4.26057,55.85089]]},"properties":{"c":6165,"n":18214}},{"type":"Feature","geometry":{"type":"LineString","coordinates":[[-4.26057,55.85089],[-4.26121,55.85096]]},"properties":{"c":6165,"n":18214}},{"type":"Feature","geometry":{"type":"LineString","coordinates":[[-4.25973,55.85652],[-4.25973,55.85662]]},"properties":{"c":20627,"n":53999}},{"type":"Feature","geometry":{"type":"LineString","coordinates":[[-4.26377,55.82998],[-4.26356,55.83036]]},"properties":{"c":6749,"n":12197}},{"type":"Feature","geometry":{"type":"LineString","coordinates":[[-4.26417,55.83855],[-4.2641,55.83873]]},"properties":{"c":11166,"n":19897}},{"type":"Feature","geometry":{"type":"LineString","coordinates":[[-4.25973,55.85662],[-4.25973,55.8569]]},"properties":{"c":11619,"n":39532}},{"type":"Feature","geometry":{"type":"LineString","coordinates":[[-4.25999,55.85083],[-4.26041,55.85087]]},"properties":{"c":6165,"n":19313}},{"type":"Feature","geometry":{"type":"LineString","coordinates":[[-4.26446,55.83781],[-4.26443,55.83789]]},"properties":{"c":11166,"n":19897}},{"type":"Feature","geometry":{"type":"LineString","coordinates":[[-4.26563,55.83457],[-4.26548,55.8349]]},"properties":{"c":5550,"n":11221}},{"type":"Feature","geometry":{"type":"LineString","coordinates":[[-4.26485,55.83669],[-4.26466,55.83721]]},"properties":{"c":11166,"n":19897}},{"type":"Feature","geometry":{"type":"LineString","coordinates":[[-4.26388,55.83934],[-4.26373,55.83976]]},"properties":{"c":11166,"n":19653}},{"type":"Feature","geometry":{"type":"LineString","coordinates":[[-4.25973,55.8569],[-4.25973,55.85698]]},"properties":{"c":11619,"n":39532}},{"type":"Feature","geometry":{"type":"LineString","coordinates":[[-4.2658,55.83402],[-4.26565,55.83451]]},"properties":{"c":5550,"n":7968}},{"type":"Feature","geometry":{"type":"LineString","coordinates":[[-4.26548,55.8349],[-4.26525,55.83559]]},"properties":{"c":11166,"n":22208}},{"type":"Feature","geometry":{"type":"LineString","coordinates":[[-4.26589,55.83353],[-4.26594,55.83366],[-4.2658,55.83402]]},"properties":{"c":5550,"n":7968}},{"type":"Feature","geometry":{"type":"LineString","coordinates":[[-4.26364,55.84001],[-4.26332,55.84087]]},"properties":{"c":11166,"n":19653}},{"type":"Feature","geometry":{"type":"LineString","coordinates":[[-4.26121,55.85096],[-4.26104,55.85119]]},"properties":{"c":6165,"n":18034}},{"type":"Feature","geometry":{"type":"LineString","coordinates":[[-4.26371,55.8298],[-4.26377,55.82998]]},"properties":{"c":6749,"n":12197}},{"type":"Feature","geometry":{"type":"LineString","coordinates":[[-4.25976,55.85494],[-4.25974,55.85643]]},"properties":{"c":9019,"n":27124}},{"type":"Feature","geometry":{"type":"LineString","coordinates":[[-4.25974,55.85643],[-4.25973,55.85652]]},"properties":{"c":9019,"n":27124}},{"type":"Feature","geometry":{"type":"LineString","coordinates":[[-4.27672,55.85268],[-4.27736,55.85271]]},"properties":{"c":3862,"n":5443}},{"type":"Feature","geometry":{"type":"LineString","coordinates":[[-4.30715,55.86813],[-4.30767,55.86819],[-4.30869,55.86816]]},"properties":{"c":0,"n":1541}},{"type":"Feature","geometry":{"type":"LineString","coordinates":[[-4.31084,55.86795],[-4.31084,55.86848]]},"properties":{"c":0,"n":184}},{"type":"Feature","geometry":{"type":"LineString","coordinates":[[-4.31084,55.86848],[-4.31088,55.86896]]},"properties":{"c":0,"n":184}},{"type":"Feature","geometry":{"type":"LineString","coordinates":[[-4.27612,55.8497],[-4.27616,55.8498]]},"properties":{"c":3862,"n":7333}},{"type":"Feature","geometry":{"type":"LineString","coordinates":[[-4.28312,55.85546],[-4.2833,55.85542]]},"properties":{"c":4352,"n":11436}},{"type":"Feature","geometry":{"type":"LineString","coordinates":[[-4.32623,55.88211],[-4.32603,55.88254]]},"properties":{"c":0,"n":406}},{"type":"Feature","geometry":{"type":"LineString","coordinates":[[-4.32626,55.88197],[-4.32623,55.88211]]},"properties":{"c":0,"n":406}},{"type":"Feature","geometry":{"type":"LineString","coordinates":[[-4.26589,55.83353],[-4.2661,55.83357]]},"properties":{"c":1327,"n":5242}},{"type":"Feature","geometry":{"type":"LineString","coordinates":[[-4.32632,55.88168],[-4.32626,55.88197]]},"properties":{"c":0,"n":406}},{"type":"Feature","geometry":{"type":"LineString","coordinates":[[-4.31174,55.86918],[-4.31213,55.86905]]},"properties":{"c":0,"n":184}},{"type":"Feature","geometry":{"type":"LineString","coordinates":[[-4.27678,55.85215],[-4.27678,55.85222]]},"properties":{"c":3862,"n":7214}},{"type":"Feature","geometry":{"type":"LineString","coordinates":[[-4.27111,55.83543],[-4.27156,55.83569]]},"properties":{"c":5274,"n":13169}},{"type":"Feature","geometry":{"type":"LineString","coordinates":[[-4.31213,55.86905],[-4.31228,55.869]]},"properties":{"c":0,"n":184}},{"type":"Feature","geometry":{"type":"LineString","coordinates":[[-4.27604,55.84967],[-4.27612,55.8497]]},"properties":{"c":3862,"n":7274}},{"type":"Feature","geometry":{"type":"LineString","coordinates":[[-4.30364,55.8662],[-4.30418,55.86662]]},"properties":{"c":0,"n":1541}},{"type":"Feature","geometry":{"type":"LineString","coordinates":[[-4.30869,55.86816],[-4.30914,55.8681]]},"properties":{"c":0,"n":2238}},{"type":"Feature","geometry":{"type":"LineString","coordinates":[[-4.326,55.88963],[-4.32601,55.88974]]},"properties":{"c":0,"n":432}},{"type":"Feature","geometry":{"type":"LineString","coordinates":[[-4.27589,55.84925],[-4.2761,55.84951],[-4.27604,55.84967]]},"properties":{"c":3862,"n":7274}},{"type":"Feature","geometry":{"type":"LineString","coordinates":[[-4.2661,55.83357],[-4.26767,55.83386]]},"properties":{"c":1327,"n":5242}},{"type":"Feature","geometry":{"type":"LineString","coordinates":[[-4.27616,55.8498],[-4.27618,55.84986]]},"properties":{"c":3862,"n":7341}},{"type":"Feature","geometry":{"type":"LineString","coordinates":[[-4.26767,55.83386],[-4.26781,55.83389]]},"properties":{"c":1327,"n":5242}},{"type":"Feature","geometry":{"type":"LineString","coordinates":[[-4.27677,55.85225],[-4.27672,55.85268]]},"properties":{"c":3862,"n":5443}},{"type":"Feature","geometry":{"type":"LineString","coordinates":[[-4.32611,55.89041],[-4.32607,55.89055]]},"properties":{"c":0,"n":432}},{"type":"Feature","geometry":{"type":"LineString","coordinates":[[-4.30914,55.8681],[-4.31081,55.86785]]},"properties":{"c":0,"n":2238}},{"type":"Feature","geometry":{"type":"LineString","coordinates":[[-4.27036,55.83501],[-4.27067,55.83518]]},"properties":{"c":697,"n":1209}},{"type":"Feature","geometry":{"type":"LineString","coordinates":[[-4.3124,55.86903],[-4.31239,55.86918]]},"properties":{"c":0,"n":352}},{"type":"Feature","geometry":{"type":"LineString","coordinates":[[-4.26994,55.83477],[-4.27036,55.83501]]},"properties":{"c":697,"n":1209}},{"type":"Feature","geometry":{"type":"LineString","coordinates":[[-4.31228,55.869],[-4.3124,55.86903]]},"properties":{"c":0,"n":352}},{"type":"Feature","geometry":{"type":"LineString","coordinates":[[-4.27067,55.83518],[-4.27111,55.83543]]},"properties":{"c":697,"n":3791}},{"type":"Feature","geometry":{"type":"LineString","coordinates":[[-4.31081,55.86785],[-4.31084,55.86795]]},"properties":{"c":0,"n":184}},{"type":"Feature","geometry":{"type":"LineString","coordinates":[[-4.32601,55.88974],[-4.3261,55.89032]]},"properties":{"c":0,"n":432}},{"type":"Feature","geometry":{"type":"LineString","coordinates":[[-4.32561,55.88576],[-4.32571,55.88644],[-4.32554,55.88814],[-4.32588,55.8893]]},"properties":{"c":0,"n":463}},{"type":"Feature","geometry":{"type":"LineString","coordinates":[[-4.32588,55.8805],[-4.32605,55.88057]]},"properties":{"c":0,"n":347}},{"type":"Feature","geometry":{"type":"LineString","coordinates":[[-4.32614,55.88073],[-4.32631,55.8812],[-4.32632,55.88168]]},"properties":{"c":0,"n":406}},{"type":"Feature","geometry":{"type":"LineString","coordinates":[[-4.30428,55.86674],[-4.30467,55.86711]]},"properties":{"c":0,"n":1541}},{"type":"Feature","geometry":{"type":"LineString","coordinates":[[-4.27678,55.85222],[-4.27677,55.85225]]},"properties":{"c":3862,"n":5443}},{"type":"Feature","geometry":{"type":"LineString","coordinates":[[-4.31239,55.86918],[-4.31228,55.8692]]},"properties":{"c":0,"n":352}},{"type":"Feature","geometry":{"type":"LineString","coordinates":[[-4.32605,55.88057],[-4.32614,55.88073]]},"properties":{"c":0,"n":406}},{"type":"Feature","geometry":{"type":"LineString","coordinates":[[-4.27618,55.84986],[-4.27619,55.84992],[-4.27669,55.84987],[-4.27679,55.85001],[-4.27675,55.85078],[-4.27664,55.85087],[-4.27676,55.85103],[-4.27661,55.85206],[-4.27678,55.85215]]},"properties":{"c":3862,"n":7214}},{"type":"Feature","geometry":{"type":"LineString","coordinates":[[-4.26945,55.8345],[-4.26994,55.83477]]},"properties":{"c":697,"n":1209}},{"type":"Feature","geometry":{"type":"LineString","coordinates":[[-4.2833,55.85542],[-4.28337,55.85555]]},"properties":{"c":4352,"n":11436}},{"type":"Feature","geometry":{"type":"LineString","coordinates":[[-4.3255,55.88033],[-4.32588,55.8805]]},"properties":{"c":0,"n":347}},{"type":"Feature","geometry":{"type":"LineString","coordinates":[[-4.26781,55.83389],[-4.26874,55.83416],[-4.26945,55.8345]]},"properties":{"c":697,"n":3463}},{"type":"Feature","geometry":{"type":"LineString","coordinates":[[-4.30418,55.86662],[-4.30428,55.86674]]},"properties":{"c":0,"n":1541}},{"type":"Feature","geometry":{"type":"LineString","coordinates":[[-4.31088,55.86896],[-4.31109,55.86912],[-4.31132,55.86919]]},"properties":{"c":0,"n":184}},{"type":"Feature","geometry":{"type":"LineString","coordinates":[[-4.3261,55.89032],[-4.32611,55.89041]]},"properties":{"c":0,"n":432}},{"type":"Feature","geometry":{"type":"LineString","coordinates":[[-4.32588,55.8893],[-4.326,55.88963]]},"properties":{"c":0,"n":463}},{"type":"Feature","geometry":{"type":"LineString","coordinates":[[-4.30632,55.86796],[-4.30715,55.86813]]},"properties":{"c":0,"n":1541}},{"type":"Feature","geometry":{"type":"LineString","coordinates":[[-4.27469,55.84723],[-4.2751,55.84825],[-4.27589,55.84925]]},"properties":{"c":3862,"n":7274}},{"type":"Feature","geometry":{"type":"LineString","coordinates":[[-4.26126,55.84391],[-4.26122,55.84394]]},"properties":{"c":16523,"n":22333}},{"type":"Feature","geometry":{"type":"LineString","coordinates":[[-4.26003,55.84477],[-4.25882,55.84561]]},"properties":{"c":16523,"n":22333}},{"type":"Feature","geometry":{"type":"LineString","coordinates":[[-4.25872,55.84567],[-4.25609,55.84745]]},"properties":{"c":17123,"n":23382}},{"type":"Feature","geometry":{"type":"LineString","coordinates":[[-4.26122,55.84394],[-4.26038,55.84453]]},"properties":{"c":16523,"n":22333}},{"type":"Feature","geometry":{"type":"LineString","coordinates":[[-4.26137,55.84383],[-4.26126,55.84391]]},"properties":{"c":16523,"n":22333}},{"type":"Feature","geometry":{"type":"LineString","coordinates":[[-4.26231,55.84309],[-4.26137,55.84383]]},"properties":{"c":16523,"n":22333}},{"type":"Feature","geometry":{"type":"LineString","coordinates":[[-4.26038,55.84453],[-4.26003,55.84477]]},"properties":{"c":16523,"n":22333}},{"type":"Feature","geometry":{"type":"LineString","coordinates":[[-4.25042,55.85462],[-4.25025,55.85493]]},"properties":{"c":13744,"n":7216}},{"type":"Feature","geometry":{"type":"LineString","coordinates":[[-4.25609,55.84745],[-4.25538,55.84793]]},"properties":{"c":17123,"n":23382}},{"type":"Feature","geometry":{"type":"LineString","coordinates":[[-4.25882,55.84561],[-4.25872,55.84567]]},"properties":{"c":16523,"n":22333}},{"type":"Feature","geometry":{"type":"LineString","coordinates":[[-4.25857,55.86098],[-4.25852,55.86112]]},"properties":{"c":1658,"n":12917}},{"type":"Feature","geometry":{"type":"LineString","coordinates":[[-4.25848,55.86125],[-4.25845,55.86133]]},"properties":{"c":1658,"n":12917}},{"type":"Feature","geometry":{"type":"LineString","coordinates":[[-4.2595,55.8586],[-4.25921,55.859]]},"properties":{"c":6703,"n":20043}},{"type":"Feature","geometry":{"type":"LineString","coordinates":[[-4.25887,55.86023],[-4.25886,55.86024]]},"properties":{"c":6703,"n":20043}},{"type":"Feature","geometry":{"type":"LineString","coordinates":[[-4.25845,55.86133],[-4.25833,55.86168]]},"properties":{"c":1658,"n":12917}},{"type":"Feature","geometry":{"type":"LineString","coordinates":[[-4.25801,55.86251],[-4.25788,55.86288]]},"properties":{"c":473,"n":7441}},{"type":"Feature","geometry":{"type":"LineString","coordinates":[[-4.25852,55.86112],[-4.25848,55.86125]]},"properties":{"c":1658,"n":12917}},{"type":"Feature","geometry":{"type":"LineString","coordinates":[[-4.25921,55.859],[-4.25916,55.85932]]},"properties":{"c":6703,"n":20043}},{"type":"Feature","geometry":{"type":"LineString","coordinates":[[-4.2587,55.86065],[-4.25857,55.86098]]},"properties":{"c":1658,"n":12917}},{"type":"Feature","geometry":{"type":"LineString","coordinates":[[-4.25916,55.85932],[-4.25887,55.86023]]},"properties":{"c":6703,"n":20043}},{"type":"Feature","geometry":{"type":"LineString","coordinates":[[-4.25833,55.86168],[-4.25817,55.8621]]},"properties":{"c":473,"n":7450}},{"type":"Feature","geometry":{"type":"LineString","coordinates":[[-4.27378,55.82885],[-4.27417,55.82905]]},"properties":{"c":0,"n":4023}},{"type":"Feature","geometry":{"type":"LineString","coordinates":[[-4.27417,55.82905],[-4.27711,55.83053]]},"properties":{"c":0,"n":4023}},{"type":"Feature","geometry":{"type":"LineString","coordinates":[[-4.27081,55.8277],[-4.2711,55.82778]]},"properties":{"c":0,"n":1959}},{"type":"Feature","geometry":{"type":"LineString","coordinates":[[-4.298,55.83485],[-4.29953,55.83528],[-4.30089,55.83593]]},"properties":{"c":353,"n":2960}},{"type":"Feature","geometry":{"type":"LineString","coordinates":[[-4.28019,55.8323],[-4.28099,55.83275]]},"properties":{"c":107,"n":2553}},{"type":"Feature","geometry":{"type":"LineString","coordinates":[[-4.26581,55.82765],[-4.26683,55.82707]]},"properties":{"c":0,"n":2060}},{"type":"Feature","geometry":{"type":"LineString","coordinates":[[-4.26839,55.82733],[-4.2693,55.82745]]},"properties":{"c":0,"n":4164}},{"type":"Feature","geometry":{"type":"LineString","coordinates":[[-4.27711,55.83053],[-4.27766,55.83084]]},"properties":{"c":0,"n":4023}},{"type":"Feature","geometry":{"type":"LineString","coordinates":[[-4.30784,55.83853],[-4.30807,55.83863]]},"properties":{"c":302,"n":2033}},{"type":"Feature","geometry":{"type":"LineString","coordinates":[[-4.27886,55.83156],[-4.27963,55.83199]]},"properties":{"c":107,"n":2553}},{"type":"Feature","geometry":{"type":"LineString","coordinates":[[-4.28319,55.83401],[-4.28368,55.83438]]},"properties":{"c":107,"n":2990}},{"type":"Feature","geometry":{"type":"LineString","coordinates":[[-4.27265,55.82816],[-4.27336,55.82863]]},"properties":{"c":0,"n":4023}},{"type":"Feature","geometry":{"type":"LineString","coordinates":[[-4.27032,55.82761],[-4.27034,55.8276]]},"properties":{"c":0,"n":1959}},{"type":"Feature","geometry":{"type":"LineString","coordinates":[[-4.27081,55.82769],[-4.27081,55.8277]]},"properties":{"c":0,"n":1959}},{"type":"Feature","geometry":{"type":"LineString","coordinates":[[-4.28239,55.83353],[-4.28319,55.83401]]},"properties":{"c":107,"n":2553}},{"type":"Feature","geometry":{"type":"LineString","coordinates":[[-4.28099,55.83275],[-4.28164,55.83311]]},"properties":{"c":107,"n":2553}},{"type":"Feature","geometry":{"type":"LineString","coordinates":[[-4.26683,55.82707],[-4.26839,55.82733]]},"properties":{"c":0,"n":4164}},{"type":"Feature","geometry":{"type":"LineString","coordinates":[[-4.28191,55.83326],[-4.28239,55.83353]]},"properties":{"c":107,"n":2553}},{"type":"Feature","geometry":{"type":"LineString","coordinates":[[-4.2693,55.82745],[-4.26988,55.82754]]},"properties":{"c":0,"n":4164}},{"type":"Feature","geometry":{"type":"LineString","coordinates":[[-4.30914,55.84158],[-4.30906,55.84211]]},"properties":{"c":302,"n":2174}},{"type":"Feature","geometry":{"type":"LineString","coordinates":[[-4.2711,55.82778],[-4.2713,55.82786]]},"properties":{"c":0,"n":1959}},{"type":"Feature","geometry":{"type":"LineString","coordinates":[[-4.30904,55.84137],[-4.30907,55.84144]]},"properties":{"c":302,"n":2174}},{"type":"Feature","geometry":{"type":"LineString","coordinates":[[-4.30809,55.83865],[-4.30874,55.8391]]},"properties":{"c":302,"n":2348}},{"type":"Feature","geometry":{"type":"LineString","coordinates":[[-4.30807,55.83863],[-4.30809,55.83865]]},"properties":{"c":302,"n":2348}},{"type":"Feature","geometry":{"type":"LineString","coordinates":[[-4.30882,55.84059],[-4.30883,55.84099],[-4.30897,55.84122]]},"properties":{"c":302,"n":2348}},{"type":"Feature","geometry":{"type":"LineString","coordinates":[[-4.29743,55.83465],[-4.298,55.83485]]},"properties":{"c":302,"n":2033}},{"type":"Feature","geometry":{"type":"LineString","coordinates":[[-4.27797,55.83101],[-4.27831,55.83121]]},"properties":{"c":0,"n":4023}},{"type":"Feature","geometry":{"type":"LineString","coordinates":[[-4.27068,55.8276],[-4.27081,55.82769]]},"properties":{"c":0,"n":1959}},{"type":"Feature","geometry":{"type":"LineString","coordinates":[[-4.27209,55.82795],[-4.27265,55.82816]]},"properties":{"c":0,"n":4023}},{"type":"Feature","geometry":{"type":"LineString","coordinates":[[-4.30907,55.84144],[-4.30914,55.84158]]},"properties":{"c":302,"n":2174}},{"type":"Feature","geometry":{"type":"LineString","coordinates":[[-4.27336,55.82863],[-4.27378,55.82885]]},"properties":{"c":0,"n":4023}},{"type":"Feature","geometry":{"type":"LineString","coordinates":[[-4.2713,55.82786],[-4.27209,55.82795]]},"properties":{"c":0,"n":4023}},{"type":"Feature","geometry":{"type":"LineString","coordinates":[[-4.28164,55.83311],[-4.28191,55.83326]]},"properties":{"c":107,"n":2553}},{"type":"Feature","geometry":{"type":"LineString","coordinates":[[-4.30874,55.8391],[-4.30901,55.83967],[-4.30882,55.84059]]},"properties":{"c":302,"n":2348}},{"type":"Feature","geometry":{"type":"LineString","coordinates":[[-4.29719,55.83458],[-4.29743,55.83465]]},"properties":{"c":302,"n":2033}},{"type":"Feature","geometry":{"type":"LineString","coordinates":[[-4.30685,55.83829],[-4.30784,55.83853]]},"properties":{"c":302,"n":2033}},{"type":"Feature","geometry":{"type":"LineString","coordinates":[[-4.26988,55.82754],[-4.27032,55.82761]]},"properties":{"c":0,"n":1959}},{"type":"Feature","geometry":{"type":"LineString","coordinates":[[-4.27831,55.83121],[-4.27886,55.83156]]},"properties":{"c":0,"n":4023}},{"type":"Feature","geometry":{"type":"LineString","coordinates":[[-4.30897,55.84122],[-4.30904,55.84137]]},"properties":{"c":302,"n":2174}},{"type":"Feature","geometry":{"type":"LineString","coordinates":[[-4.27963,55.83199],[-4.28019,55.8323]]},"properties":{"c":107,"n":2553}},{"type":"Feature","geometry":{"type":"LineString","coordinates":[[-4.27766,55.83084],[-4.27797,55.83101]]},"properties":{"c":0,"n":4023}},{"type":"Feature","geometry":{"type":"LineString","coordinates":[[-4.27034,55.8276],[-4.27068,55.8276]]},"properties":{"c":0,"n":1959}},{"type":"Feature","geometry":{"type":"LineString","coordinates":[[-4.23964,55.83869],[-4.23984,55.83877]]},"properties":{"c":253,"n":740}},{"type":"Feature","geometry":{"type":"LineString","coordinates":[[-4.23984,55.83877],[-4.23963,55.83881]]},"properties":{"c":253,"n":740}},{"type":"Feature","geometry":{"type":"LineString","coordinates":[[-4.23193,55.84731],[-4.2297,55.84789]]},"properties":{"c":4171,"n":7316}},{"type":"Feature","geometry":{"type":"LineString","coordinates":[[-4.23191,55.84727],[-4.23193,55.84731]]},"properties":{"c":1054,"n":5112}},{"type":"Feature","geometry":{"type":"LineString","coordinates":[[-4.23415,55.84668],[-4.23191,55.84727]]},"properties":{"c":1054,"n":3901}},{"type":"Feature","geometry":{"type":"LineString","coordinates":[[-4.23549,55.84636],[-4.23415,55.84668]]},"properties":{"c":1054,"n":4939}},{"type":"Feature","geometry":{"type":"LineString","coordinates":[[-4.22888,55.84811],[-4.22701,55.84865],[-4.22649,55.8487]]},"properties":{"c":4171,"n":7316}},{"type":"Feature","geometry":{"type":"LineString","coordinates":[[-4.2297,55.84789],[-4.22888,55.84811]]},"properties":{"c":4171,"n":7316}},{"type":"Feature","geometry":{"type":"LineString","coordinates":[[-4.31643,55.86891],[-4.31891,55.86941]]},"properties":{"c":0,"n":2517}},{"type":"Feature","geometry":{"type":"LineString","coordinates":[[-4.31212,55.868],[-4.31231,55.86804]]},"properties":{"c":0,"n":2517}},{"type":"Feature","geometry":{"type":"LineString","coordinates":[[-4.31282,55.86817],[-4.31484,55.86858]]},"properties":{"c":0,"n":2517}},{"type":"Feature","geometry":{"type":"LineString","coordinates":[[-4.32198,55.86997],[-4.32251,55.87005]]},"properties":{"c":0,"n":2517}},{"type":"Feature","geometry":{"type":"LineString","coordinates":[[-4.32247,55.87034],[-4.3226,55.8705]]},"properties":{"c":0,"n":2054}},{"type":"Feature","geometry":{"type":"LineString","coordinates":[[-4.31484,55.86858],[-4.31643,55.86891]]},"properties":{"c":0,"n":2517}},{"type":"Feature","geometry":{"type":"LineString","coordinates":[[-4.31231,55.86804],[-4.31282,55.86817]]},"properties":{"c":0,"n":2517}},{"type":"Feature","geometry":{"type":"LineString","coordinates":[[-4.32251,55.87005],[-4.32249,55.87024]]},"properties":{"c":0,"n":2054}},{"type":"Feature","geometry":{"type":"LineString","coordinates":[[-4.31891,55.86941],[-4.32128,55.86985]]},"properties":{"c":0,"n":2517}},{"type":"Feature","geometry":{"type":"LineString","coordinates":[[-4.32249,55.87024],[-4.32247,55.87034]]},"properties":{"c":0,"n":2054}},{"type":"Feature","geometry":{"type":"LineString","coordinates":[[-4.32128,55.86985],[-4.32198,55.86997]]},"properties":{"c":0,"n":2517}},{"type":"Feature","geometry":{"type":"LineString","coordinates":[[-4.31081,55.86785],[-4.31133,55.86785],[-4.31212,55.868]]},"properties":{"c":0,"n":2054}},{"type":"Feature","geometry":{"type":"LineString","coordinates":[[-4.26435,55.85435],[-4.26429,55.85451]]},"properties":{"c":6832,"n":3333}},{"type":"Feature","geometry":{"type":"LineString","coordinates":[[-4.26484,55.8531],[-4.26476,55.8533]]},"properties":{"c":6832,"n":3333}},{"type":"Feature","geometry":{"type":"LineString","coordinates":[[-4.26526,55.85196],[-4.26516,55.85227]]},"properties":{"c":6832,"n":3765}},{"type":"Feature","geometry":{"type":"LineString","coordinates":[[-4.2645,55.85396],[-4.2645,55.85397]]},"properties":{"c":6832,"n":3333}},{"type":"Feature","geometry":{"type":"LineString","coordinates":[[-4.26429,55.85451],[-4.26417,55.85483]]},"properties":{"c":6832,"n":3333}},{"type":"Feature","geometry":{"type":"LineString","coordinates":[[-4.26516,55.85227],[-4.26507,55.85251]]},"properties":{"c":6832,"n":3333}},{"type":"Feature","geometry":{"type":"LineString","coordinates":[[-4.26496,55.85279],[-4.26484,55.8531]]},"properties":{"c":6832,"n":3333}},{"type":"Feature","geometry":{"type":"LineString","coordinates":[[-4.26468,55.85351],[-4.26461,55.85368]]},"properties":{"c":6832,"n":3333}},{"type":"Feature","geometry":{"type":"LineString","coordinates":[[-4.26457,55.85379],[-4.2645,55.85396]]},"properties":{"c":6832,"n":3333}},{"type":"Feature","geometry":{"type":"LineString","coordinates":[[-4.2645,55.85397],[-4.26439,55.85425]]},"properties":{"c":6832,"n":3333}},{"type":"Feature","geometry":{"type":"LineString","coordinates":[[-4.26439,55.85425],[-4.26435,55.85435]]},"properties":{"c":6832,"n":3333}},{"type":"Feature","geometry":{"type":"LineString","coordinates":[[-4.26617,55.84947],[-4.26614,55.84959]]},"properties":{"c":6832,"n":3626}},{"type":"Feature","geometry":{"type":"LineString","coordinates":[[-4.26472,55.8534],[-4.26468,55.85351]]},"properties":{"c":6832,"n":3333}},{"type":"Feature","geometry":{"type":"LineString","coordinates":[[-4.26507,55.85251],[-4.26496,55.85279]]},"properties":{"c":6832,"n":3333}},{"type":"Feature","geometry":{"type":"LineString","coordinates":[[-4.26416,55.85487],[-4.26415,55.85489]]},"properties":{"c":6832,"n":3333}},{"type":"Feature","geometry":{"type":"LineString","coordinates":[[-4.26415,55.85489],[-4.26414,55.85499]]},"properties":{"c":6832,"n":3333}},{"type":"Feature","geometry":{"type":"LineString","coordinates":[[-4.26461,55.85368],[-4.26457,55.85379]]},"properties":{"c":6832,"n":3333}},{"type":"Feature","geometry":{"type":"LineString","coordinates":[[-4.26417,55.85483],[-4.26416,55.85487]]},"properties":{"c":6832,"n":3333}},{"type":"Feature","geometry":{"type":"LineString","coordinates":[[-4.26476,55.8533],[-4.26472,55.8534]]},"properties":{"c":6832,"n":3333}},{"type":"Feature","geometry":{"type":"LineString","coordinates":[[-4.26546,55.85145],[-4.26526,55.85196]]},"properties":{"c":6832,"n":3661}},{"type":"Feature","geometry":{"type":"LineString","coordinates":[[-4.26614,55.84959],[-4.26614,55.84969]]},"properties":{"c":6832,"n":3618}},{"type":"Feature","geometry":{"type":"LineString","coordinates":[[-4.27575,55.84885],[-4.27625,55.84937]]},"properties":{"c":722,"n":5601}},{"type":"Feature","geometry":{"type":"LineString","coordinates":[[-4.27625,55.84937],[-4.27679,55.84976]]},"properties":{"c":722,"n":5601}},{"type":"Feature","geometry":{"type":"LineString","coordinates":[[-4.27679,55.84976],[-4.27765,55.84977]]},"properties":{"c":722,"n":5665}},{"type":"Feature","geometry":{"type":"LineString","coordinates":[[-4.28029,55.85183],[-4.28073,55.85184]]},"properties":{"c":338,"n":10024}},{"type":"Feature","geometry":{"type":"LineString","coordinates":[[-4.27779,55.84975],[-4.27794,55.84977],[-4.27806,55.84989],[-4.27805,55.85024],[-4.27792,55.85043]]},"properties":{"c":722,"n":5665}},{"type":"Feature","geometry":{"type":"LineString","coordinates":[[-4.27891,55.85179],[-4.28029,55.85183]]},"properties":{"c":338,"n":10024}},{"type":"Feature","geometry":{"type":"LineString","coordinates":[[-4.28157,55.85187],[-4.28286,55.85191]]},"properties":{"c":338,"n":10024}},{"type":"Feature","geometry":{"type":"LineString","coordinates":[[-4.27792,55.85043],[-4.27754,55.85091]]},"properties":{"c":722,"n":5665}},{"type":"Feature","geometry":{"type":"LineString","coordinates":[[-4.28073,55.85184],[-4.28095,55.85185]]},"properties":{"c":338,"n":10024}},{"type":"Feature","geometry":{"type":"LineString","coordinates":[[-4.27765,55.84977],[-4.27779,55.84975]]},"properties":{"c":722,"n":5665}},{"type":"Feature","geometry":{"type":"LineString","coordinates":[[-4.28419,55.85199],[-4.28407,55.85209],[-4.28402,55.85257],[-4.28418,55.85289]]},"properties":{"c":338,"n":10024}},{"type":"Feature","geometry":{"type":"LineString","coordinates":[[-4.28286,55.85191],[-4.28416,55.85192]]},"properties":{"c":338,"n":10024}},{"type":"Feature","geometry":{"type":"LineString","coordinates":[[-4.28416,55.85192],[-4.28419,55.85199]]},"properties":{"c":338,"n":10024}},{"type":"Feature","geometry":{"type":"LineString","coordinates":[[-4.28095,55.85185],[-4.28157,55.85187]]},"properties":{"c":338,"n":10024}},{"type":"Feature","geometry":{"type":"LineString","coordinates":[[-4.31206,55.84102],[-4.3128,55.84096]]},"properties":{"c":0,"n":376}},{"type":"Feature","geometry":{"type":"LineString","coordinates":[[-4.33214,55.83877],[-4.33291,55.83903],[-4.33294,55.83911]]},"properties":{"c":0,"n":180}},{"type":"Feature","geometry":{"type":"LineString","coordinates":[[-4.33096,55.83829],[-4.33214,55.83877]]},"properties":{"c":0,"n":180}},{"type":"Feature","geometry":{"type":"LineString","coordinates":[[-4.3093,55.84132],[-4.31054,55.84115]]},"properties":{"c":0,"n":217}},{"type":"Feature","geometry":{"type":"LineString","coordinates":[[-4.33456,55.83952],[-4.33458,55.83935],[-4.33479,55.8392]]},"properties":{"c":0,"n":279}},{"type":"Feature","geometry":{"type":"LineString","coordinates":[[-4.32647,55.83721],[-4.32752,55.83724]]},"properties":{"c":0,"n":180}},{"type":"Feature","geometry":{"type":"LineString","coordinates":[[-4.32752,55.83724],[-4.32814,55.83732],[-4.32891,55.83752]]},"properties":{"c":0,"n":180}},{"type":"Feature","geometry":{"type":"LineString","coordinates":[[-4.313,55.84072],[-4.3141,55.84036],[-4.31678,55.83993]]},"properties":{"c":0,"n":180}},{"type":"Feature","geometry":{"type":"LineString","coordinates":[[-4.3232,55.83781],[-4.32481,55.83744],[-4.32575,55.83727],[-4.32647,55.83721]]},"properties":{"c":0,"n":180}},{"type":"Feature","geometry":{"type":"LineString","coordinates":[[-4.31878,55.83937],[-4.31983,55.83896]]},"properties":{"c":0,"n":180}},{"type":"Feature","geometry":{"type":"LineString","coordinates":[[-4.30897,55.84122],[-4.3093,55.84132]]},"properties":{"c":0,"n":174}},{"type":"Feature","geometry":{"type":"LineString","coordinates":[[-4.31778,55.83968],[-4.31878,55.83937]]},"properties":{"c":0,"n":180}},{"type":"Feature","geometry":{"type":"LineString","coordinates":[[-4.31983,55.83896],[-4.32029,55.83878]]},"properties":{"c":0,"n":180}},{"type":"Feature","geometry":{"type":"LineString","coordinates":[[-4.33482,55.83909],[-4.33493,55.83909]]},"properties":{"c":0,"n":279}},{"type":"Feature","geometry":{"type":"LineString","coordinates":[[-4.32029,55.83878],[-4.32164,55.83828],[-4.3232,55.83781]]},"properties":{"c":0,"n":180}},{"type":"Feature","geometry":{"type":"LineString","coordinates":[[-4.33294,55.83911],[-4.33438,55.8394],[-4.33456,55.83952]]},"properties":{"c":0,"n":279}},{"type":"Feature","geometry":{"type":"LineString","coordinates":[[-4.3128,55.84096],[-4.313,55.84072]]},"properties":{"c":0,"n":180}},{"type":"Feature","geometry":{"type":"LineString","coordinates":[[-4.32891,55.83752],[-4.32983,55.83782],[-4.33096,55.83829]]},"properties":{"c":0,"n":180}},{"type":"Feature","geometry":{"type":"LineString","coordinates":[[-4.31678,55.83993],[-4.31778,55.83968]]},"properties":{"c":0,"n":180}},{"type":"Feature","geometry":{"type":"LineString","coordinates":[[-4.31054,55.84115],[-4.31206,55.84102]]},"properties":{"c":0,"n":376}},{"type":"Feature","geometry":{"type":"LineString","coordinates":[[-4.33479,55.8392],[-4.33482,55.83909]]},"properties":{"c":0,"n":279}},{"type":"Feature","geometry":{"type":"LineString","coordinates":[[-4.2215,55.84271],[-4.21947,55.84256],[-4.218,55.84273]]},"properties":{"c":420,"n":1630}},{"type":"Feature","geometry":{"type":"LineString","coordinates":[[-4.218,55.84273],[-4.2176,55.84281]]},"properties":{"c":420,"n":1630}},{"type":"Feature","geometry":{"type":"LineString","coordinates":[[-4.22333,55.84273],[-4.22258,55.84273]]},"properties":{"c":0,"n":1309}},{"type":"Feature","geometry":{"type":"LineString","coordinates":[[-4.22258,55.84273],[-4.22194,55.84272]]},"properties":{"c":0,"n":1309}},{"type":"Feature","geometry":{"type":"LineString","coordinates":[[-4.22194,55.84272],[-4.2215,55.84271]]},"properties":{"c":0,"n":1309}},{"type":"Feature","geometry":{"type":"LineString","coordinates":[[-4.21715,55.84295],[-4.21615,55.84342],[-4.21142,55.84608]]},"properties":{"c":420,"n":729}},{"type":"Feature","geometry":{"type":"LineString","coordinates":[[-4.2176,55.84281],[-4.21715,55.84295]]},"properties":{"c":420,"n":729}},{"type":"Feature","geometry":{"type":"LineString","coordinates":[[-4.21073,55.84664],[-4.21055,55.84659]]},"properties":{"c":760,"n":4106}},{"type":"Feature","geometry":{"type":"LineString","coordinates":[[-4.21142,55.84608],[-4.21121,55.84623]]},"properties":{"c":420,"n":729}},{"type":"Feature","geometry":{"type":"LineString","coordinates":[[-4.21121,55.84623],[-4.21073,55.84664]]},"properties":{"c":420,"n":729}},{"type":"Feature","geometry":{"type":"LineString","coordinates":[[-4.25649,55.86676],[-4.25647,55.86683]]},"properties":{"c":111,"n":2279}},{"type":"Feature","geometry":{"type":"LineString","coordinates":[[-4.25709,55.86505],[-4.25695,55.86542]]},"properties":{"c":111,"n":3836}},{"type":"Feature","geometry":{"type":"LineString","coordinates":[[-4.25735,55.86432],[-4.25722,55.86469]]},"properties":{"c":111,"n":3836}},{"type":"Feature","geometry":{"type":"LineString","coordinates":[[-4.25749,55.86396],[-4.25735,55.86432]]},"properties":{"c":111,"n":3836}},{"type":"Feature","geometry":{"type":"LineString","coordinates":[[-4.25722,55.86469],[-4.25709,55.86505]]},"properties":{"c":111,"n":3836}},{"type":"Feature","geometry":{"type":"LineString","coordinates":[[-4.23704,55.82912],[-4.23639,55.82914]]},"properties":{"c":0,"n":20}},{"type":"Feature","geometry":{"type":"LineString","coordinates":[[-4.20822,55.82843],[-4.20714,55.82841]]},"properties":{"c":0,"n":20}},{"type":"Feature","geometry":{"type":"LineString","coordinates":[[-4.24426,55.82871],[-4.24313,55.82876]]},"properties":{"c":0,"n":20}},{"type":"Feature","geometry":{"type":"LineString","coordinates":[[-4.24608,55.82859],[-4.24426,55.82871]]},"properties":{"c":0,"n":20}},{"type":"Feature","geometry":{"type":"LineString","coordinates":[[-4.21911,55.82828],[-4.21892,55.8283]]},"properties":{"c":0,"n":20}},{"type":"Feature","geometry":{"type":"LineString","coordinates":[[-4.20161,55.82794],[-4.20032,55.82771]]},"properties":{"c":0,"n":20}},{"type":"Feature","geometry":{"type":"LineString","coordinates":[[-4.20032,55.82771],[-4.19853,55.82738]]},"properties":{"c":0,"n":20}},{"type":"Feature","geometry":{"type":"LineString","coordinates":[[-4.23639,55.82914],[-4.23547,55.82905]]},"properties":{"c":0,"n":20}},{"type":"Feature","geometry":{"type":"LineString","coordinates":[[-4.25934,55.82808],[-4.25722,55.82811],[-4.2568,55.82814],[-4.25637,55.82824]]},"properties":{"c":0,"n":181}},{"type":"Feature","geometry":{"type":"LineString","coordinates":[[-4.20469,55.82828],[-4.2031,55.82813]]},"properties":{"c":0,"n":20}},{"type":"Feature","geometry":{"type":"LineString","coordinates":[[-4.21756,55.82836],[-4.21611,55.82832]]},"properties":{"c":0,"n":20}},{"type":"Feature","geometry":{"type":"LineString","coordinates":[[-4.24196,55.82881],[-4.24084,55.82888]]},"properties":{"c":0,"n":20}},{"type":"Feature","geometry":{"type":"LineString","coordinates":[[-4.24313,55.82876],[-4.24196,55.82881]]},"properties":{"c":0,"n":20}},{"type":"Feature","geometry":{"type":"LineString","coordinates":[[-4.23449,55.82894],[-4.23027,55.82845]]},"properties":{"c":0,"n":20}},{"type":"Feature","geometry":{"type":"LineString","coordinates":[[-4.17079,55.83688],[-4.17081,55.83703]]},"properties":{"c":0,"n":495}},{"type":"Feature","geometry":{"type":"LineString","coordinates":[[-4.19853,55.82738],[-4.19598,55.82691]]},"properties":{"c":0,"n":20}},{"type":"Feature","geometry":{"type":"LineString","coordinates":[[-4.22063,55.82811],[-4.21911,55.82828]]},"properties":{"c":0,"n":20}},{"type":"Feature","geometry":{"type":"LineString","coordinates":[[-4.24763,55.82844],[-4.24736,55.82847]]},"properties":{"c":0,"n":480}},{"type":"Feature","geometry":{"type":"LineString","coordinates":[[-4.20714,55.82841],[-4.20687,55.8284]]},"properties":{"c":0,"n":20}},{"type":"Feature","geometry":{"type":"LineString","coordinates":[[-4.21611,55.82832],[-4.21363,55.82835]]},"properties":{"c":0,"n":20}},{"type":"Feature","geometry":{"type":"LineString","coordinates":[[-4.24702,55.8285],[-4.24608,55.82859]]},"properties":{"c":0,"n":17}},{"type":"Feature","geometry":{"type":"LineString","coordinates":[[-4.23547,55.82905],[-4.23449,55.82894]]},"properties":{"c":0,"n":20}},{"type":"Feature","geometry":{"type":"LineString","coordinates":[[-4.22791,55.82814],[-4.2261,55.82747],[-4.2258,55.82745]]},"properties":{"c":0,"n":20}},{"type":"Feature","geometry":{"type":"LineString","coordinates":[[-4.23027,55.82845],[-4.23008,55.82843]]},"properties":{"c":0,"n":20}},{"type":"Feature","geometry":{"type":"LineString","coordinates":[[-4.2403,55.82892],[-4.23704,55.82912]]},"properties":{"c":0,"n":20}},{"type":"Feature","geometry":{"type":"LineString","coordinates":[[-4.18346,55.82903],[-4.18248,55.82969],[-4.18191,55.82996],[-4.18125,55.83017],[-4.18061,55.8303],[-4.17753,55.83055],[-4.17613,55.83039]]},"properties":{"c":0,"n":22}},{"type":"Feature","geometry":{"type":"LineString","coordinates":[[-4.21892,55.8283],[-4.21756,55.82836]]},"properties":{"c":0,"n":20}},{"type":"Feature","geometry":{"type":"LineString","coordinates":[[-4.20687,55.8284],[-4.20607,55.82837]]},"properties":{"c":0,"n":20}},{"type":"Feature","geometry":{"type":"LineString","coordinates":[[-4.25637,55.82824],[-4.25535,55.82861],[-4.25464,55.82877],[-4.25375,55.82881],[-4.25307,55.82876]]},"properties":{"c":0,"n":181}},{"type":"Feature","geometry":{"type":"LineString","coordinates":[[-4.20607,55.82837],[-4.20469,55.82828]]},"properties":{"c":0,"n":20}},{"type":"Feature","geometry":{"type":"LineString","coordinates":[[-4.22168,55.82804],[-4.22063,55.82811]]},"properties":{"c":0,"n":20}},{"type":"Feature","geometry":{"type":"LineString","coordinates":[[-4.24084,55.82888],[-4.2403,55.82892]]},"properties":{"c":0,"n":20}},{"type":"Feature","geometry":{"type":"LineString","coordinates":[[-4.23008,55.82843],[-4.22912,55.82832]]},"properties":{"c":0,"n":20}},{"type":"Feature","geometry":{"type":"LineString","coordinates":[[-4.19598,55.82691],[-4.19581,55.82689]]},"properties":{"c":0,"n":20}},{"type":"Feature","geometry":{"type":"LineString","coordinates":[[-4.25307,55.82876],[-4.25229,55.82865]]},"properties":{"c":0,"n":347}},{"type":"Feature","geometry":{"type":"LineString","coordinates":[[-4.19511,55.82682],[-4.19482,55.82677]]},"properties":{"c":0,"n":20}},{"type":"Feature","geometry":{"type":"LineString","coordinates":[[-4.22803,55.82818],[-4.22791,55.82814]]},"properties":{"c":0,"n":20}},{"type":"Feature","geometry":{"type":"LineString","coordinates":[[-4.24736,55.82847],[-4.24702,55.8285]]},"properties":{"c":0,"n":17}},{"type":"Feature","geometry":{"type":"LineString","coordinates":[[-4.2258,55.82745],[-4.22394,55.82786]]},"properties":{"c":0,"n":20}},{"type":"Feature","geometry":{"type":"LineString","coordinates":[[-4.2031,55.82813],[-4.20161,55.82794]]},"properties":{"c":0,"n":20}},{"type":"Feature","geometry":{"type":"LineString","coordinates":[[-4.22329,55.82801],[-4.22211,55.82805]]},"properties":{"c":0,"n":20}},{"type":"Feature","geometry":{"type":"LineString","coordinates":[[-4.17081,55.83703],[-4.17039,55.83709]]},"properties":{"c":0,"n":72}},{"type":"Feature","geometry":{"type":"LineString","coordinates":[[-4.22394,55.82786],[-4.22329,55.82801]]},"properties":{"c":0,"n":20}},{"type":"Feature","geometry":{"type":"LineString","coordinates":[[-4.22211,55.82805],[-4.22168,55.82804]]},"properties":{"c":0,"n":20}},{"type":"Feature","geometry":{"type":"LineString","coordinates":[[-4.19581,55.82689],[-4.1954,55.82684]]},"properties":{"c":0,"n":20}},{"type":"Feature","geometry":{"type":"LineString","coordinates":[[-4.20939,55.82842],[-4.20822,55.82843]]},"properties":{"c":0,"n":20}},{"type":"Feature","geometry":{"type":"LineString","coordinates":[[-4.25229,55.82865],[-4.25079,55.82844],[-4.24939,55.82841]]},"properties":{"c":0,"n":425}},{"type":"Feature","geometry":{"type":"LineString","coordinates":[[-4.22912,55.82832],[-4.22803,55.82818]]},"properties":{"c":0,"n":20}},{"type":"Feature","geometry":{"type":"LineString","coordinates":[[-4.1954,55.82684],[-4.19511,55.82682]]},"properties":{"c":0,"n":20}},{"type":"Feature","geometry":{"type":"LineString","coordinates":[[-4.25073,55.85692],[-4.25162,55.85706]]},"properties":{"c":7854,"n":6118}},{"type":"Feature","geometry":{"type":"LineString","coordinates":[[-4.25155,55.85724],[-4.25138,55.85773]]},"properties":{"c":7854,"n":6118}},{"type":"Feature","geometry":{"type":"LineString","coordinates":[[-4.25162,55.85706],[-4.25155,55.85724]]},"properties":{"c":7854,"n":6118}},{"type":"Feature","geometry":{"type":"LineString","coordinates":[[-4.24971,55.8565],[-4.25043,55.85681]]},"properties":{"c":7854,"n":6074}},{"type":"Feature","geometry":{"type":"LineString","coordinates":[[-4.25043,55.85681],[-4.25073,55.85692]]},"properties":{"c":7854,"n":6118}},{"type":"Feature","geometry":{"type":"LineString","coordinates":[[-4.20994,55.84851],[-4.20932,55.85121]]},"properties":{"c":0,"n":904}},{"type":"Feature","geometry":{"type":"LineString","coordinates":[[-4.20877,55.85338],[-4.20874,55.85347]]},"properties":{"c":0,"n":159}},{"type":"Feature","geometry":{"type":"LineString","coordinates":[[-4.20932,55.85121],[-4.20889,55.85288]]},"properties":{"c":0,"n":904}},{"type":"Feature","geometry":{"type":"LineString","coordinates":[[-4.20889,55.85288],[-4.20877,55.85338]]},"properties":{"c":0,"n":159}},{"type":"Feature","geometry":{"type":"LineString","coordinates":[[-4.21073,55.84664],[-4.21061,55.84677]]},"properties":{"c":340,"n":4097}},{"type":"Feature","geometry":{"type":"LineString","coordinates":[[-4.20995,55.84841],[-4.20994,55.84851]]},"properties":{"c":0,"n":904}},{"type":"Feature","geometry":{"type":"LineString","coordinates":[[-4.20997,55.84835],[-4.20995,55.84841]]},"properties":{"c":0,"n":997}},{"type":"Feature","geometry":{"type":"LineString","coordinates":[[-4.21061,55.84677],[-4.21019,55.84745],[-4.20997,55.84835]]},"properties":{"c":0,"n":997}},{"type":"Feature","geometry":{"type":"LineString","coordinates":[[-4.31054,55.84925],[-4.31104,55.84973]]},"properties":{"c":427,"n":2110}},{"type":"Feature","geometry":{"type":"LineString","coordinates":[[-4.31246,55.85242],[-4.31262,55.85271]]},"properties":{"c":235,"n":1208}},{"type":"Feature","geometry":{"type":"LineString","coordinates":[[-4.30959,55.84795],[-4.30966,55.84831],[-4.30993,55.84866]]},"properties":{"c":427,"n":2110}},{"type":"Feature","geometry":{"type":"LineString","coordinates":[[-4.31104,55.84973],[-4.31112,55.84981]]},"properties":{"c":427,"n":2110}},{"type":"Feature","geometry":{"type":"LineString","coordinates":[[-4.30893,55.86142],[-4.3089,55.86144]]},"properties":{"c":181,"n":2056}},{"type":"Feature","geometry":{"type":"LineString","coordinates":[[-4.31112,55.84981],[-4.31121,55.8499]]},"properties":{"c":235,"n":1208}},{"type":"Feature","geometry":{"type":"LineString","coordinates":[[-4.31262,55.85299],[-4.31243,55.8532]]},"properties":{"c":181,"n":912}},{"type":"Feature","geometry":{"type":"LineString","coordinates":[[-4.30993,55.84866],[-4.31054,55.84925]]},"properties":{"c":427,"n":2110}},{"type":"Feature","geometry":{"type":"LineString","coordinates":[[-4.31163,55.85052],[-4.31174,55.85088]]},"properties":{"c":235,"n":1208}},{"type":"Feature","geometry":{"type":"LineString","coordinates":[[-4.31275,55.85278],[-4.31266,55.85297]]},"properties":{"c":181,"n":912}},{"type":"Feature","geometry":{"type":"LineString","coordinates":[[-4.31266,55.85297],[-4.31262,55.85299]]},"properties":{"c":215,"n":1506}},{"type":"Feature","geometry":{"type":"LineString","coordinates":[[-4.30913,55.86127],[-4.30893,55.86142]]},"properties":{"c":181,"n":2056}},{"type":"Feature","geometry":{"type":"LineString","coordinates":[[-4.3089,55.86144],[-4.30838,55.86179]]},"properties":{"c":181,"n":2056}},{"type":"Feature","geometry":{"type":"LineString","coordinates":[[-4.30987,55.84743],[-4.30959,55.84795]]},"properties":{"c":427,"n":2110}},{"type":"Feature","geometry":{"type":"LineString","coordinates":[[-4.31121,55.8499],[-4.31144,55.8502]]},"properties":{"c":235,"n":1208}},{"type":"Feature","geometry":{"type":"LineString","coordinates":[[-4.31262,55.85271],[-4.31275,55.85278]]},"properties":{"c":235,"n":1537}},{"type":"Feature","geometry":{"type":"LineString","coordinates":[[-4.30931,55.86082],[-4.30913,55.86127]]},"properties":{"c":181,"n":2056}},{"type":"Feature","geometry":{"type":"LineString","coordinates":[[-4.31144,55.8502],[-4.31162,55.85049]]},"properties":{"c":235,"n":1208}},{"type":"Feature","geometry":{"type":"LineString","coordinates":[[-4.30945,55.85983],[-4.30931,55.86082]]},"properties":{"c":181,"n":2056}},{"type":"Feature","geometry":{"type":"LineString","coordinates":[[-4.30944,55.85947],[-4.30951,55.85954],[-4.30945,55.85983]]},"properties":{"c":181,"n":2056}},{"type":"Feature","geometry":{"type":"LineString","coordinates":[[-4.31162,55.85049],[-4.31163,55.85052]]},"properties":{"c":235,"n":1208}},{"type":"Feature","geometry":{"type":"LineString","coordinates":[[-4.27744,55.84004],[-4.2778,55.84021]]},"properties":{"c":249,"n":2579}},{"type":"Feature","geometry":{"type":"LineString","coordinates":[[-4.2778,55.84021],[-4.27964,55.84099]]},"properties":{"c":249,"n":2579}},{"type":"Feature","geometry":{"type":"LineString","coordinates":[[-4.30033,55.84401],[-4.30197,55.8443],[-4.3028,55.84439]]},"properties":{"c":249,"n":3103}},{"type":"Feature","geometry":{"type":"LineString","coordinates":[[-4.28357,55.84163],[-4.2849,55.84154],[-4.28656,55.8416],[-4.2874,55.84174],[-4.28921,55.84222]]},"properties":{"c":249,"n":2416}},{"type":"Feature","geometry":{"type":"LineString","coordinates":[[-4.28921,55.84222],[-4.28928,55.84223]]},"properties":{"c":249,"n":2416}},{"type":"Feature","geometry":{"type":"LineString","coordinates":[[-4.30382,55.84449],[-4.30339,55.84563]]},"properties":{"c":249,"n":2782}},{"type":"Feature","geometry":{"type":"LineString","coordinates":[[-4.30547,55.84606],[-4.30533,55.847]]},"properties":{"c":124,"n":3636}},{"type":"Feature","geometry":{"type":"LineString","coordinates":[[-4.29551,55.84366],[-4.29662,55.84378],[-4.29788,55.84377]]},"properties":{"c":249,"n":2751}},{"type":"Feature","geometry":{"type":"LineString","coordinates":[[-4.30529,55.84809],[-4.30527,55.84842]]},"properties":{"c":0,"n":3395}},{"type":"Feature","geometry":{"type":"LineString","coordinates":[[-4.30348,55.85056],[-4.30171,55.85072]]},"properties":{"c":0,"n":1587}},{"type":"Feature","geometry":{"type":"LineString","coordinates":[[-4.3028,55.84439],[-4.30382,55.84449]]},"properties":{"c":249,"n":2906}},{"type":"Feature","geometry":{"type":"LineString","coordinates":[[-4.30436,55.85047],[-4.30348,55.85056]]},"properties":{"c":0,"n":1587}},{"type":"Feature","geometry":{"type":"LineString","coordinates":[[-4.30531,55.84767],[-4.30529,55.84809]]},"properties":{"c":0,"n":3395}},{"type":"Feature","geometry":{"type":"LineString","coordinates":[[-4.30509,55.85043],[-4.30436,55.85047]]},"properties":{"c":0,"n":1587}},{"type":"Feature","geometry":{"type":"LineString","coordinates":[[-4.30523,55.84979],[-4.30521,55.85015]]},"properties":{"c":0,"n":3395}},{"type":"Feature","geometry":{"type":"LineString","coordinates":[[-4.30521,55.8504],[-4.30509,55.85043]]},"properties":{"c":0,"n":1587}},{"type":"Feature","geometry":{"type":"LineString","coordinates":[[-4.30339,55.84563],[-4.30476,55.84592]]},"properties":{"c":249,"n":2782}},{"type":"Feature","geometry":{"type":"LineString","coordinates":[[-4.30476,55.84592],[-4.30547,55.84606]]},"properties":{"c":249,"n":2782}},{"type":"Feature","geometry":{"type":"LineString","coordinates":[[-4.29349,55.84332],[-4.29551,55.84366]]},"properties":{"c":249,"n":2751}},{"type":"Feature","geometry":{"type":"LineString","coordinates":[[-4.29788,55.84377],[-4.29916,55.84382],[-4.30033,55.84401]]},"properties":{"c":249,"n":2751}},{"type":"Feature","geometry":{"type":"LineString","coordinates":[[-4.30171,55.85072],[-4.30172,55.85079]]},"properties":{"c":0,"n":1587}},{"type":"Feature","geometry":{"type":"LineString","coordinates":[[-4.29197,55.84301],[-4.29349,55.84332]]},"properties":{"c":249,"n":2751}},{"type":"Feature","geometry":{"type":"LineString","coordinates":[[-4.30527,55.84842],[-4.30549,55.84867],[-4.30563,55.84868],[-4.3057,55.84859],[-4.3056,55.84852],[-4.30541,55.84858],[-4.30527,55.8494],[-4.30509,55.84943],[-4.30501,55.84936],[-4.30513,55.84928],[-4.30531,55.84934],[-4.30531,55.84978]]},"properties":{"c":0,"n":3395}},{"type":"Feature","geometry":{"type":"LineString","coordinates":[[-4.30533,55.847],[-4.30531,55.84767]]},"properties":{"c":0,"n":3395}},{"type":"Feature","geometry":{"type":"LineString","coordinates":[[-4.30531,55.84978],[-4.30523,55.84979]]},"properties":{"c":0,"n":3395}},{"type":"Feature","geometry":{"type":"LineString","coordinates":[[-4.28928,55.84223],[-4.29074,55.8425],[-4.29197,55.84301]]},"properties":{"c":249,"n":2751}},{"type":"Feature","geometry":{"type":"LineString","coordinates":[[-4.30521,55.85021],[-4.30521,55.8504]]},"properties":{"c":0,"n":3395}},{"type":"Feature","geometry":{"type":"LineString","coordinates":[[-4.30521,55.85015],[-4.30521,55.85021]]},"properties":{"c":0,"n":3395}},{"type":"Feature","geometry":{"type":"LineString","coordinates":[[-4.2165,55.84193],[-4.21612,55.84166]]},"properties":{"c":0,"n":47}},{"type":"Feature","geometry":{"type":"LineString","coordinates":[[-4.21612,55.84166],[-4.21536,55.84114]]},"properties":{"c":0,"n":47}},{"type":"Feature","geometry":{"type":"LineString","coordinates":[[-4.21536,55.84114],[-4.21513,55.84124],[-4.21336,55.84156]]},"properties":{"c":0,"n":47}},{"type":"Feature","geometry":{"type":"LineString","coordinates":[[-4.21017,55.8433],[-4.20951,55.8437]]},"properties":{"c":0,"n":47}},{"type":"Feature","geometry":{"type":"LineString","coordinates":[[-4.21081,55.8428],[-4.21057,55.84307],[-4.21017,55.8433]]},"properties":{"c":0,"n":47}},{"type":"Feature","geometry":{"type":"LineString","coordinates":[[-4.20884,55.8441],[-4.20808,55.84455]]},"properties":{"c":0,"n":47}},{"type":"Feature","geometry":{"type":"LineString","coordinates":[[-4.20808,55.84455],[-4.20756,55.84483]]},"properties":{"c":0,"n":47}},{"type":"Feature","geometry":{"type":"LineString","coordinates":[[-4.20484,55.84636],[-4.20365,55.84703]]},"properties":{"c":0,"n":47}},{"type":"Feature","geometry":{"type":"LineString","coordinates":[[-4.2074,55.84491],[-4.20571,55.84586]]},"properties":{"c":0,"n":47}},{"type":"Feature","geometry":{"type":"LineString","coordinates":[[-4.20571,55.84586],[-4.20484,55.84636]]},"properties":{"c":0,"n":47}},{"type":"Feature","geometry":{"type":"LineString","coordinates":[[-4.20365,55.84703],[-4.20339,55.84717]]},"properties":{"c":0,"n":47}},{"type":"Feature","geometry":{"type":"LineString","coordinates":[[-4.21696,55.84228],[-4.2168,55.84216]]},"properties":{"c":0,"n":47}},{"type":"Feature","geometry":{"type":"LineString","coordinates":[[-4.20756,55.84483],[-4.2074,55.84491]]},"properties":{"c":0,"n":47}},{"type":"Feature","geometry":{"type":"LineString","coordinates":[[-4.2168,55.84216],[-4.2165,55.84193]]},"properties":{"c":0,"n":47}},{"type":"Feature","geometry":{"type":"LineString","coordinates":[[-4.2175,55.84271],[-4.21696,55.84228]]},"properties":{"c":0,"n":47}},{"type":"Feature","geometry":{"type":"LineString","coordinates":[[-4.21164,55.84198],[-4.2114,55.84214],[-4.21081,55.8428]]},"properties":{"c":0,"n":47}},{"type":"Feature","geometry":{"type":"LineString","coordinates":[[-4.20927,55.84384],[-4.20884,55.8441]]},"properties":{"c":0,"n":47}},{"type":"Feature","geometry":{"type":"LineString","coordinates":[[-4.20339,55.84717],[-4.20278,55.84755]]},"properties":{"c":0,"n":47}},{"type":"Feature","geometry":{"type":"LineString","coordinates":[[-4.20951,55.8437],[-4.20927,55.84384]]},"properties":{"c":0,"n":47}},{"type":"Feature","geometry":{"type":"LineString","coordinates":[[-4.21336,55.84156],[-4.2121,55.84179],[-4.21164,55.84198]]},"properties":{"c":0,"n":47}},{"type":"Feature","geometry":{"type":"LineString","coordinates":[[-4.3217,55.84179],[-4.32441,55.84241]]},"properties":{"c":0,"n":295}},{"type":"Feature","geometry":{"type":"LineString","coordinates":[[-4.33152,55.8447],[-4.33166,55.84475]]},"properties":{"c":0,"n":101}},{"type":"Feature","geometry":{"type":"LineString","coordinates":[[-4.334,55.84586],[-4.33433,55.84601],[-4.33437,55.84609]]},"properties":{"c":0,"n":125}},{"type":"Feature","geometry":{"type":"LineString","coordinates":[[-4.33439,55.84619],[-4.33421,55.84621]]},"properties":{"c":0,"n":125}},{"type":"Feature","geometry":{"type":"LineString","coordinates":[[-4.31948,55.8414],[-4.32165,55.84178]]},"properties":{"c":0,"n":196}},{"type":"Feature","geometry":{"type":"LineString","coordinates":[[-4.31827,55.84121],[-4.31948,55.8414]]},"properties":{"c":0,"n":196}},{"type":"Feature","geometry":{"type":"LineString","coordinates":[[-4.33205,55.84492],[-4.33249,55.84518]]},"properties":{"c":0,"n":125}},{"type":"Feature","geometry":{"type":"LineString","coordinates":[[-4.32701,55.84316],[-4.32999,55.84414]]},"properties":{"c":0,"n":318}},{"type":"Feature","geometry":{"type":"LineString","coordinates":[[-4.33353,55.84562],[-4.33364,55.84567]]},"properties":{"c":0,"n":382}},{"type":"Feature","geometry":{"type":"LineString","coordinates":[[-4.3128,55.84096],[-4.31478,55.84093],[-4.31805,55.84118]]},"properties":{"c":0,"n":196}},{"type":"Feature","geometry":{"type":"LineString","coordinates":[[-4.33166,55.84475],[-4.33205,55.84492]]},"properties":{"c":0,"n":125}},{"type":"Feature","geometry":{"type":"LineString","coordinates":[[-4.32441,55.84241],[-4.32675,55.84307]]},"properties":{"c":0,"n":196}},{"type":"Feature","geometry":{"type":"LineString","coordinates":[[-4.33421,55.84621],[-4.33386,55.84625]]},"properties":{"c":0,"n":125}},{"type":"Feature","geometry":{"type":"LineString","coordinates":[[-4.32165,55.84178],[-4.3217,55.84179]]},"properties":{"c":0,"n":196}},{"type":"Feature","geometry":{"type":"LineString","coordinates":[[-4.33302,55.8454],[-4.33353,55.84562]]},"properties":{"c":0,"n":382}},{"type":"Feature","geometry":{"type":"LineString","coordinates":[[-4.33031,55.84425],[-4.33082,55.84443]]},"properties":{"c":0,"n":101}},{"type":"Feature","geometry":{"type":"LineString","coordinates":[[-4.33437,55.84609],[-4.33439,55.84619]]},"properties":{"c":0,"n":125}},{"type":"Feature","geometry":{"type":"LineString","coordinates":[[-4.31805,55.84118],[-4.31827,55.84121]]},"properties":{"c":0,"n":196}},{"type":"Feature","geometry":{"type":"LineString","coordinates":[[-4.33082,55.84443],[-4.33152,55.8447]]},"properties":{"c":0,"n":101}},{"type":"Feature","geometry":{"type":"LineString","coordinates":[[-4.33364,55.84567],[-4.334,55.84586]]},"properties":{"c":0,"n":382}},{"type":"Feature","geometry":{"type":"LineString","coordinates":[[-4.33386,55.84625],[-4.33283,55.84637]]},"properties":{"c":0,"n":124}},{"type":"Feature","geometry":{"type":"LineString","coordinates":[[-4.33249,55.84518],[-4.33302,55.8454]]},"properties":{"c":0,"n":382}},{"type":"Feature","geometry":{"type":"LineString","coordinates":[[-4.32675,55.84307],[-4.32701,55.84316]]},"properties":{"c":0,"n":196}},{"type":"Feature","geometry":{"type":"LineString","coordinates":[[-4.32999,55.84414],[-4.33031,55.84425]]},"properties":{"c":0,"n":318}},{"type":"Feature","geometry":{"type":"LineString","coordinates":[[-4.15553,55.83687],[-4.15472,55.83698]]},"properties":{"c":0,"n":72}},{"type":"Feature","geometry":{"type":"LineString","coordinates":[[-4.14389,55.83876],[-4.14049,55.83936]]},"properties":{"c":0,"n":72}},{"type":"Feature","geometry":{"type":"LineString","coordinates":[[-4.14005,55.83943],[-4.13552,55.8402]]},"properties":{"c":0,"n":140}},{"type":"Feature","geometry":{"type":"LineString","coordinates":[[-4.1454,55.8385],[-4.14427,55.8387]]},"properties":{"c":0,"n":72}},{"type":"Feature","geometry":{"type":"LineString","coordinates":[[-4.14017,55.83941],[-4.14005,55.83943]]},"properties":{"c":0,"n":140}},{"type":"Feature","geometry":{"type":"LineString","coordinates":[[-4.14035,55.83938],[-4.14017,55.83941]]},"properties":{"c":0,"n":72}},{"type":"Feature","geometry":{"type":"LineString","coordinates":[[-4.15735,55.83664],[-4.15553,55.83687]]},"properties":{"c":0,"n":72}},{"type":"Feature","geometry":{"type":"LineString","coordinates":[[-4.15903,55.83642],[-4.15735,55.83664]]},"properties":{"c":0,"n":72}},{"type":"Feature","geometry":{"type":"LineString","coordinates":[[-4.16161,55.83608],[-4.16036,55.83625]]},"properties":{"c":0,"n":72}},{"type":"Feature","geometry":{"type":"LineString","coordinates":[[-4.16873,55.83678],[-4.16814,55.83656]]},"properties":{"c":0,"n":72}},{"type":"Feature","geometry":{"type":"LineString","coordinates":[[-4.16993,55.83702],[-4.16873,55.83678]]},"properties":{"c":0,"n":72}},{"type":"Feature","geometry":{"type":"LineString","coordinates":[[-4.1542,55.83705],[-4.15359,55.83713]]},"properties":{"c":0,"n":72}},{"type":"Feature","geometry":{"type":"LineString","coordinates":[[-4.13514,55.84025],[-4.13514,55.84033]]},"properties":{"c":0,"n":140}},{"type":"Feature","geometry":{"type":"LineString","coordinates":[[-4.16791,55.83645],[-4.16584,55.8356],[-4.16535,55.83561],[-4.16161,55.83608]]},"properties":{"c":0,"n":72}},{"type":"Feature","geometry":{"type":"LineString","coordinates":[[-4.1353,55.84023],[-4.13514,55.84025]]},"properties":{"c":0,"n":140}},{"type":"Feature","geometry":{"type":"LineString","coordinates":[[-4.15472,55.83698],[-4.15447,55.83702]]},"properties":{"c":0,"n":72}},{"type":"Feature","geometry":{"type":"LineString","coordinates":[[-4.15948,55.83636],[-4.15903,55.83642]]},"properties":{"c":0,"n":72}},{"type":"Feature","geometry":{"type":"LineString","coordinates":[[-4.16036,55.83625],[-4.15948,55.83636]]},"properties":{"c":0,"n":72}},{"type":"Feature","geometry":{"type":"LineString","coordinates":[[-4.14713,55.83819],[-4.1454,55.8385]]},"properties":{"c":0,"n":72}},{"type":"Feature","geometry":{"type":"LineString","coordinates":[[-4.15359,55.83713],[-4.15274,55.83726]]},"properties":{"c":0,"n":72}},{"type":"Feature","geometry":{"type":"LineString","coordinates":[[-4.16814,55.83656],[-4.16802,55.83655]]},"properties":{"c":0,"n":72}},{"type":"Feature","geometry":{"type":"LineString","coordinates":[[-4.17007,55.83705],[-4.16993,55.83702]]},"properties":{"c":0,"n":503}},{"type":"Feature","geometry":{"type":"LineString","coordinates":[[-4.15447,55.83702],[-4.1542,55.83705]]},"properties":{"c":0,"n":72}},{"type":"Feature","geometry":{"type":"LineString","coordinates":[[-4.14049,55.83936],[-4.14035,55.83938]]},"properties":{"c":0,"n":72}},{"type":"Feature","geometry":{"type":"LineString","coordinates":[[-4.14892,55.83788],[-4.14713,55.83819]]},"properties":{"c":0,"n":72}},{"type":"Feature","geometry":{"type":"LineString","coordinates":[[-4.16802,55.83655],[-4.16791,55.83645]]},"properties":{"c":0,"n":72}},{"type":"Feature","geometry":{"type":"LineString","coordinates":[[-4.14427,55.8387],[-4.14389,55.83876]]},"properties":{"c":0,"n":72}},{"type":"Feature","geometry":{"type":"LineString","coordinates":[[-4.15113,55.83751],[-4.14892,55.83788]]},"properties":{"c":0,"n":72}},{"type":"Feature","geometry":{"type":"LineString","coordinates":[[-4.13552,55.8402],[-4.1353,55.84023]]},"properties":{"c":0,"n":140}},{"type":"Feature","geometry":{"type":"LineString","coordinates":[[-4.15274,55.83726],[-4.15113,55.83751]]},"properties":{"c":0,"n":72}},{"type":"Feature","geometry":{"type":"LineString","coordinates":[[-4.30511,55.86603],[-4.30517,55.86609]]},"properties":{"c":3458,"n":3695}},{"type":"Feature","geometry":{"type":"LineString","coordinates":[[-4.30722,55.8686],[-4.30778,55.86889],[-4.30811,55.86927]]},"properties":{"c":3451,"n":10353}},{"type":"Feature","geometry":{"type":"LineString","coordinates":[[-4.3039,55.86719],[-4.30596,55.86831]]},"properties":{"c":3451,"n":10374}},{"type":"Feature","geometry":{"type":"LineString","coordinates":[[-4.30482,55.86603],[-4.30511,55.86603]]},"properties":{"c":3458,"n":6224}},{"type":"Feature","geometry":{"type":"LineString","coordinates":[[-4.30596,55.86831],[-4.30722,55.8686]]},"properties":{"c":3451,"n":10374}},{"type":"Feature","geometry":{"type":"LineString","coordinates":[[-4.24075,55.85301],[-4.24048,55.85274]]},"properties":{"c":0,"n":666}},{"type":"Feature","geometry":{"type":"LineString","coordinates":[[-4.24048,55.85274],[-4.23824,55.8523]]},"properties":{"c":0,"n":283}},{"type":"Feature","geometry":{"type":"LineString","coordinates":[[-4.29863,55.82595],[-4.2993,55.82537]]},"properties":{"c":0,"n":81}},{"type":"Feature","geometry":{"type":"LineString","coordinates":[[-4.2993,55.82537],[-4.29974,55.82495]]},"properties":{"c":0,"n":81}},{"type":"Feature","geometry":{"type":"LineString","coordinates":[[-4.29691,55.82691],[-4.29837,55.82617]]},"properties":{"c":0,"n":327}},{"type":"Feature","geometry":{"type":"LineString","coordinates":[[-4.29837,55.82617],[-4.29863,55.82595]]},"properties":{"c":0,"n":81}},{"type":"Feature","geometry":{"type":"LineString","coordinates":[[-4.29556,55.82748],[-4.29691,55.82691]]},"properties":{"c":0,"n":238}},{"type":"Feature","geometry":{"type":"LineString","coordinates":[[-4.26571,55.8395],[-4.26608,55.83954]]},"properties":{"c":0,"n":283}},{"type":"Feature","geometry":{"type":"LineString","coordinates":[[-4.26476,55.83939],[-4.26571,55.8395]]},"properties":{"c":0,"n":283}},{"type":"Feature","geometry":{"type":"LineString","coordinates":[[-4.2639,55.83929],[-4.26476,55.83939]]},"properties":{"c":0,"n":283}},{"type":"Feature","geometry":{"type":"LineString","coordinates":[[-4.26608,55.83954],[-4.26658,55.83967]]},"properties":{"c":0,"n":283}},{"type":"Feature","geometry":{"type":"LineString","coordinates":[[-4.33572,55.85579],[-4.33778,55.85617],[-4.33905,55.85648],[-4.33946,55.85666],[-4.33982,55.85671]]},"properties":{"c":54,"n":639}},{"type":"Feature","geometry":{"type":"LineString","coordinates":[[-4.32807,55.85485],[-4.3299,55.85508]]},"properties":{"c":54,"n":639}},{"type":"Feature","geometry":{"type":"LineString","coordinates":[[-4.33227,55.85537],[-4.33357,55.85553]]},"properties":{"c":54,"n":639}},{"type":"Feature","geometry":{"type":"LineString","coordinates":[[-4.34063,55.86116],[-4.34012,55.86186]]},"properties":{"c":88,"n":1216}},{"type":"Feature","geometry":{"type":"LineString","coordinates":[[-4.33357,55.85553],[-4.33491,55.85569]]},"properties":{"c":54,"n":639}},{"type":"Feature","geometry":{"type":"LineString","coordinates":[[-4.32473,55.85444],[-4.32579,55.85458]]},"properties":{"c":54,"n":639}},{"type":"Feature","geometry":{"type":"LineString","coordinates":[[-4.33818,55.85989],[-4.33831,55.85992]]},"properties":{"c":88,"n":1216}},{"type":"Feature","geometry":{"type":"LineString","coordinates":[[-4.31275,55.85278],[-4.31299,55.85288],[-4.31417,55.8531]]},"properties":{"c":54,"n":625}},{"type":"Feature","geometry":{"type":"LineString","coordinates":[[-4.33491,55.85569],[-4.33572,55.85579]]},"properties":{"c":54,"n":639}},{"type":"Feature","geometry":{"type":"LineString","coordinates":[[-4.33964,55.86248],[-4.34041,55.86287],[-4.34171,55.86286]]},"properties":{"c":88,"n":1216}},{"type":"Feature","geometry":{"type":"LineString","coordinates":[[-4.3299,55.85508],[-4.33227,55.85537]]},"properties":{"c":54,"n":639}},{"type":"Feature","geometry":{"type":"LineString","coordinates":[[-4.32789,55.85483],[-4.32807,55.85485]]},"properties":{"c":54,"n":639}},{"type":"Feature","geometry":{"type":"LineString","coordinates":[[-4.34111,55.86067],[-4.34091,55.86078],[-4.34063,55.86116]]},"properties":{"c":88,"n":1216}},{"type":"Feature","geometry":{"type":"LineString","coordinates":[[-4.32697,55.85472],[-4.32789,55.85483]]},"properties":{"c":54,"n":639}},{"type":"Feature","geometry":{"type":"LineString","coordinates":[[-4.31801,55.85369],[-4.31823,55.85368],[-4.31836,55.85374]]},"properties":{"c":54,"n":625}},{"type":"Feature","geometry":{"type":"LineString","coordinates":[[-4.34057,55.85691],[-4.34076,55.85705],[-4.34201,55.85752]]},"properties":{"c":54,"n":645}},{"type":"Feature","geometry":{"type":"LineString","coordinates":[[-4.31893,55.85385],[-4.32029,55.85398]]},"properties":{"c":54,"n":639}},{"type":"Feature","geometry":{"type":"LineString","coordinates":[[-4.32075,55.85402],[-4.322,55.85415]]},"properties":{"c":54,"n":639}},{"type":"Feature","geometry":{"type":"LineString","coordinates":[[-4.32597,55.8546],[-4.32697,55.85472]]},"properties":{"c":54,"n":639}},{"type":"Feature","geometry":{"type":"LineString","coordinates":[[-4.32319,55.85427],[-4.32346,55.8543]]},"properties":{"c":54,"n":639}},{"type":"Feature","geometry":{"type":"LineString","coordinates":[[-4.31417,55.8531],[-4.31798,55.85371]]},"properties":{"c":54,"n":625}},{"type":"Feature","geometry":{"type":"LineString","coordinates":[[-4.34192,55.8576],[-4.34105,55.85727]]},"properties":{"c":54,"n":645}},{"type":"Feature","geometry":{"type":"LineString","coordinates":[[-4.32579,55.85458],[-4.32597,55.8546]]},"properties":{"c":54,"n":639}},{"type":"Feature","geometry":{"type":"LineString","coordinates":[[-4.33851,55.85953],[-4.33818,55.85989]]},"properties":{"c":88,"n":1216}},{"type":"Feature","geometry":{"type":"LineString","coordinates":[[-4.31838,55.85376],[-4.31893,55.85385]]},"properties":{"c":54,"n":625}},{"type":"Feature","geometry":{"type":"LineString","coordinates":[[-4.33987,55.8567],[-4.34017,55.85671]]},"properties":{"c":54,"n":639}},{"type":"Feature","geometry":{"type":"LineString","coordinates":[[-4.33837,55.86],[-4.34025,55.86037]]},"properties":{"c":88,"n":1216}},{"type":"Feature","geometry":{"type":"LineString","coordinates":[[-4.33831,55.85992],[-4.33837,55.86]]},"properties":{"c":88,"n":1216}},{"type":"Feature","geometry":{"type":"LineString","coordinates":[[-4.32029,55.85398],[-4.32075,55.85402]]},"properties":{"c":54,"n":639}},{"type":"Feature","geometry":{"type":"LineString","coordinates":[[-4.34025,55.86037],[-4.3409,55.86053]]},"properties":{"c":88,"n":1216}},{"type":"Feature","geometry":{"type":"LineString","coordinates":[[-4.34201,55.85752],[-4.34192,55.8576]]},"properties":{"c":54,"n":645}},{"type":"Feature","geometry":{"type":"LineString","coordinates":[[-4.34105,55.85727],[-4.34034,55.85823]]},"properties":{"c":88,"n":1216}},{"type":"Feature","geometry":{"type":"LineString","coordinates":[[-4.34034,55.85823],[-4.33983,55.85811],[-4.33967,55.85812],[-4.33925,55.85863]]},"properties":{"c":88,"n":1216}},{"type":"Feature","geometry":{"type":"LineString","coordinates":[[-4.34171,55.86286],[-4.34171,55.86297]]},"properties":{"c":88,"n":1216}},{"type":"Feature","geometry":{"type":"LineString","coordinates":[[-4.3409,55.86053],[-4.34111,55.86067]]},"properties":{"c":88,"n":1216}},{"type":"Feature","geometry":{"type":"LineString","coordinates":[[-4.33925,55.85863],[-4.33851,55.85953]]},"properties":{"c":88,"n":1216}},{"type":"Feature","geometry":{"type":"LineString","coordinates":[[-4.34017,55.85671],[-4.34057,55.85691]]},"properties":{"c":54,"n":645}},{"type":"Feature","geometry":{"type":"LineString","coordinates":[[-4.31836,55.85374],[-4.31838,55.85376]]},"properties":{"c":54,"n":774}},{"type":"Feature","geometry":{"type":"LineString","coordinates":[[-4.32346,55.8543],[-4.32424,55.85439]]},"properties":{"c":54,"n":639}},{"type":"Feature","geometry":{"type":"LineString","coordinates":[[-4.322,55.85415],[-4.32319,55.85427]]},"properties":{"c":54,"n":639}},{"type":"Feature","geometry":{"type":"LineString","coordinates":[[-4.32424,55.85439],[-4.32473,55.85444]]},"properties":{"c":54,"n":639}},{"type":"Feature","geometry":{"type":"LineString","coordinates":[[-4.34012,55.86186],[-4.33964,55.86248]]},"properties":{"c":88,"n":1216}},{"type":"Feature","geometry":{"type":"LineString","coordinates":[[-4.33982,55.85671],[-4.33987,55.8567]]},"properties":{"c":54,"n":661}},{"type":"Feature","geometry":{"type":"LineString","coordinates":[[-4.25703,55.8563],[-4.25658,55.85702]]},"properties":{"c":8626,"n":17272}},{"type":"Feature","geometry":{"type":"LineString","coordinates":[[-4.2704,55.83398],[-4.27088,55.83424]]},"properties":{"c":0,"n":4532}},{"type":"Feature","geometry":{"type":"LineString","coordinates":[[-4.27163,55.83466],[-4.27206,55.8349]]},"properties":{"c":0,"n":4919}},{"type":"Feature","geometry":{"type":"LineString","coordinates":[[-4.26945,55.8345],[-4.2704,55.83398]]},"properties":{"c":0,"n":5412}},{"type":"Feature","geometry":{"type":"LineString","coordinates":[[-4.27088,55.83424],[-4.27131,55.83449]]},"properties":{"c":0,"n":4532}},{"type":"Feature","geometry":{"type":"LineString","coordinates":[[-4.27131,55.83449],[-4.27163,55.83466]]},"properties":{"c":0,"n":4532}},{"type":"Feature","geometry":{"type":"LineString","coordinates":[[-4.28173,55.85765],[-4.28178,55.85774]]},"properties":{"c":2734,"n":8731}},{"type":"Feature","geometry":{"type":"LineString","coordinates":[[-4.28218,55.85788],[-4.28212,55.85794]]},"properties":{"c":2361,"n":12678}},{"type":"Feature","geometry":{"type":"LineString","coordinates":[[-4.27618,55.84986],[-4.27551,55.84985]]},"properties":{"c":0,"n":146}},{"type":"Feature","geometry":{"type":"LineString","coordinates":[[-4.27551,55.84985],[-4.2732,55.84987]]},"properties":{"c":0,"n":340}},{"type":"Feature","geometry":{"type":"LineString","coordinates":[[-4.27599,55.85226],[-4.27571,55.85228]]},"properties":{"c":0,"n":1771}},{"type":"Feature","geometry":{"type":"LineString","coordinates":[[-4.27543,55.85229],[-4.27516,55.85231]]},"properties":{"c":0,"n":1771}},{"type":"Feature","geometry":{"type":"LineString","coordinates":[[-4.27516,55.85231],[-4.27522,55.85302]]},"properties":{"c":0,"n":1771}},{"type":"Feature","geometry":{"type":"LineString","coordinates":[[-4.27678,55.85222],[-4.27628,55.85224]]},"properties":{"c":0,"n":1771}},{"type":"Feature","geometry":{"type":"LineString","coordinates":[[-4.27571,55.85228],[-4.27543,55.85229]]},"properties":{"c":0,"n":1771}},{"type":"Feature","geometry":{"type":"LineString","coordinates":[[-4.27522,55.85302],[-4.27529,55.85365]]},"properties":{"c":0,"n":1771}},{"type":"Feature","geometry":{"type":"LineString","coordinates":[[-4.27628,55.85224],[-4.27599,55.85226]]},"properties":{"c":0,"n":1771}},{"type":"Feature","geometry":{"type":"LineString","coordinates":[[-4.27466,55.83865],[-4.27497,55.8386]]},"properties":{"c":0,"n":165}},{"type":"Feature","geometry":{"type":"LineString","coordinates":[[-4.27679,55.83864],[-4.27803,55.83867]]},"properties":{"c":0,"n":165}},{"type":"Feature","geometry":{"type":"LineString","coordinates":[[-4.28475,55.83888],[-4.28504,55.83893]]},"properties":{"c":0,"n":406}},{"type":"Feature","geometry":{"type":"LineString","coordinates":[[-4.2794,55.83869],[-4.2807,55.83874]]},"properties":{"c":0,"n":165}},{"type":"Feature","geometry":{"type":"LineString","coordinates":[[-4.27554,55.83862],[-4.27679,55.83864]]},"properties":{"c":0,"n":165}},{"type":"Feature","geometry":{"type":"LineString","coordinates":[[-4.28504,55.83893],[-4.28621,55.83932]]},"properties":{"c":0,"n":406}},{"type":"Feature","geometry":{"type":"LineString","coordinates":[[-4.2807,55.83874],[-4.28392,55.8388],[-4.28475,55.83888]]},"properties":{"c":0,"n":165}},{"type":"Feature","geometry":{"type":"LineString","coordinates":[[-4.27497,55.8386],[-4.27554,55.83862]]},"properties":{"c":0,"n":165}},{"type":"Feature","geometry":{"type":"LineString","coordinates":[[-4.27803,55.83867],[-4.2794,55.83869]]},"properties":{"c":0,"n":165}},{"type":"Feature","geometry":{"type":"LineString","coordinates":[[-4.28621,55.83932],[-4.28773,55.84013]]},"properties":{"c":0,"n":406}},{"type":"Feature","geometry":{"type":"LineString","coordinates":[[-4.28797,55.84436],[-4.28807,55.84437]]},"properties":{"c":0,"n":922}},{"type":"Feature","geometry":{"type":"LineString","coordinates":[[-4.28237,55.8416],[-4.28155,55.84204],[-4.28126,55.84248]]},"properties":{"c":0,"n":299}},{"type":"Feature","geometry":{"type":"LineString","coordinates":[[-4.28126,55.84248],[-4.28094,55.84342]]},"properties":{"c":0,"n":299}},{"type":"Feature","geometry":{"type":"LineString","coordinates":[[-4.28462,55.84391],[-4.28797,55.84436]]},"properties":{"c":0,"n":922}},{"type":"Feature","geometry":{"type":"LineString","coordinates":[[-4.28094,55.84342],[-4.28462,55.84391]]},"properties":{"c":0,"n":922}},{"type":"Feature","geometry":{"type":"LineString","coordinates":[[-4.25218,55.85604],[-4.25213,55.85621]]},"properties":{"c":9716,"n":8805}},{"type":"Feature","geometry":{"type":"LineString","coordinates":[[-4.25193,55.85492],[-4.25161,55.8553]]},"properties":{"c":9716,"n":8849}},{"type":"Feature","geometry":{"type":"LineString","coordinates":[[-4.25161,55.8553],[-4.25133,55.85562]]},"properties":{"c":9716,"n":8849}},{"type":"Feature","geometry":{"type":"LineString","coordinates":[[-4.25133,55.85562],[-4.25198,55.85579]]},"properties":{"c":9716,"n":8849}},{"type":"Feature","geometry":{"type":"LineString","coordinates":[[-4.25198,55.85579],[-4.25216,55.85592],[-4.25218,55.85604]]},"properties":{"c":9716,"n":8805}},{"type":"Feature","geometry":{"type":"LineString","coordinates":[[-4.1868,55.84624],[-4.18634,55.84611],[-4.18622,55.84595]]},"properties":{"c":0,"n":483}},{"type":"Feature","geometry":{"type":"LineString","coordinates":[[-4.19321,55.84675],[-4.19231,55.84706]]},"properties":{"c":0,"n":251}},{"type":"Feature","geometry":{"type":"LineString","coordinates":[[-4.18622,55.84595],[-4.18556,55.84571],[-4.18405,55.84529],[-4.18343,55.84488],[-4.18328,55.84463]]},"properties":{"c":0,"n":483}},{"type":"Feature","geometry":{"type":"LineString","coordinates":[[-4.19055,55.84653],[-4.18958,55.84627]]},"properties":{"c":0,"n":483}},{"type":"Feature","geometry":{"type":"LineString","coordinates":[[-4.19591,55.84576],[-4.19563,55.84588]]},"properties":{"c":0,"n":251}},{"type":"Feature","geometry":{"type":"LineString","coordinates":[[-4.18328,55.84463],[-4.18291,55.84473],[-4.1826,55.8447]]},"properties":{"c":0,"n":483}},{"type":"Feature","geometry":{"type":"LineString","coordinates":[[-4.19353,55.84663],[-4.19321,55.84675]]},"properties":{"c":0,"n":251}},{"type":"Feature","geometry":{"type":"LineString","coordinates":[[-4.18736,55.84565],[-4.1868,55.84624]]},"properties":{"c":0,"n":483}},{"type":"Feature","geometry":{"type":"LineString","coordinates":[[-4.19593,55.84575],[-4.19591,55.84576]]},"properties":{"c":0,"n":238}},{"type":"Feature","geometry":{"type":"LineString","coordinates":[[-4.1826,55.8447],[-4.18209,55.84466],[-4.18162,55.84497]]},"properties":{"c":0,"n":483}},{"type":"Feature","geometry":{"type":"LineString","coordinates":[[-4.19105,55.84667],[-4.19055,55.84653]]},"properties":{"c":0,"n":483}},{"type":"Feature","geometry":{"type":"LineString","coordinates":[[-4.19231,55.84706],[-4.19105,55.84667]]},"properties":{"c":0,"n":483}},{"type":"Feature","geometry":{"type":"LineString","coordinates":[[-4.19563,55.84588],[-4.19353,55.84663]]},"properties":{"c":0,"n":251}},{"type":"Feature","geometry":{"type":"LineString","coordinates":[[-4.18795,55.84582],[-4.18736,55.84565]]},"properties":{"c":0,"n":483}},{"type":"Feature","geometry":{"type":"LineString","coordinates":[[-4.18909,55.84613],[-4.18795,55.84582]]},"properties":{"c":0,"n":483}},{"type":"Feature","geometry":{"type":"LineString","coordinates":[[-4.18958,55.84627],[-4.18909,55.84613]]},"properties":{"c":0,"n":483}},{"type":"Feature","geometry":{"type":"LineString","coordinates":[[-4.24658,55.85646],[-4.24629,55.8571]]},"properties":{"c":3082,"n":1484}},{"type":"Feature","geometry":{"type":"LineString","coordinates":[[-4.2468,55.85592],[-4.24658,55.85646]]},"properties":{"c":3082,"n":1771}},{"type":"Feature","geometry":{"type":"LineString","coordinates":[[-4.26232,55.85413],[-4.26158,55.85405]]},"properties":{"c":2800,"n":9140}},{"type":"Feature","geometry":{"type":"LineString","coordinates":[[-4.29984,55.85113],[-4.29957,55.85115]]},"properties":{"c":564,"n":7296}},{"type":"Feature","geometry":{"type":"LineString","coordinates":[[-4.27143,55.85391],[-4.27095,55.85395]]},"properties":{"c":6866,"n":15681}},{"type":"Feature","geometry":{"type":"LineString","coordinates":[[-4.24945,55.85476],[-4.24904,55.85482]]},"properties":{"c":2828,"n":4194}},{"type":"Feature","geometry":{"type":"LineString","coordinates":[[-4.26849,55.85408],[-4.26813,55.8541]]},"properties":{"c":264,"n":6074}},{"type":"Feature","geometry":{"type":"LineString","coordinates":[[-4.26571,55.85427],[-4.26543,55.85429]]},"properties":{"c":264,"n":6074}},{"type":"Feature","geometry":{"type":"LineString","coordinates":[[-4.30523,55.85052],[-4.3044,55.8506]]},"properties":{"c":0,"n":1357}},{"type":"Feature","geometry":{"type":"LineString","coordinates":[[-4.26158,55.85405],[-4.26007,55.85389]]},"properties":{"c":2800,"n":9140}},{"type":"Feature","geometry":{"type":"LineString","coordinates":[[-4.26543,55.85429],[-4.26492,55.85433]]},"properties":{"c":264,"n":6074}},{"type":"Feature","geometry":{"type":"LineString","coordinates":[[-4.3044,55.8506],[-4.30394,55.85064]]},"properties":{"c":0,"n":1357}},{"type":"Feature","geometry":{"type":"LineString","coordinates":[[-4.25455,55.85338],[-4.25424,55.8538]]},"properties":{"c":83,"n":5832}},{"type":"Feature","geometry":{"type":"LineString","coordinates":[[-4.26813,55.8541],[-4.26727,55.85417]]},"properties":{"c":264,"n":6074}},{"type":"Feature","geometry":{"type":"LineString","coordinates":[[-4.25424,55.8538],[-4.25183,55.85322]]},"properties":{"c":83,"n":5835}},{"type":"Feature","geometry":{"type":"LineString","coordinates":[[-4.26452,55.85436],[-4.26435,55.85435]]},"properties":{"c":264,"n":8237}},{"type":"Feature","geometry":{"type":"LineString","coordinates":[[-4.27095,55.85395],[-4.2701,55.85405]]},"properties":{"c":6866,"n":15681}},{"type":"Feature","geometry":{"type":"LineString","coordinates":[[-4.27322,55.85379],[-4.27302,55.85381]]},"properties":{"c":6866,"n":15681}},{"type":"Feature","geometry":{"type":"LineString","coordinates":[[-4.2701,55.85405],[-4.26988,55.85407]]},"properties":{"c":6866,"n":15681}},{"type":"Feature","geometry":{"type":"LineString","coordinates":[[-4.27242,55.85385],[-4.2721,55.85387]]},"properties":{"c":6866,"n":15681}},{"type":"Feature","geometry":{"type":"LineString","coordinates":[[-4.26727,55.85417],[-4.2672,55.85417]]},"properties":{"c":264,"n":6074}},{"type":"Feature","geometry":{"type":"LineString","coordinates":[[-4.26604,55.85425],[-4.26571,55.85427]]},"properties":{"c":264,"n":6074}},{"type":"Feature","geometry":{"type":"LineString","coordinates":[[-4.26383,55.85431],[-4.26309,55.85422]]},"properties":{"c":264,"n":8039}},{"type":"Feature","geometry":{"type":"LineString","coordinates":[[-4.26645,55.85422],[-4.26604,55.85425]]},"properties":{"c":264,"n":6074}},{"type":"Feature","geometry":{"type":"LineString","coordinates":[[-4.25044,55.85458],[-4.25033,55.85458]]},"properties":{"c":2828,"n":4194}},{"type":"Feature","geometry":{"type":"LineString","coordinates":[[-4.25735,55.85352],[-4.25654,55.85337]]},"properties":{"c":2131,"n":8193}},{"type":"Feature","geometry":{"type":"LineString","coordinates":[[-4.2672,55.85417],[-4.26645,55.85422]]},"properties":{"c":264,"n":6074}},{"type":"Feature","geometry":{"type":"LineString","coordinates":[[-4.24737,55.85491],[-4.24711,55.85491]]},"properties":{"c":3511,"n":5365}},{"type":"Feature","geometry":{"type":"LineString","coordinates":[[-4.24642,55.85485],[-4.24563,55.85473]]},"properties":{"c":2828,"n":4579}},{"type":"Feature","geometry":{"type":"LineString","coordinates":[[-4.27255,55.85384],[-4.27242,55.85385]]},"properties":{"c":6866,"n":15681}},{"type":"Feature","geometry":{"type":"LineString","coordinates":[[-4.30716,55.85035],[-4.30592,55.85046]]},"properties":{"c":0,"n":1357}},{"type":"Feature","geometry":{"type":"LineString","coordinates":[[-4.26464,55.85435],[-4.26452,55.85436]]},"properties":{"c":264,"n":8237}},{"type":"Feature","geometry":{"type":"LineString","coordinates":[[-4.26859,55.85408],[-4.26849,55.85408]]},"properties":{"c":264,"n":6074}},{"type":"Feature","geometry":{"type":"LineString","coordinates":[[-4.24711,55.85491],[-4.24661,55.85488]]},"properties":{"c":3511,"n":5365}},{"type":"Feature","geometry":{"type":"LineString","coordinates":[[-4.26492,55.85433],[-4.26464,55.85435]]},"properties":{"c":264,"n":6074}},{"type":"Feature","geometry":{"type":"LineString","coordinates":[[-4.26007,55.85389],[-4.25853,55.85372]]},"properties":{"c":2800,"n":9140}},{"type":"Feature","geometry":{"type":"LineString","coordinates":[[-4.27302,55.85381],[-4.27255,55.85384]]},"properties":{"c":6866,"n":15681}},{"type":"Feature","geometry":{"type":"LineString","coordinates":[[-4.25566,55.85322],[-4.25483,55.85308]]},"properties":{"c":83,"n":5832}},{"type":"Feature","geometry":{"type":"LineString","coordinates":[[-4.25033,55.85458],[-4.25008,55.85465]]},"properties":{"c":2828,"n":4194}},{"type":"Feature","geometry":{"type":"LineString","coordinates":[[-4.24661,55.85488],[-4.24642,55.85485]]},"properties":{"c":2828,"n":4579}},{"type":"Feature","geometry":{"type":"LineString","coordinates":[[-4.30907,55.85016],[-4.30716,55.85035]]},"properties":{"c":192,"n":1633}},{"type":"Feature","geometry":{"type":"LineString","coordinates":[[-4.25047,55.85459],[-4.25044,55.85458]]},"properties":{"c":2828,"n":4194}},{"type":"Feature","geometry":{"type":"LineString","coordinates":[[-4.26309,55.85422],[-4.26232,55.85413]]},"properties":{"c":2800,"n":9140}},{"type":"Feature","geometry":{"type":"LineString","coordinates":[[-4.25008,55.85465],[-4.24945,55.85476]]},"properties":{"c":2828,"n":4194}},{"type":"Feature","geometry":{"type":"LineString","coordinates":[[-4.3002,55.85108],[-4.29984,55.85113]]},"properties":{"c":564,"n":7296}},{"type":"Feature","geometry":{"type":"LineString","coordinates":[[-4.26435,55.85435],[-4.26427,55.85435]]},"properties":{"c":264,"n":8237}},{"type":"Feature","geometry":{"type":"LineString","coordinates":[[-4.24882,55.85484],[-4.24737,55.85491]]},"properties":{"c":2828,"n":4292}},{"type":"Feature","geometry":{"type":"LineString","coordinates":[[-4.25643,55.85335],[-4.25566,55.85322]]},"properties":{"c":83,"n":5832}},{"type":"Feature","geometry":{"type":"LineString","coordinates":[[-4.25853,55.85372],[-4.25735,55.85352]]},"properties":{"c":2131,"n":8193}},{"type":"Feature","geometry":{"type":"LineString","coordinates":[[-4.30394,55.85064],[-4.30167,55.85086]]},"properties":{"c":0,"n":1357}},{"type":"Feature","geometry":{"type":"LineString","coordinates":[[-4.26988,55.85407],[-4.26967,55.85408]]},"properties":{"c":6866,"n":15681}},{"type":"Feature","geometry":{"type":"LineString","coordinates":[[-4.31098,55.84984],[-4.30907,55.85016]]},"properties":{"c":192,"n":1633}},{"type":"Feature","geometry":{"type":"LineString","coordinates":[[-4.24904,55.85482],[-4.24882,55.85484]]},"properties":{"c":2828,"n":4292}},{"type":"Feature","geometry":{"type":"LineString","coordinates":[[-4.26967,55.85408],[-4.26859,55.85408]]},"properties":{"c":6866,"n":15681}},{"type":"Feature","geometry":{"type":"LineString","coordinates":[[-4.30167,55.85086],[-4.3002,55.85108]]},"properties":{"c":824,"n":8047}},{"type":"Feature","geometry":{"type":"LineString","coordinates":[[-4.25483,55.85308],[-4.25455,55.85338]]},"properties":{"c":83,"n":5832}},{"type":"Feature","geometry":{"type":"LineString","coordinates":[[-4.31112,55.84981],[-4.31098,55.84984]]},"properties":{"c":192,"n":1633}},{"type":"Feature","geometry":{"type":"LineString","coordinates":[[-4.2721,55.85387],[-4.27143,55.85391]]},"properties":{"c":6866,"n":15681}},{"type":"Feature","geometry":{"type":"LineString","coordinates":[[-4.30592,55.85046],[-4.30523,55.85052]]},"properties":{"c":0,"n":1357}},{"type":"Feature","geometry":{"type":"LineString","coordinates":[[-4.26427,55.85435],[-4.26383,55.85431]]},"properties":{"c":264,"n":8039}},{"type":"Feature","geometry":{"type":"LineString","coordinates":[[-4.28949,55.85362],[-4.28912,55.85365],[-4.28873,55.85375],[-4.28834,55.85399]]},"properties":{"c":1144,"n":5878}},{"type":"Feature","geometry":{"type":"LineString","coordinates":[[-4.27052,55.85946],[-4.27052,55.85956]]},"properties":{"c":483,"n":9351}},{"type":"Feature","geometry":{"type":"LineString","coordinates":[[-4.28974,55.85223],[-4.28955,55.85325]]},"properties":{"c":1180,"n":6402}},{"type":"Feature","geometry":{"type":"LineString","coordinates":[[-4.27053,55.85964],[-4.27054,55.85984]]},"properties":{"c":483,"n":9351}},{"type":"Feature","geometry":{"type":"LineString","coordinates":[[-4.27125,55.85673],[-4.27052,55.85677]]},"properties":{"c":4709,"n":5053}},{"type":"Feature","geometry":{"type":"LineString","coordinates":[[-4.2705,55.8576],[-4.27062,55.8586]]},"properties":{"c":211,"n":222}},{"type":"Feature","geometry":{"type":"LineString","coordinates":[[-4.27052,55.85956],[-4.27053,55.85964]]},"properties":{"c":483,"n":9351}},{"type":"Feature","geometry":{"type":"LineString","coordinates":[[-4.28955,55.85325],[-4.28949,55.85362]]},"properties":{"c":1144,"n":5878}},{"type":"Feature","geometry":{"type":"LineString","coordinates":[[-4.27047,55.85875],[-4.27052,55.85946]]},"properties":{"c":483,"n":9351}},{"type":"Feature","geometry":{"type":"LineString","coordinates":[[-4.27052,55.85677],[-4.2705,55.8576]]},"properties":{"c":211,"n":222}},{"type":"Feature","geometry":{"type":"LineString","coordinates":[[-4.27054,55.85984],[-4.27058,55.86022]]},"properties":{"c":483,"n":9351}},{"type":"Feature","geometry":{"type":"LineString","coordinates":[[-4.27062,55.8586],[-4.27047,55.8587]]},"properties":{"c":211,"n":222}},{"type":"Feature","geometry":{"type":"LineString","coordinates":[[-4.27047,55.8587],[-4.27047,55.85875]]},"properties":{"c":483,"n":9351}},{"type":"Feature","geometry":{"type":"LineString","coordinates":[[-4.30867,55.8681],[-4.30869,55.86816]]},"properties":{"c":0,"n":697}},{"type":"Feature","geometry":{"type":"LineString","coordinates":[[-4.30616,55.86781],[-4.30722,55.86808],[-4.30785,55.86814],[-4.30867,55.8681]]},"properties":{"c":0,"n":697}},{"type":"Feature","geometry":{"type":"LineString","coordinates":[[-4.25982,55.85643],[-4.25973,55.85652]]},"properties":{"c":9319,"n":18982}},{"type":"Feature","geometry":{"type":"LineString","coordinates":[[-4.26296,55.85649],[-4.26016,55.85628],[-4.25997,55.85629],[-4.25996,55.85635],[-4.26014,55.85651],[-4.25982,55.85643]]},"properties":{"c":12360,"n":19499}},{"type":"Feature","geometry":{"type":"LineString","coordinates":[[-4.26256,55.85887],[-4.26254,55.85892]]},"properties":{"c":109,"n":1972}},{"type":"Feature","geometry":{"type":"LineString","coordinates":[[-4.26272,55.85777],[-4.26267,55.85817]]},"properties":{"c":1156,"n":3463}},{"type":"Feature","geometry":{"type":"LineString","coordinates":[[-4.26286,55.85676],[-4.2628,55.85678]]},"properties":{"c":536,"n":6104}},{"type":"Feature","geometry":{"type":"LineString","coordinates":[[-4.26283,55.85686],[-4.26272,55.85777]]},"properties":{"c":1156,"n":3463}},{"type":"Feature","geometry":{"type":"LineString","coordinates":[[-4.26267,55.85817],[-4.26256,55.85887]]},"properties":{"c":1156,"n":3463}},{"type":"Feature","geometry":{"type":"LineString","coordinates":[[-4.26197,55.8605],[-4.26195,55.86055]]},"properties":{"c":109,"n":1972}},{"type":"Feature","geometry":{"type":"LineString","coordinates":[[-4.26222,55.85984],[-4.26209,55.86017]]},"properties":{"c":109,"n":1972}},{"type":"Feature","geometry":{"type":"LineString","coordinates":[[-4.26209,55.86017],[-4.26197,55.8605]]},"properties":{"c":109,"n":1972}},{"type":"Feature","geometry":{"type":"LineString","coordinates":[[-4.26289,55.85667],[-4.26289,55.85668]]},"properties":{"c":536,"n":2755}},{"type":"Feature","geometry":{"type":"LineString","coordinates":[[-4.2628,55.85678],[-4.26283,55.85686]]},"properties":{"c":536,"n":2818}},{"type":"Feature","geometry":{"type":"LineString","coordinates":[[-4.26254,55.85892],[-4.26239,55.85935]]},"properties":{"c":109,"n":1972}},{"type":"Feature","geometry":{"type":"LineString","coordinates":[[-4.26239,55.85935],[-4.26222,55.85984]]},"properties":{"c":109,"n":1972}},{"type":"Feature","geometry":{"type":"LineString","coordinates":[[-4.26326,55.85672],[-4.26286,55.85676]]},"properties":{"c":536,"n":6104}},{"type":"Feature","geometry":{"type":"LineString","coordinates":[[-4.27052,55.82782],[-4.27034,55.8278],[-4.27025,55.8277]]},"properties":{"c":0,"n":2064}},{"type":"Feature","geometry":{"type":"LineString","coordinates":[[-4.27071,55.82781],[-4.27052,55.82782]]},"properties":{"c":0,"n":2064}},{"type":"Feature","geometry":{"type":"LineString","coordinates":[[-4.27025,55.82768],[-4.26998,55.82758]]},"properties":{"c":0,"n":2064}},{"type":"Feature","geometry":{"type":"LineString","coordinates":[[-4.29706,55.83468],[-4.29661,55.83463]]},"properties":{"c":51,"n":927}},{"type":"Feature","geometry":{"type":"LineString","coordinates":[[-4.29717,55.83471],[-4.29706,55.83468]]},"properties":{"c":51,"n":927}},{"type":"Feature","geometry":{"type":"LineString","coordinates":[[-4.26998,55.82758],[-4.26988,55.82754]]},"properties":{"c":0,"n":2205}},{"type":"Feature","geometry":{"type":"LineString","coordinates":[[-4.298,55.83485],[-4.29728,55.83473]]},"properties":{"c":51,"n":927}},{"type":"Feature","geometry":{"type":"LineString","coordinates":[[-4.29728,55.83473],[-4.29717,55.83471]]},"properties":{"c":51,"n":927}},{"type":"Feature","geometry":{"type":"LineString","coordinates":[[-4.2713,55.82786],[-4.27071,55.82781]]},"properties":{"c":0,"n":2064}},{"type":"Feature","geometry":{"type":"LineString","coordinates":[[-4.29661,55.83463],[-4.29601,55.83457]]},"properties":{"c":51,"n":927}},{"type":"Feature","geometry":{"type":"LineString","coordinates":[[-4.27025,55.8277],[-4.27025,55.82768]]},"properties":{"c":0,"n":2064}},{"type":"Feature","geometry":{"type":"LineString","coordinates":[[-4.26216,55.86414],[-4.26227,55.86378]]},"properties":{"c":1850,"n":4668}},{"type":"Feature","geometry":{"type":"LineString","coordinates":[[-4.29044,55.87768],[-4.28997,55.87791]]},"properties":{"c":635,"n":14477}},{"type":"Feature","geometry":{"type":"LineString","coordinates":[[-4.2995,55.87047],[-4.29873,55.87104]]},"properties":{"c":722,"n":10555}},{"type":"Feature","geometry":{"type":"LineString","coordinates":[[-4.29873,55.87104],[-4.29837,55.87133]]},"properties":{"c":722,"n":10555}},{"type":"Feature","geometry":{"type":"LineString","coordinates":[[-4.29652,55.87276],[-4.29644,55.87284]]},"properties":{"c":722,"n":10566}},{"type":"Feature","geometry":{"type":"LineString","coordinates":[[-4.30073,55.86801],[-4.30025,55.86817]]},"properties":{"c":1185,"n":3517}},{"type":"Feature","geometry":{"type":"LineString","coordinates":[[-4.29079,55.87748],[-4.29053,55.87763]]},"properties":{"c":635,"n":14477}},{"type":"Feature","geometry":{"type":"LineString","coordinates":[[-4.29725,55.87221],[-4.29658,55.87272]]},"properties":{"c":722,"n":10566}},{"type":"Feature","geometry":{"type":"LineString","coordinates":[[-4.29837,55.87133],[-4.29795,55.87166]]},"properties":{"c":722,"n":10555}},{"type":"Feature","geometry":{"type":"LineString","coordinates":[[-4.30025,55.86817],[-4.30015,55.86844],[-4.30061,55.86962]]},"properties":{"c":1185,"n":3517}},{"type":"Feature","geometry":{"type":"LineString","coordinates":[[-4.29644,55.87284],[-4.29584,55.87335]]},"properties":{"c":288,"n":2641}},{"type":"Feature","geometry":{"type":"LineString","coordinates":[[-4.30126,55.86784],[-4.30073,55.86801]]},"properties":{"c":1185,"n":3517}},{"type":"Feature","geometry":{"type":"LineString","coordinates":[[-4.29795,55.87166],[-4.29734,55.87214]]},"properties":{"c":722,"n":10555}},{"type":"Feature","geometry":{"type":"LineString","coordinates":[[-4.29658,55.87272],[-4.29652,55.87276]]},"properties":{"c":722,"n":10566}},{"type":"Feature","geometry":{"type":"LineString","coordinates":[[-4.29053,55.87763],[-4.29044,55.87768]]},"properties":{"c":635,"n":14477}},{"type":"Feature","geometry":{"type":"LineString","coordinates":[[-4.29734,55.87214],[-4.29725,55.87221]]},"properties":{"c":722,"n":10566}},{"type":"Feature","geometry":{"type":"LineString","coordinates":[[-4.29584,55.87335],[-4.29501,55.87407]]},"properties":{"c":288,"n":2641}},{"type":"Feature","geometry":{"type":"LineString","coordinates":[[-4.2919,55.87685],[-4.29121,55.87726]]},"properties":{"c":635,"n":14477}},{"type":"Feature","geometry":{"type":"LineString","coordinates":[[-4.29121,55.87726],[-4.29079,55.87748]]},"properties":{"c":635,"n":14477}},{"type":"Feature","geometry":{"type":"LineString","coordinates":[[-4.24545,55.84958],[-4.24327,55.84884]]},"properties":{"c":1140,"n":5079}},{"type":"Feature","geometry":{"type":"LineString","coordinates":[[-4.23902,55.84729],[-4.23818,55.84701]]},"properties":{"c":917,"n":4537}},{"type":"Feature","geometry":{"type":"LineString","coordinates":[[-4.24094,55.84802],[-4.23985,55.84764]]},"properties":{"c":1140,"n":5079}},{"type":"Feature","geometry":{"type":"LineString","coordinates":[[-4.2366,55.84644],[-4.23653,55.84643]]},"properties":{"c":917,"n":4537}},{"type":"Feature","geometry":{"type":"LineString","coordinates":[[-4.24236,55.84853],[-4.24094,55.84802]]},"properties":{"c":1140,"n":5079}},{"type":"Feature","geometry":{"type":"LineString","coordinates":[[-4.23818,55.84701],[-4.2366,55.84644]]},"properties":{"c":917,"n":4537}},{"type":"Feature","geometry":{"type":"LineString","coordinates":[[-4.23653,55.84643],[-4.23612,55.84636],[-4.23549,55.84636]]},"properties":{"c":917,"n":4537}},{"type":"Feature","geometry":{"type":"LineString","coordinates":[[-4.23985,55.84764],[-4.23902,55.84729]]},"properties":{"c":397,"n":2141}},{"type":"Feature","geometry":{"type":"LineString","coordinates":[[-4.24327,55.84884],[-4.24236,55.84853]]},"properties":{"c":1140,"n":5079}},{"type":"Feature","geometry":{"type":"LineString","coordinates":[[-4.24804,55.85045],[-4.24545,55.84958]]},"properties":{"c":1140,"n":4694}},{"type":"Feature","geometry":{"type":"LineString","coordinates":[[-4.27301,55.85666],[-4.27055,55.8566]]},"properties":{"c":8549,"n":4974}},{"type":"Feature","geometry":{"type":"LineString","coordinates":[[-4.27355,55.8568],[-4.27301,55.85666]]},"properties":{"c":4223,"n":2067}},{"type":"Feature","geometry":{"type":"LineString","coordinates":[[-4.27055,55.8566],[-4.26885,55.85663]]},"properties":{"c":8549,"n":4974}},{"type":"Feature","geometry":{"type":"LineString","coordinates":[[-4.29365,55.82891],[-4.29318,55.82905]]},"properties":{"c":0,"n":711}},{"type":"Feature","geometry":{"type":"LineString","coordinates":[[-4.2892,55.82737],[-4.28863,55.82723]]},"properties":{"c":0,"n":566}},{"type":"Feature","geometry":{"type":"LineString","coordinates":[[-4.27028,55.81938],[-4.26856,55.81873]]},"properties":{"c":0,"n":953}},{"type":"Feature","geometry":{"type":"LineString","coordinates":[[-4.27272,55.82028],[-4.27216,55.82007]]},"properties":{"c":0,"n":953}},{"type":"Feature","geometry":{"type":"LineString","coordinates":[[-4.27216,55.82007],[-4.27125,55.81973]]},"properties":{"c":0,"n":953}},{"type":"Feature","geometry":{"type":"LineString","coordinates":[[-4.26824,55.8186],[-4.26742,55.8183],[-4.26719,55.81814]]},"properties":{"c":0,"n":953}},{"type":"Feature","geometry":{"type":"LineString","coordinates":[[-4.2852,55.82664],[-4.28564,55.82608]]},"properties":{"c":0,"n":459}},{"type":"Feature","geometry":{"type":"LineString","coordinates":[[-4.28454,55.82586],[-4.28328,55.82561]]},"properties":{"c":0,"n":459}},{"type":"Feature","geometry":{"type":"LineString","coordinates":[[-4.28762,55.8269],[-4.2852,55.82664]]},"properties":{"c":0,"n":459}},{"type":"Feature","geometry":{"type":"LineString","coordinates":[[-4.28336,55.82503],[-4.28289,55.8244]]},"properties":{"c":0,"n":953}},{"type":"Feature","geometry":{"type":"LineString","coordinates":[[-4.28216,55.82392],[-4.28107,55.82351]]},"properties":{"c":0,"n":953}},{"type":"Feature","geometry":{"type":"LineString","coordinates":[[-4.29318,55.82905],[-4.29274,55.82816]]},"properties":{"c":0,"n":711}},{"type":"Feature","geometry":{"type":"LineString","coordinates":[[-4.29136,55.82833],[-4.29132,55.82817]]},"properties":{"c":0,"n":192}},{"type":"Feature","geometry":{"type":"LineString","coordinates":[[-4.2808,55.82343],[-4.27904,55.82296],[-4.27721,55.82259]]},"properties":{"c":0,"n":953}},{"type":"Feature","geometry":{"type":"LineString","coordinates":[[-4.28329,55.82558],[-4.28336,55.82503]]},"properties":{"c":0,"n":846}},{"type":"Feature","geometry":{"type":"LineString","coordinates":[[-4.28564,55.82608],[-4.28454,55.82586]]},"properties":{"c":0,"n":459}},{"type":"Feature","geometry":{"type":"LineString","coordinates":[[-4.28328,55.82561],[-4.28329,55.82558]]},"properties":{"c":0,"n":846}},{"type":"Feature","geometry":{"type":"LineString","coordinates":[[-4.26433,55.81798],[-4.26311,55.81744]]},"properties":{"c":0,"n":499}},{"type":"Feature","geometry":{"type":"LineString","coordinates":[[-4.28289,55.8244],[-4.28216,55.82392]]},"properties":{"c":0,"n":953}},{"type":"Feature","geometry":{"type":"LineString","coordinates":[[-4.26679,55.81819],[-4.26546,55.81823]]},"properties":{"c":0,"n":499}},{"type":"Feature","geometry":{"type":"LineString","coordinates":[[-4.26546,55.81823],[-4.26503,55.81818],[-4.26433,55.81798]]},"properties":{"c":0,"n":499}},{"type":"Feature","geometry":{"type":"LineString","coordinates":[[-4.27125,55.81973],[-4.27076,55.81955]]},"properties":{"c":0,"n":953}},{"type":"Feature","geometry":{"type":"LineString","coordinates":[[-4.27735,55.82245],[-4.27767,55.82175]]},"properties":{"c":0,"n":953}},{"type":"Feature","geometry":{"type":"LineString","coordinates":[[-4.29581,55.82827],[-4.29491,55.82854]]},"properties":{"c":0,"n":711}},{"type":"Feature","geometry":{"type":"LineString","coordinates":[[-4.27721,55.82259],[-4.27735,55.82245]]},"properties":{"c":0,"n":953}},{"type":"Feature","geometry":{"type":"LineString","coordinates":[[-4.28863,55.82723],[-4.2876,55.82698]]},"properties":{"c":0,"n":459}},{"type":"Feature","geometry":{"type":"LineString","coordinates":[[-4.26719,55.81814],[-4.26679,55.81819]]},"properties":{"c":0,"n":499}},{"type":"Feature","geometry":{"type":"LineString","coordinates":[[-4.27323,55.82047],[-4.27272,55.82028]]},"properties":{"c":0,"n":953}},{"type":"Feature","geometry":{"type":"LineString","coordinates":[[-4.28107,55.82351],[-4.2808,55.82343]]},"properties":{"c":0,"n":953}},{"type":"Feature","geometry":{"type":"LineString","coordinates":[[-4.27767,55.82175],[-4.27518,55.82121],[-4.27323,55.82047]]},"properties":{"c":0,"n":953}},{"type":"Feature","geometry":{"type":"LineString","coordinates":[[-4.27076,55.81955],[-4.27028,55.81938]]},"properties":{"c":0,"n":953}},{"type":"Feature","geometry":{"type":"LineString","coordinates":[[-4.26856,55.81873],[-4.26824,55.8186]]},"properties":{"c":0,"n":953}},{"type":"Feature","geometry":{"type":"LineString","coordinates":[[-4.2876,55.82698],[-4.28762,55.8269]]},"properties":{"c":0,"n":459}},{"type":"Feature","geometry":{"type":"LineString","coordinates":[[-4.29132,55.82817],[-4.291,55.82798],[-4.2892,55.82737]]},"properties":{"c":0,"n":192}},{"type":"Feature","geometry":{"type":"LineString","coordinates":[[-4.29491,55.82854],[-4.29365,55.82891]]},"properties":{"c":0,"n":711}},{"type":"Feature","geometry":{"type":"LineString","coordinates":[[-4.30465,55.85416],[-4.3042,55.85475]]},"properties":{"c":192,"n":1420}},{"type":"Feature","geometry":{"type":"LineString","coordinates":[[-4.29489,55.85544],[-4.2931,55.85616]]},"properties":{"c":430,"n":2061}},{"type":"Feature","geometry":{"type":"LineString","coordinates":[[-4.29749,55.85526],[-4.29625,55.85522]]},"properties":{"c":951,"n":2439}},{"type":"Feature","geometry":{"type":"LineString","coordinates":[[-4.28327,55.86167],[-4.28311,55.86211]]},"properties":{"c":4543,"n":10051}},{"type":"Feature","geometry":{"type":"LineString","coordinates":[[-4.3065,55.85169],[-4.30647,55.85176]]},"properties":{"c":192,"n":276}},{"type":"Feature","geometry":{"type":"LineString","coordinates":[[-4.29279,55.85628],[-4.29238,55.85642]]},"properties":{"c":0,"n":1971}},{"type":"Feature","geometry":{"type":"LineString","coordinates":[[-4.28118,55.86399],[-4.28138,55.86482]]},"properties":{"c":670,"n":3401}},{"type":"Feature","geometry":{"type":"LineString","coordinates":[[-4.28091,55.86486],[-4.28042,55.86489]]},"properties":{"c":670,"n":2893}},{"type":"Feature","geometry":{"type":"LineString","coordinates":[[-4.28179,55.86396],[-4.28118,55.86399]]},"properties":{"c":670,"n":2893}},{"type":"Feature","geometry":{"type":"LineString","coordinates":[[-4.2906,55.85678],[-4.29055,55.85684]]},"properties":{"c":0,"n":1337}},{"type":"Feature","geometry":{"type":"LineString","coordinates":[[-4.28311,55.86211],[-4.28296,55.86258]]},"properties":{"c":4543,"n":10051}},{"type":"Feature","geometry":{"type":"LineString","coordinates":[[-4.28317,55.86146],[-4.2833,55.86159],[-4.28327,55.86167]]},"properties":{"c":4543,"n":10051}},{"type":"Feature","geometry":{"type":"LineString","coordinates":[[-4.30716,55.85035],[-4.30684,55.85104]]},"properties":{"c":192,"n":276}},{"type":"Feature","geometry":{"type":"LineString","coordinates":[[-4.3064,55.85186],[-4.30568,55.85293]]},"properties":{"c":192,"n":276}},{"type":"Feature","geometry":{"type":"LineString","coordinates":[[-4.28718,55.85904],[-4.28695,55.85944],[-4.28697,55.85998]]},"properties":{"c":4543,"n":9195}},{"type":"Feature","geometry":{"type":"LineString","coordinates":[[-4.28296,55.86258],[-4.28294,55.86263]]},"properties":{"c":4543,"n":10051}},{"type":"Feature","geometry":{"type":"LineString","coordinates":[[-4.30568,55.85293],[-4.30524,55.85336]]},"properties":{"c":192,"n":1420}},{"type":"Feature","geometry":{"type":"LineString","coordinates":[[-4.3042,55.85475],[-4.30237,55.85436]]},"properties":{"c":192,"n":276}},{"type":"Feature","geometry":{"type":"LineString","coordinates":[[-4.30181,55.85425],[-4.30061,55.85401]]},"properties":{"c":192,"n":276}},{"type":"Feature","geometry":{"type":"LineString","coordinates":[[-4.28697,55.85998],[-4.28585,55.86172],[-4.28345,55.86117],[-4.28317,55.86146]]},"properties":{"c":4543,"n":9195}},{"type":"Feature","geometry":{"type":"LineString","coordinates":[[-4.28281,55.86312],[-4.28137,55.86341]]},"properties":{"c":2251,"n":4921}},{"type":"Feature","geometry":{"type":"LineString","coordinates":[[-4.30647,55.85176],[-4.3064,55.85186]]},"properties":{"c":192,"n":276}},{"type":"Feature","geometry":{"type":"LineString","coordinates":[[-4.28042,55.86489],[-4.28013,55.86494]]},"properties":{"c":670,"n":2893}},{"type":"Feature","geometry":{"type":"LineString","coordinates":[[-4.2931,55.85616],[-4.29279,55.85628]]},"properties":{"c":0,"n":1971}},{"type":"Feature","geometry":{"type":"LineString","coordinates":[[-4.30499,55.8537],[-4.30478,55.85398]]},"properties":{"c":192,"n":1420}},{"type":"Feature","geometry":{"type":"LineString","coordinates":[[-4.30061,55.85401],[-4.30033,55.85477]]},"properties":{"c":2016,"n":2525}},{"type":"Feature","geometry":{"type":"LineString","coordinates":[[-4.30237,55.85436],[-4.30181,55.85425]]},"properties":{"c":192,"n":276}},{"type":"Feature","geometry":{"type":"LineString","coordinates":[[-4.29966,55.85586],[-4.29922,55.85562],[-4.29833,55.85541]]},"properties":{"c":951,"n":2439}},{"type":"Feature","geometry":{"type":"LineString","coordinates":[[-4.30684,55.85104],[-4.3065,55.85169]]},"properties":{"c":192,"n":276}},{"type":"Feature","geometry":{"type":"LineString","coordinates":[[-4.28137,55.86341],[-4.28094,55.86352],[-4.28089,55.86368]]},"properties":{"c":1061,"n":2660}},{"type":"Feature","geometry":{"type":"LineString","coordinates":[[-4.28013,55.86494],[-4.28004,55.86497]]},"properties":{"c":670,"n":2098}},{"type":"Feature","geometry":{"type":"LineString","coordinates":[[-4.30478,55.85398],[-4.30465,55.85416]]},"properties":{"c":192,"n":1420}},{"type":"Feature","geometry":{"type":"LineString","coordinates":[[-4.30524,55.85336],[-4.30499,55.8537]]},"properties":{"c":192,"n":1420}},{"type":"Feature","geometry":{"type":"LineString","coordinates":[[-4.30033,55.85477],[-4.29997,55.8557],[-4.29966,55.85586]]},"properties":{"c":2016,"n":2525}},{"type":"Feature","geometry":{"type":"LineString","coordinates":[[-4.29833,55.85541],[-4.29749,55.85526]]},"properties":{"c":951,"n":2439}},{"type":"Feature","geometry":{"type":"LineString","coordinates":[[-4.29625,55.85522],[-4.29489,55.85544]]},"properties":{"c":882,"n":1514}},{"type":"Feature","geometry":{"type":"LineString","coordinates":[[-4.28294,55.86263],[-4.28281,55.86312]]},"properties":{"c":4543,"n":10051}},{"type":"Feature","geometry":{"type":"LineString","coordinates":[[-4.28138,55.86482],[-4.28091,55.86486]]},"properties":{"c":670,"n":2893}},{"type":"Feature","geometry":{"type":"LineString","coordinates":[[-4.32605,55.84178],[-4.32784,55.84202]]},"properties":{"c":0,"n":99}},{"type":"Feature","geometry":{"type":"LineString","coordinates":[[-4.3291,55.84097],[-4.32954,55.84032]]},"properties":{"c":0,"n":99}},{"type":"Feature","geometry":{"type":"LineString","coordinates":[[-4.31795,55.84138],[-4.32159,55.84196]]},"properties":{"c":0,"n":221}},{"type":"Feature","geometry":{"type":"LineString","coordinates":[[-4.32441,55.84241],[-4.32503,55.84164]]},"properties":{"c":0,"n":99}},{"type":"Feature","geometry":{"type":"LineString","coordinates":[[-4.31567,55.84496],[-4.31581,55.84482]]},"properties":{"c":0,"n":223}},{"type":"Feature","geometry":{"type":"LineString","coordinates":[[-4.31603,55.84621],[-4.31553,55.84587],[-4.31529,55.84545]]},"properties":{"c":0,"n":223}},{"type":"Feature","geometry":{"type":"LineString","coordinates":[[-4.31581,55.84482],[-4.31606,55.84432]]},"properties":{"c":0,"n":223}},{"type":"Feature","geometry":{"type":"LineString","coordinates":[[-4.31529,55.84545],[-4.31567,55.84496]]},"properties":{"c":0,"n":223}},{"type":"Feature","geometry":{"type":"LineString","coordinates":[[-4.33029,55.83971],[-4.33091,55.83945],[-4.33198,55.83921]]},"properties":{"c":0,"n":99}},{"type":"Feature","geometry":{"type":"LineString","coordinates":[[-4.32503,55.84164],[-4.32605,55.84178]]},"properties":{"c":0,"n":99}},{"type":"Feature","geometry":{"type":"LineString","coordinates":[[-4.31606,55.84432],[-4.31795,55.84138]]},"properties":{"c":0,"n":99}},{"type":"Feature","geometry":{"type":"LineString","coordinates":[[-4.31459,55.84768],[-4.31519,55.84731],[-4.31603,55.84621]]},"properties":{"c":0,"n":279}},{"type":"Feature","geometry":{"type":"LineString","coordinates":[[-4.32954,55.84032],[-4.32995,55.83992],[-4.33029,55.83971]]},"properties":{"c":0,"n":99}},{"type":"Feature","geometry":{"type":"LineString","coordinates":[[-4.32784,55.84202],[-4.32876,55.84138],[-4.3291,55.84097]]},"properties":{"c":0,"n":99}},{"type":"Feature","geometry":{"type":"LineString","coordinates":[[-4.33198,55.83921],[-4.33287,55.83917],[-4.33294,55.83911]]},"properties":{"c":0,"n":99}},{"type":"Feature","geometry":{"type":"LineString","coordinates":[[-4.32159,55.84196],[-4.3217,55.84179]]},"properties":{"c":0,"n":99}},{"type":"Feature","geometry":{"type":"LineString","coordinates":[[-4.24503,55.83507],[-4.24471,55.83502]]},"properties":{"c":0,"n":1294}},{"type":"Feature","geometry":{"type":"LineString","coordinates":[[-4.2727,55.83775],[-4.27221,55.83777]]},"properties":{"c":1928,"n":2980}},{"type":"Feature","geometry":{"type":"LineString","coordinates":[[-4.26349,55.83637],[-4.26223,55.83615]]},"properties":{"c":0,"n":704}},{"type":"Feature","geometry":{"type":"LineString","coordinates":[[-4.30624,55.84616],[-4.30547,55.84606]]},"properties":{"c":125,"n":2768}},{"type":"Feature","geometry":{"type":"LineString","coordinates":[[-4.24683,55.83532],[-4.24569,55.83516]]},"properties":{"c":0,"n":1294}},{"type":"Feature","geometry":{"type":"LineString","coordinates":[[-4.26734,55.83695],[-4.26666,55.83691]]},"properties":{"c":0,"n":366}},{"type":"Feature","geometry":{"type":"LineString","coordinates":[[-4.30803,55.84628],[-4.30624,55.84616]]},"properties":{"c":125,"n":957}},{"type":"Feature","geometry":{"type":"LineString","coordinates":[[-4.27191,55.83763],[-4.2717,55.83744],[-4.27126,55.83733]]},"properties":{"c":1928,"n":2980}},{"type":"Feature","geometry":{"type":"LineString","coordinates":[[-4.25683,55.83588],[-4.25565,55.83571]]},"properties":{"c":0,"n":580}},{"type":"Feature","geometry":{"type":"LineString","coordinates":[[-4.25833,55.83614],[-4.25683,55.83588]]},"properties":{"c":0,"n":580}},{"type":"Feature","geometry":{"type":"LineString","coordinates":[[-4.26223,55.83615],[-4.26106,55.83592]]},"properties":{"c":0,"n":704}},{"type":"Feature","geometry":{"type":"LineString","coordinates":[[-4.24888,55.83561],[-4.24869,55.83559]]},"properties":{"c":0,"n":1294}},{"type":"Feature","geometry":{"type":"LineString","coordinates":[[-4.27221,55.83777],[-4.272,55.83776],[-4.2719,55.83767]]},"properties":{"c":1928,"n":2980}},{"type":"Feature","geometry":{"type":"LineString","coordinates":[[-4.2541,55.83637],[-4.25309,55.83621]]},"properties":{"c":0,"n":1294}},{"type":"Feature","geometry":{"type":"LineString","coordinates":[[-4.25565,55.83571],[-4.25459,55.83554]]},"properties":{"c":0,"n":580}},{"type":"Feature","geometry":{"type":"LineString","coordinates":[[-4.26921,55.83702],[-4.26831,55.83697]]},"properties":{"c":0,"n":289}},{"type":"Feature","geometry":{"type":"LineString","coordinates":[[-4.25309,55.83621],[-4.25063,55.83587]]},"properties":{"c":0,"n":1294}},{"type":"Feature","geometry":{"type":"LineString","coordinates":[[-4.24797,55.83549],[-4.24715,55.83537]]},"properties":{"c":0,"n":1294}},{"type":"Feature","geometry":{"type":"LineString","coordinates":[[-4.26666,55.83691],[-4.26599,55.83686]]},"properties":{"c":0,"n":366}},{"type":"Feature","geometry":{"type":"LineString","coordinates":[[-4.26599,55.83686],[-4.26537,55.83674]]},"properties":{"c":0,"n":366}},{"type":"Feature","geometry":{"type":"LineString","coordinates":[[-4.24715,55.83537],[-4.24683,55.83532]]},"properties":{"c":0,"n":1294}},{"type":"Feature","geometry":{"type":"LineString","coordinates":[[-4.25987,55.8357],[-4.25868,55.83548]]},"properties":{"c":0,"n":704}},{"type":"Feature","geometry":{"type":"LineString","coordinates":[[-4.27017,55.83713],[-4.26921,55.83702]]},"properties":{"c":1928,"n":2980}},{"type":"Feature","geometry":{"type":"LineString","coordinates":[[-4.25063,55.83587],[-4.24938,55.83568]]},"properties":{"c":0,"n":1294}},{"type":"Feature","geometry":{"type":"LineString","coordinates":[[-4.3102,55.84657],[-4.30963,55.84635]]},"properties":{"c":125,"n":957}},{"type":"Feature","geometry":{"type":"LineString","coordinates":[[-4.26106,55.83592],[-4.25987,55.8357]]},"properties":{"c":0,"n":704}},{"type":"Feature","geometry":{"type":"LineString","coordinates":[[-4.24938,55.83568],[-4.24888,55.83561]]},"properties":{"c":0,"n":1294}},{"type":"Feature","geometry":{"type":"LineString","coordinates":[[-4.27126,55.83733],[-4.27017,55.83713]]},"properties":{"c":1928,"n":2980}},{"type":"Feature","geometry":{"type":"LineString","coordinates":[[-4.25868,55.83548],[-4.25833,55.83614]]},"properties":{"c":0,"n":580}},{"type":"Feature","geometry":{"type":"LineString","coordinates":[[-4.25459,55.83554],[-4.2541,55.83637]]},"properties":{"c":0,"n":580}},{"type":"Feature","geometry":{"type":"LineString","coordinates":[[-4.26799,55.83698],[-4.26734,55.83695]]},"properties":{"c":0,"n":366}},{"type":"Feature","geometry":{"type":"LineString","coordinates":[[-4.24569,55.83516],[-4.24545,55.83513]]},"properties":{"c":0,"n":1294}},{"type":"Feature","geometry":{"type":"LineString","coordinates":[[-4.24545,55.83513],[-4.24503,55.83507]]},"properties":{"c":0,"n":1294}},{"type":"Feature","geometry":{"type":"LineString","coordinates":[[-4.30963,55.84635],[-4.30803,55.84628]]},"properties":{"c":125,"n":957}},{"type":"Feature","geometry":{"type":"LineString","coordinates":[[-4.24869,55.83559],[-4.24797,55.83549]]},"properties":{"c":0,"n":1294}},{"type":"Feature","geometry":{"type":"LineString","coordinates":[[-4.26537,55.83674],[-4.26516,55.83669]]},"properties":{"c":0,"n":366}},{"type":"Feature","geometry":{"type":"LineString","coordinates":[[-4.26465,55.83659],[-4.26437,55.83654]]},"properties":{"c":0,"n":704}},{"type":"Feature","geometry":{"type":"LineString","coordinates":[[-4.26414,55.83649],[-4.26349,55.83637]]},"properties":{"c":0,"n":704}},{"type":"Feature","geometry":{"type":"LineString","coordinates":[[-4.26487,55.83663],[-4.26475,55.83661]]},"properties":{"c":0,"n":366}},{"type":"Feature","geometry":{"type":"LineString","coordinates":[[-4.26516,55.83669],[-4.26487,55.83663]]},"properties":{"c":0,"n":366}},{"type":"Feature","geometry":{"type":"LineString","coordinates":[[-4.26831,55.83697],[-4.26799,55.83698]]},"properties":{"c":0,"n":289}},{"type":"Feature","geometry":{"type":"LineString","coordinates":[[-4.26437,55.83654],[-4.26414,55.83649]]},"properties":{"c":0,"n":704}},{"type":"Feature","geometry":{"type":"LineString","coordinates":[[-4.26475,55.83661],[-4.26465,55.83659]]},"properties":{"c":0,"n":704}},{"type":"Feature","geometry":{"type":"LineString","coordinates":[[-4.27218,55.8408],[-4.27107,55.84065]]},"properties":{"c":0,"n":153}},{"type":"Feature","geometry":{"type":"LineString","coordinates":[[-4.27107,55.84065],[-4.27062,55.84175]]},"properties":{"c":0,"n":153}},{"type":"Feature","geometry":{"type":"LineString","coordinates":[[-4.29526,55.85569],[-4.29503,55.85601]]},"properties":{"c":452,"n":87}},{"type":"Feature","geometry":{"type":"LineString","coordinates":[[-4.29449,55.85676],[-4.29416,55.85722]]},"properties":{"c":618,"n":723}},{"type":"Feature","geometry":{"type":"LineString","coordinates":[[-4.29471,55.85645],[-4.29449,55.85676]]},"properties":{"c":618,"n":723}},{"type":"Feature","geometry":{"type":"LineString","coordinates":[[-4.29503,55.85601],[-4.29494,55.85614]]},"properties":{"c":452,"n":87}},{"type":"Feature","geometry":{"type":"LineString","coordinates":[[-4.29489,55.85544],[-4.29501,55.85559],[-4.29526,55.85569]]},"properties":{"c":452,"n":721}},{"type":"Feature","geometry":{"type":"LineString","coordinates":[[-4.29494,55.85614],[-4.29471,55.85645]]},"properties":{"c":452,"n":87}},{"type":"Feature","geometry":{"type":"LineString","coordinates":[[-4.29067,55.84612],[-4.28976,55.84595]]},"properties":{"c":0,"n":352}},{"type":"Feature","geometry":{"type":"LineString","coordinates":[[-4.28852,55.84572],[-4.28687,55.84559],[-4.28656,55.84573],[-4.28647,55.8457]]},"properties":{"c":0,"n":155}},{"type":"Feature","geometry":{"type":"LineString","coordinates":[[-4.28976,55.84595],[-4.28852,55.84572]]},"properties":{"c":0,"n":352}},{"type":"Feature","geometry":{"type":"LineString","coordinates":[[-4.30033,55.84401],[-4.29983,55.84453],[-4.29856,55.84529],[-4.29783,55.84565],[-4.29581,55.84637]]},"properties":{"c":0,"n":352}},{"type":"Feature","geometry":{"type":"LineString","coordinates":[[-4.27608,55.84603],[-4.27541,55.84603],[-4.27508,55.8461]]},"properties":{"c":0,"n":2226}},{"type":"Feature","geometry":{"type":"LineString","coordinates":[[-4.29219,55.84641],[-4.29067,55.84612]]},"properties":{"c":0,"n":352}},{"type":"Feature","geometry":{"type":"LineString","coordinates":[[-4.29581,55.84637],[-4.2951,55.84655],[-4.29385,55.84665]]},"properties":{"c":0,"n":352}},{"type":"Feature","geometry":{"type":"LineString","coordinates":[[-4.29385,55.84665],[-4.29281,55.84654],[-4.29219,55.84641]]},"properties":{"c":0,"n":352}},{"type":"Feature","geometry":{"type":"LineString","coordinates":[[-4.25868,55.83548],[-4.25752,55.83527]]},"properties":{"c":0,"n":124}},{"type":"Feature","geometry":{"type":"LineString","coordinates":[[-4.25752,55.83527],[-4.25641,55.83504]]},"properties":{"c":0,"n":124}},{"type":"Feature","geometry":{"type":"LineString","coordinates":[[-4.24848,55.8307],[-4.24835,55.8307]]},"properties":{"c":0,"n":852}},{"type":"Feature","geometry":{"type":"LineString","coordinates":[[-4.30087,55.86978],[-4.30046,55.8704]]},"properties":{"c":68,"n":1647}},{"type":"Feature","geometry":{"type":"LineString","coordinates":[[-4.30046,55.8704],[-4.30044,55.87043]]},"properties":{"c":116,"n":2863}},{"type":"Feature","geometry":{"type":"LineString","coordinates":[[-4.30044,55.87043],[-4.3003,55.87068]]},"properties":{"c":116,"n":2863}},{"type":"Feature","geometry":{"type":"LineString","coordinates":[[-4.29664,55.86803],[-4.296,55.86851]]},"properties":{"c":62,"n":2140}},{"type":"Feature","geometry":{"type":"LineString","coordinates":[[-4.29387,55.8694],[-4.29365,55.86942]]},"properties":{"c":62,"n":2140}},{"type":"Feature","geometry":{"type":"LineString","coordinates":[[-4.29381,55.87016],[-4.29257,55.87058],[-4.29205,55.87066],[-4.29152,55.87067],[-4.29012,55.87054],[-4.28834,55.87004],[-4.2875,55.86999],[-4.28632,55.87]]},"properties":{"c":62,"n":841}},{"type":"Feature","geometry":{"type":"LineString","coordinates":[[-4.296,55.86851],[-4.29525,55.86901],[-4.29482,55.86917],[-4.29387,55.8694]]},"properties":{"c":62,"n":2140}},{"type":"Feature","geometry":{"type":"LineString","coordinates":[[-4.29331,55.86944],[-4.29381,55.87016]]},"properties":{"c":62,"n":841}},{"type":"Feature","geometry":{"type":"LineString","coordinates":[[-4.29667,55.86798],[-4.29664,55.86803]]},"properties":{"c":62,"n":2140}},{"type":"Feature","geometry":{"type":"LineString","coordinates":[[-4.28281,55.86312],[-4.2833,55.86313],[-4.28366,55.86323],[-4.2847,55.86374]]},"properties":{"c":2292,"n":5130}},{"type":"Feature","geometry":{"type":"LineString","coordinates":[[-4.2847,55.86374],[-4.28547,55.8641]]},"properties":{"c":2292,"n":5130}},{"type":"Feature","geometry":{"type":"LineString","coordinates":[[-4.2852,55.86444],[-4.2848,55.86491]]},"properties":{"c":2292,"n":3719}},{"type":"Feature","geometry":{"type":"LineString","coordinates":[[-4.28547,55.8641],[-4.28522,55.86441]]},"properties":{"c":2292,"n":5130}},{"type":"Feature","geometry":{"type":"LineString","coordinates":[[-4.28522,55.86441],[-4.2852,55.86444]]},"properties":{"c":2292,"n":5130}},{"type":"Feature","geometry":{"type":"LineString","coordinates":[[-4.31603,55.84621],[-4.3169,55.84695],[-4.31723,55.84745],[-4.31718,55.84831],[-4.31728,55.84862]]},"properties":{"c":0,"n":304}},{"type":"Feature","geometry":{"type":"LineString","coordinates":[[-4.2758,55.86441],[-4.27441,55.86454]]},"properties":{"c":374,"n":2446}},{"type":"Feature","geometry":{"type":"LineString","coordinates":[[-4.26589,55.83353],[-4.26537,55.83341]]},"properties":{"c":128,"n":1013}},{"type":"Feature","geometry":{"type":"LineString","coordinates":[[-4.26964,55.83578],[-4.27023,55.83544]]},"properties":{"c":630,"n":4843}},{"type":"Feature","geometry":{"type":"LineString","coordinates":[[-4.26764,55.83431],[-4.26781,55.83389]]},"properties":{"c":630,"n":1779}},{"type":"Feature","geometry":{"type":"LineString","coordinates":[[-4.27023,55.83544],[-4.26903,55.83473]]},"properties":{"c":630,"n":1874}},{"type":"Feature","geometry":{"type":"LineString","coordinates":[[-4.26903,55.83473],[-4.26824,55.83438],[-4.26764,55.83431]]},"properties":{"c":630,"n":1779}},{"type":"Feature","geometry":{"type":"LineString","coordinates":[[-4.27006,55.83602],[-4.26964,55.83578]]},"properties":{"c":630,"n":1951}},{"type":"Feature","geometry":{"type":"LineString","coordinates":[[-4.31898,55.85185],[-4.31883,55.8523]]},"properties":{"c":0,"n":163}},{"type":"Feature","geometry":{"type":"LineString","coordinates":[[-4.31879,55.85269],[-4.31844,55.85363],[-4.31859,55.85375],[-4.31893,55.85385]]},"properties":{"c":0,"n":14}},{"type":"Feature","geometry":{"type":"LineString","coordinates":[[-4.31944,55.85028],[-4.3191,55.85146]]},"properties":{"c":0,"n":163}},{"type":"Feature","geometry":{"type":"LineString","coordinates":[[-4.31904,55.85166],[-4.31898,55.85185]]},"properties":{"c":0,"n":163}},{"type":"Feature","geometry":{"type":"LineString","coordinates":[[-4.319,55.84832],[-4.31947,55.84836]]},"properties":{"c":0,"n":14}},{"type":"Feature","geometry":{"type":"LineString","coordinates":[[-4.31882,55.85233],[-4.31871,55.85269]]},"properties":{"c":0,"n":163}},{"type":"Feature","geometry":{"type":"LineString","coordinates":[[-4.31908,55.85156],[-4.31904,55.85166]]},"properties":{"c":0,"n":163}},{"type":"Feature","geometry":{"type":"LineString","coordinates":[[-4.3191,55.85146],[-4.31908,55.85156]]},"properties":{"c":0,"n":163}},{"type":"Feature","geometry":{"type":"LineString","coordinates":[[-4.31953,55.84981],[-4.31944,55.85028]]},"properties":{"c":0,"n":163}},{"type":"Feature","geometry":{"type":"LineString","coordinates":[[-4.31965,55.8485],[-4.31953,55.84884],[-4.31953,55.84981]]},"properties":{"c":0,"n":163}},{"type":"Feature","geometry":{"type":"LineString","coordinates":[[-4.31967,55.84847],[-4.31965,55.8485]]},"properties":{"c":0,"n":964}},{"type":"Feature","geometry":{"type":"LineString","coordinates":[[-4.31883,55.8523],[-4.31882,55.85233]]},"properties":{"c":0,"n":163}},{"type":"Feature","geometry":{"type":"LineString","coordinates":[[-4.31952,55.84835],[-4.31967,55.84847]]},"properties":{"c":0,"n":14}},{"type":"Feature","geometry":{"type":"LineString","coordinates":[[-4.31871,55.85269],[-4.31879,55.85269]]},"properties":{"c":0,"n":14}},{"type":"Feature","geometry":{"type":"LineString","coordinates":[[-4.26939,55.8369],[-4.26864,55.83637]]},"properties":{"c":1928,"n":2850}},{"type":"Feature","geometry":{"type":"LineString","coordinates":[[-4.26841,55.83659],[-4.26738,55.83612]]},"properties":{"c":1928,"n":2850}},{"type":"Feature","geometry":{"type":"LineString","coordinates":[[-4.26738,55.83612],[-4.26662,55.83576]]},"properties":{"c":1928,"n":2850}},{"type":"Feature","geometry":{"type":"LineString","coordinates":[[-4.26525,55.83559],[-4.26514,55.83558]]},"properties":{"c":1928,"n":5161}},{"type":"Feature","geometry":{"type":"LineString","coordinates":[[-4.26864,55.83637],[-4.26841,55.83659]]},"properties":{"c":1928,"n":2992}},{"type":"Feature","geometry":{"type":"LineString","coordinates":[[-4.26662,55.83576],[-4.26525,55.83559]]},"properties":{"c":1928,"n":2850}},{"type":"Feature","geometry":{"type":"LineString","coordinates":[[-4.30573,55.86557],[-4.30529,55.86581]]},"properties":{"c":486,"n":534}},{"type":"Feature","geometry":{"type":"LineString","coordinates":[[-4.30627,55.86585],[-4.30573,55.86557]]},"properties":{"c":486,"n":534}},{"type":"Feature","geometry":{"type":"LineString","coordinates":[[-4.28641,55.84568],[-4.28592,55.84607],[-4.28544,55.84631],[-4.28498,55.84642],[-4.28436,55.84647],[-4.28039,55.84639],[-4.27916,55.84631],[-4.27505,55.84584]]},"properties":{"c":0,"n":1078}},{"type":"Feature","geometry":{"type":"LineString","coordinates":[[-4.28647,55.8457],[-4.28641,55.84568]]},"properties":{"c":0,"n":883}},{"type":"Feature","geometry":{"type":"LineString","coordinates":[[-4.27636,55.84985],[-4.27618,55.84986]]},"properties":{"c":0,"n":15}},{"type":"Feature","geometry":{"type":"LineString","coordinates":[[-4.28852,55.84572],[-4.28785,55.84564]]},"properties":{"c":0,"n":197}},{"type":"Feature","geometry":{"type":"LineString","coordinates":[[-4.28785,55.84564],[-4.28667,55.84554]]},"properties":{"c":0,"n":197}},{"type":"Feature","geometry":{"type":"LineString","coordinates":[[-4.27746,55.86593],[-4.27631,55.86601]]},"properties":{"c":1118,"n":12904}},{"type":"Feature","geometry":{"type":"LineString","coordinates":[[-4.27231,55.86633],[-4.27162,55.8665]]},"properties":{"c":118,"n":1873}},{"type":"Feature","geometry":{"type":"LineString","coordinates":[[-4.27589,55.86604],[-4.27435,55.86614]]},"properties":{"c":1118,"n":11818}},{"type":"Feature","geometry":{"type":"LineString","coordinates":[[-4.27877,55.86585],[-4.27746,55.86593]]},"properties":{"c":1118,"n":12904}},{"type":"Feature","geometry":{"type":"LineString","coordinates":[[-4.27363,55.86619],[-4.27338,55.86625],[-4.27231,55.86633]]},"properties":{"c":118,"n":1873}},{"type":"Feature","geometry":{"type":"LineString","coordinates":[[-4.27631,55.86601],[-4.27589,55.86604]]},"properties":{"c":1118,"n":11818}},{"type":"Feature","geometry":{"type":"LineString","coordinates":[[-4.27396,55.86616],[-4.27363,55.86619]]},"properties":{"c":1118,"n":11818}},{"type":"Feature","geometry":{"type":"LineString","coordinates":[[-4.27435,55.86614],[-4.27396,55.86616]]},"properties":{"c":1118,"n":11818}},{"type":"Feature","geometry":{"type":"LineString","coordinates":[[-4.29644,55.87284],[-4.29636,55.87281]]},"properties":{"c":434,"n":7925}},{"type":"Feature","geometry":{"type":"LineString","coordinates":[[-4.29555,55.87276],[-4.29542,55.87276]]},"properties":{"c":434,"n":18514}},{"type":"Feature","geometry":{"type":"LineString","coordinates":[[-4.29542,55.87276],[-4.29517,55.87276]]},"properties":{"c":434,"n":18514}},{"type":"Feature","geometry":{"type":"LineString","coordinates":[[-4.29409,55.87273],[-4.29294,55.87271]]},"properties":{"c":434,"n":18469}},{"type":"Feature","geometry":{"type":"LineString","coordinates":[[-4.29636,55.87281],[-4.29555,55.87276]]},"properties":{"c":434,"n":18514}},{"type":"Feature","geometry":{"type":"LineString","coordinates":[[-4.29294,55.87271],[-4.29272,55.87276]]},"properties":{"c":434,"n":18469}},{"type":"Feature","geometry":{"type":"LineString","coordinates":[[-4.29272,55.87276],[-4.29263,55.87266],[-4.29209,55.87265],[-4.29191,55.8726]]},"properties":{"c":434,"n":12195}},{"type":"Feature","geometry":{"type":"LineString","coordinates":[[-4.29499,55.87275],[-4.29409,55.87273]]},"properties":{"c":434,"n":18469}},{"type":"Feature","geometry":{"type":"LineString","coordinates":[[-4.29517,55.87276],[-4.29499,55.87275]]},"properties":{"c":434,"n":18514}},{"type":"Feature","geometry":{"type":"LineString","coordinates":[[-4.30308,55.8669],[-4.30225,55.86631],[-4.30102,55.86508],[-4.30053,55.86474],[-4.29991,55.86443]]},"properties":{"c":0,"n":3854}},{"type":"Feature","geometry":{"type":"LineString","coordinates":[[-4.2965,55.86362],[-4.29623,55.86361],[-4.29479,55.86383]]},"properties":{"c":0,"n":3854}},{"type":"Feature","geometry":{"type":"LineString","coordinates":[[-4.29664,55.86343],[-4.2965,55.86362]]},"properties":{"c":0,"n":3854}},{"type":"Feature","geometry":{"type":"LineString","coordinates":[[-4.29991,55.86443],[-4.29973,55.86452],[-4.29876,55.86402],[-4.29779,55.8637],[-4.29664,55.86343]]},"properties":{"c":0,"n":3854}},{"type":"Feature","geometry":{"type":"LineString","coordinates":[[-4.29317,55.86408],[-4.29309,55.86409]]},"properties":{"c":0,"n":3854}},{"type":"Feature","geometry":{"type":"LineString","coordinates":[[-4.29479,55.86383],[-4.29449,55.8639]]},"properties":{"c":0,"n":3854}},{"type":"Feature","geometry":{"type":"LineString","coordinates":[[-4.29449,55.8639],[-4.29317,55.86408]]},"properties":{"c":0,"n":3854}},{"type":"Feature","geometry":{"type":"LineString","coordinates":[[-4.24573,55.86027],[-4.24585,55.86024]]},"properties":{"c":3114,"n":11549}},{"type":"Feature","geometry":{"type":"LineString","coordinates":[[-4.24567,55.86044],[-4.24573,55.86027]]},"properties":{"c":3308,"n":12273}},{"type":"Feature","geometry":{"type":"LineString","coordinates":[[-4.24545,55.86101],[-4.24567,55.86044]]},"properties":{"c":3308,"n":12273}},{"type":"Feature","geometry":{"type":"LineString","coordinates":[[-4.2431,55.86114],[-4.24314,55.86133]]},"properties":{"c":696,"n":14461}},{"type":"Feature","geometry":{"type":"LineString","coordinates":[[-4.24445,55.8624],[-4.24492,55.86246]]},"properties":{"c":696,"n":14461}},{"type":"Feature","geometry":{"type":"LineString","coordinates":[[-4.24383,55.86231],[-4.24445,55.8624]]},"properties":{"c":696,"n":14461}},{"type":"Feature","geometry":{"type":"LineString","coordinates":[[-4.24314,55.86133],[-4.24332,55.8622],[-4.24383,55.86231]]},"properties":{"c":696,"n":14461}},{"type":"Feature","geometry":{"type":"LineString","coordinates":[[-4.24304,55.86071],[-4.2431,55.86114]]},"properties":{"c":696,"n":14461}},{"type":"Feature","geometry":{"type":"LineString","coordinates":[[-4.22303,55.8558],[-4.22308,55.85569]]},"properties":{"c":0,"n":673}},{"type":"Feature","geometry":{"type":"LineString","coordinates":[[-4.22277,55.85627],[-4.22303,55.8558]]},"properties":{"c":0,"n":673}},{"type":"Feature","geometry":{"type":"LineString","coordinates":[[-4.22308,55.85569],[-4.22341,55.85497]]},"properties":{"c":0,"n":673}},{"type":"Feature","geometry":{"type":"LineString","coordinates":[[-4.22488,55.85733],[-4.22362,55.85712]]},"properties":{"c":0,"n":673}},{"type":"Feature","geometry":{"type":"LineString","coordinates":[[-4.22362,55.85712],[-4.22249,55.85692],[-4.22277,55.85627]]},"properties":{"c":0,"n":673}},{"type":"Feature","geometry":{"type":"LineString","coordinates":[[-4.21208,55.85829],[-4.21029,55.8582]]},"properties":{"c":0,"n":232}},{"type":"Feature","geometry":{"type":"LineString","coordinates":[[-4.21265,55.85831],[-4.21208,55.85829]]},"properties":{"c":0,"n":232}},{"type":"Feature","geometry":{"type":"LineString","coordinates":[[-4.20804,55.85808],[-4.20709,55.85802]]},"properties":{"c":0,"n":232}},{"type":"Feature","geometry":{"type":"LineString","coordinates":[[-4.20824,55.85809],[-4.20804,55.85808]]},"properties":{"c":0,"n":232}},{"type":"Feature","geometry":{"type":"LineString","coordinates":[[-4.21351,55.85835],[-4.21265,55.85831]]},"properties":{"c":0,"n":232}},{"type":"Feature","geometry":{"type":"LineString","coordinates":[[-4.20709,55.85802],[-4.20656,55.85799]]},"properties":{"c":0,"n":232}},{"type":"Feature","geometry":{"type":"LineString","coordinates":[[-4.21029,55.8582],[-4.20824,55.85809]]},"properties":{"c":0,"n":232}},{"type":"Feature","geometry":{"type":"LineString","coordinates":[[-4.25516,55.85025],[-4.25627,55.85038]]},"properties":{"c":0,"n":199}},{"type":"Feature","geometry":{"type":"LineString","coordinates":[[-4.25498,55.85025],[-4.25516,55.85025]]},"properties":{"c":0,"n":199}},{"type":"Feature","geometry":{"type":"LineString","coordinates":[[-4.25853,55.85065],[-4.25963,55.85079]]},"properties":{"c":0,"n":254}},{"type":"Feature","geometry":{"type":"LineString","coordinates":[[-4.25491,55.85037],[-4.25498,55.85025]]},"properties":{"c":0,"n":199}},{"type":"Feature","geometry":{"type":"LineString","coordinates":[[-4.26265,55.85113],[-4.26413,55.8513]]},"properties":{"c":0,"n":167}},{"type":"Feature","geometry":{"type":"LineString","coordinates":[[-4.2613,55.85097],[-4.26265,55.85113]]},"properties":{"c":0,"n":182}},{"type":"Feature","geometry":{"type":"LineString","coordinates":[[-4.25963,55.85079],[-4.25999,55.85083]]},"properties":{"c":0,"n":1259}},{"type":"Feature","geometry":{"type":"LineString","coordinates":[[-4.26121,55.85096],[-4.2613,55.85097]]},"properties":{"c":0,"n":182}},{"type":"Feature","geometry":{"type":"LineString","coordinates":[[-4.25627,55.85038],[-4.25759,55.85053]]},"properties":{"c":0,"n":199}},{"type":"Feature","geometry":{"type":"LineString","coordinates":[[-4.26413,55.8513],[-4.265,55.8514]]},"properties":{"c":0,"n":167}},{"type":"Feature","geometry":{"type":"LineString","coordinates":[[-4.265,55.8514],[-4.26534,55.85144]]},"properties":{"c":0,"n":167}},{"type":"Feature","geometry":{"type":"LineString","coordinates":[[-4.23582,55.87467],[-4.23653,55.87489]]},"properties":{"c":0,"n":259}},{"type":"Feature","geometry":{"type":"LineString","coordinates":[[-4.23287,55.87438],[-4.23332,55.87441],[-4.23398,55.87434],[-4.2351,55.87451]]},"properties":{"c":0,"n":259}},{"type":"Feature","geometry":{"type":"LineString","coordinates":[[-4.23708,55.87502],[-4.2375,55.87523],[-4.23808,55.8757]]},"properties":{"c":0,"n":259}},{"type":"Feature","geometry":{"type":"LineString","coordinates":[[-4.23653,55.87489],[-4.23708,55.87502]]},"properties":{"c":0,"n":259}},{"type":"Feature","geometry":{"type":"LineString","coordinates":[[-4.2351,55.87451],[-4.23538,55.87454],[-4.23582,55.87467]]},"properties":{"c":0,"n":259}},{"type":"Feature","geometry":{"type":"LineString","coordinates":[[-4.26081,55.86361],[-4.25932,55.86343]]},"properties":{"c":1727,"n":3685}},{"type":"Feature","geometry":{"type":"LineString","coordinates":[[-4.26227,55.86378],[-4.26081,55.86361]]},"properties":{"c":1727,"n":3729}},{"type":"Feature","geometry":{"type":"LineString","coordinates":[[-4.26227,55.86378],[-4.26252,55.86306]]},"properties":{"c":123,"n":999}},{"type":"Feature","geometry":{"type":"LineString","coordinates":[[-4.26343,55.86063],[-4.26358,55.8603]]},"properties":{"c":869,"n":1689}},{"type":"Feature","geometry":{"type":"LineString","coordinates":[[-4.26252,55.86306],[-4.26271,55.86263]]},"properties":{"c":123,"n":999}},{"type":"Feature","geometry":{"type":"LineString","coordinates":[[-4.26271,55.86263],[-4.26284,55.8622]]},"properties":{"c":123,"n":984}},{"type":"Feature","geometry":{"type":"LineString","coordinates":[[-4.26297,55.86183],[-4.26315,55.86145]]},"properties":{"c":123,"n":984}},{"type":"Feature","geometry":{"type":"LineString","coordinates":[[-4.26341,55.86068],[-4.26343,55.86063]]},"properties":{"c":869,"n":1689}},{"type":"Feature","geometry":{"type":"LineString","coordinates":[[-4.26358,55.8603],[-4.26371,55.85996]]},"properties":{"c":869,"n":1689}},{"type":"Feature","geometry":{"type":"LineString","coordinates":[[-4.26284,55.8622],[-4.26297,55.86183]]},"properties":{"c":123,"n":984}},{"type":"Feature","geometry":{"type":"LineString","coordinates":[[-4.26331,55.86104],[-4.26341,55.86068]]},"properties":{"c":123,"n":984}},{"type":"Feature","geometry":{"type":"LineString","coordinates":[[-4.26315,55.86145],[-4.26331,55.86104]]},"properties":{"c":123,"n":984}},{"type":"Feature","geometry":{"type":"LineString","coordinates":[[-4.26559,55.86297],[-4.26567,55.86298]]},"properties":{"c":0,"n":15}},{"type":"Feature","geometry":{"type":"LineString","coordinates":[[-4.26404,55.85906],[-4.26406,55.85901]]},"properties":{"c":869,"n":1389}},{"type":"Feature","geometry":{"type":"LineString","coordinates":[[-4.26547,55.8592],[-4.26404,55.85906]]},"properties":{"c":869,"n":1389}},{"type":"Feature","geometry":{"type":"LineString","coordinates":[[-4.26362,55.86431],[-4.26505,55.86448]]},"properties":{"c":787,"n":985}},{"type":"Feature","geometry":{"type":"LineString","coordinates":[[-4.26505,55.86448],[-4.26511,55.86449]]},"properties":{"c":787,"n":985}},{"type":"Feature","geometry":{"type":"LineString","coordinates":[[-4.2682,55.86485],[-4.26819,55.86524]]},"properties":{"c":1526,"n":1153}},{"type":"Feature","geometry":{"type":"LineString","coordinates":[[-4.28931,55.87783],[-4.28921,55.87765]]},"properties":{"c":1125,"n":9203}},{"type":"Feature","geometry":{"type":"LineString","coordinates":[[-4.28914,55.87804],[-4.28931,55.87783]]},"properties":{"c":1125,"n":9203}},{"type":"Feature","geometry":{"type":"LineString","coordinates":[[-4.27601,55.86506],[-4.27592,55.8648]]},"properties":{"c":1298,"n":5236}},{"type":"Feature","geometry":{"type":"LineString","coordinates":[[-4.27644,55.86658],[-4.27636,55.86621]]},"properties":{"c":1189,"n":3581}},{"type":"Feature","geometry":{"type":"LineString","coordinates":[[-4.27631,55.86601],[-4.27618,55.86556]]},"properties":{"c":629,"n":2898}},{"type":"Feature","geometry":{"type":"LineString","coordinates":[[-4.27605,55.86518],[-4.27601,55.86506]]},"properties":{"c":629,"n":2898}},{"type":"Feature","geometry":{"type":"LineString","coordinates":[[-4.27652,55.86697],[-4.27644,55.86658]]},"properties":{"c":1189,"n":3106}},{"type":"Feature","geometry":{"type":"LineString","coordinates":[[-4.27636,55.86621],[-4.27631,55.86601]]},"properties":{"c":629,"n":1812}},{"type":"Feature","geometry":{"type":"LineString","coordinates":[[-4.27618,55.86556],[-4.27605,55.86518]]},"properties":{"c":629,"n":2898}},{"type":"Feature","geometry":{"type":"LineString","coordinates":[[-4.29636,55.87281],[-4.29645,55.87273]]},"properties":{"c":347,"n":16937}},{"type":"Feature","geometry":{"type":"LineString","coordinates":[[-4.29866,55.87101],[-4.29929,55.87053],[-4.2995,55.87047]]},"properties":{"c":347,"n":13988}},{"type":"Feature","geometry":{"type":"LineString","coordinates":[[-4.29645,55.87273],[-4.29716,55.87219]]},"properties":{"c":347,"n":16937}},{"type":"Feature","geometry":{"type":"LineString","coordinates":[[-4.29501,55.87407],[-4.29531,55.87371],[-4.29636,55.87281]]},"properties":{"c":347,"n":6348}},{"type":"Feature","geometry":{"type":"LineString","coordinates":[[-4.29716,55.87219],[-4.29727,55.87211]]},"properties":{"c":347,"n":13999}},{"type":"Feature","geometry":{"type":"LineString","coordinates":[[-4.29727,55.87211],[-4.29866,55.87101]]},"properties":{"c":347,"n":13988}},{"type":"Feature","geometry":{"type":"LineString","coordinates":[[-4.26816,55.8656],[-4.26819,55.86524]]},"properties":{"c":556,"n":199}},{"type":"Feature","geometry":{"type":"LineString","coordinates":[[-4.26815,55.86595],[-4.26816,55.8656]]},"properties":{"c":556,"n":199}},{"type":"Feature","geometry":{"type":"LineString","coordinates":[[-4.27095,55.86682],[-4.27089,55.86651],[-4.27071,55.86629]]},"properties":{"c":599,"n":9899}},{"type":"Feature","geometry":{"type":"LineString","coordinates":[[-4.27071,55.86629],[-4.26815,55.86595]]},"properties":{"c":1935,"n":16847}},{"type":"Feature","geometry":{"type":"LineString","coordinates":[[-4.29763,55.8754],[-4.2989,55.8756]]},"properties":{"c":0,"n":535}},{"type":"Feature","geometry":{"type":"LineString","coordinates":[[-4.29954,55.8757],[-4.30013,55.8758]]},"properties":{"c":0,"n":535}},{"type":"Feature","geometry":{"type":"LineString","coordinates":[[-4.30634,55.87697],[-4.30716,55.87705]]},"properties":{"c":0,"n":944}},{"type":"Feature","geometry":{"type":"LineString","coordinates":[[-4.31892,55.87588],[-4.31896,55.87587]]},"properties":{"c":0,"n":787}},{"type":"Feature","geometry":{"type":"LineString","coordinates":[[-4.30103,55.87643],[-4.30112,55.87643]]},"properties":{"c":0,"n":535}},{"type":"Feature","geometry":{"type":"LineString","coordinates":[[-4.30716,55.87705],[-4.30778,55.87712]]},"properties":{"c":0,"n":944}},{"type":"Feature","geometry":{"type":"LineString","coordinates":[[-4.31281,55.87771],[-4.3133,55.87777]]},"properties":{"c":0,"n":787}},{"type":"Feature","geometry":{"type":"LineString","coordinates":[[-4.30914,55.87729],[-4.30972,55.87735]]},"properties":{"c":0,"n":768}},{"type":"Feature","geometry":{"type":"LineString","coordinates":[[-4.30494,55.87662],[-4.30511,55.8766]]},"properties":{"c":0,"n":535}},{"type":"Feature","geometry":{"type":"LineString","coordinates":[[-4.30899,55.87727],[-4.30914,55.87729]]},"properties":{"c":0,"n":768}},{"type":"Feature","geometry":{"type":"LineString","coordinates":[[-4.3133,55.87777],[-4.31404,55.87781],[-4.3145,55.87774],[-4.31473,55.87759],[-4.31514,55.87701]]},"properties":{"c":0,"n":787}},{"type":"Feature","geometry":{"type":"LineString","coordinates":[[-4.31685,55.87603],[-4.31744,55.87603]]},"properties":{"c":0,"n":787}},{"type":"Feature","geometry":{"type":"LineString","coordinates":[[-4.31552,55.87647],[-4.31575,55.87618],[-4.31621,55.87604]]},"properties":{"c":0,"n":787}},{"type":"Feature","geometry":{"type":"LineString","coordinates":[[-4.30013,55.8758],[-4.30019,55.8761],[-4.30056,55.87641]]},"properties":{"c":0,"n":535}},{"type":"Feature","geometry":{"type":"LineString","coordinates":[[-4.31154,55.87757],[-4.31161,55.87758]]},"properties":{"c":0,"n":787}},{"type":"Feature","geometry":{"type":"LineString","coordinates":[[-4.31147,55.87756],[-4.31154,55.87757]]},"properties":{"c":0,"n":787}},{"type":"Feature","geometry":{"type":"LineString","coordinates":[[-4.31621,55.87604],[-4.31685,55.87603]]},"properties":{"c":0,"n":787}},{"type":"Feature","geometry":{"type":"LineString","coordinates":[[-4.2944,55.87462],[-4.29537,55.875],[-4.2964,55.8752]]},"properties":{"c":0,"n":535}},{"type":"Feature","geometry":{"type":"LineString","coordinates":[[-4.31896,55.87587],[-4.31934,55.87569]]},"properties":{"c":0,"n":412}},{"type":"Feature","geometry":{"type":"LineString","coordinates":[[-4.2964,55.8752],[-4.29763,55.8754]]},"properties":{"c":0,"n":535}},{"type":"Feature","geometry":{"type":"LineString","coordinates":[[-4.3084,55.8772],[-4.30899,55.87727]]},"properties":{"c":0,"n":1275}},{"type":"Feature","geometry":{"type":"LineString","coordinates":[[-4.31514,55.87701],[-4.31552,55.87647]]},"properties":{"c":0,"n":787}},{"type":"Feature","geometry":{"type":"LineString","coordinates":[[-4.30312,55.87653],[-4.30494,55.87662]]},"properties":{"c":0,"n":535}},{"type":"Feature","geometry":{"type":"LineString","coordinates":[[-4.31032,55.87742],[-4.31094,55.8775]]},"properties":{"c":0,"n":787}},{"type":"Feature","geometry":{"type":"LineString","coordinates":[[-4.31273,55.87771],[-4.31281,55.87771]]},"properties":{"c":0,"n":787}},{"type":"Feature","geometry":{"type":"LineString","coordinates":[[-4.31264,55.8777],[-4.31273,55.87771]]},"properties":{"c":0,"n":787}},{"type":"Feature","geometry":{"type":"LineString","coordinates":[[-4.31826,55.87601],[-4.31892,55.87588]]},"properties":{"c":0,"n":787}},{"type":"Feature","geometry":{"type":"LineString","coordinates":[[-4.31744,55.87603],[-4.31776,55.87603]]},"properties":{"c":0,"n":787}},{"type":"Feature","geometry":{"type":"LineString","coordinates":[[-4.31776,55.87603],[-4.31826,55.87601]]},"properties":{"c":0,"n":787}},{"type":"Feature","geometry":{"type":"LineString","coordinates":[[-4.31094,55.8775],[-4.31147,55.87756]]},"properties":{"c":0,"n":787}},{"type":"Feature","geometry":{"type":"LineString","coordinates":[[-4.30112,55.87643],[-4.30312,55.87653]]},"properties":{"c":0,"n":535}},{"type":"Feature","geometry":{"type":"LineString","coordinates":[[-4.2989,55.8756],[-4.29954,55.8757]]},"properties":{"c":0,"n":535}},{"type":"Feature","geometry":{"type":"LineString","coordinates":[[-4.31214,55.87764],[-4.31264,55.8777]]},"properties":{"c":0,"n":787}},{"type":"Feature","geometry":{"type":"LineString","coordinates":[[-4.31161,55.87758],[-4.31214,55.87764]]},"properties":{"c":0,"n":787}},{"type":"Feature","geometry":{"type":"LineString","coordinates":[[-4.30056,55.87641],[-4.30103,55.87643]]},"properties":{"c":0,"n":535}},{"type":"Feature","geometry":{"type":"LineString","coordinates":[[-4.30511,55.8766],[-4.30523,55.87659]]},"properties":{"c":0,"n":535}},{"type":"Feature","geometry":{"type":"LineString","coordinates":[[-4.30778,55.87712],[-4.3084,55.8772]]},"properties":{"c":0,"n":956}},{"type":"Feature","geometry":{"type":"LineString","coordinates":[[-4.30972,55.87735],[-4.31032,55.87742]]},"properties":{"c":0,"n":787}},{"type":"Feature","geometry":{"type":"LineString","coordinates":[[-4.30523,55.87659],[-4.30536,55.87656]]},"properties":{"c":0,"n":535}},{"type":"Feature","geometry":{"type":"LineString","coordinates":[[-4.30536,55.87656],[-4.30602,55.87634]]},"properties":{"c":0,"n":535}},{"type":"Feature","geometry":{"type":"LineString","coordinates":[[-4.29728,55.87054],[-4.29737,55.87003]]},"properties":{"c":0,"n":2949}},{"type":"Feature","geometry":{"type":"LineString","coordinates":[[-4.29723,55.87091],[-4.29728,55.87054]]},"properties":{"c":0,"n":2949}},{"type":"Feature","geometry":{"type":"LineString","coordinates":[[-4.29721,55.87105],[-4.29723,55.87091]]},"properties":{"c":0,"n":2949}},{"type":"Feature","geometry":{"type":"LineString","coordinates":[[-4.29716,55.87219],[-4.29706,55.87206],[-4.29721,55.87105]]},"properties":{"c":0,"n":2949}},{"type":"Feature","geometry":{"type":"LineString","coordinates":[[-4.2804,55.86318],[-4.28045,55.86284]]},"properties":{"c":4467,"n":25675}},{"type":"Feature","geometry":{"type":"LineString","coordinates":[[-4.28034,55.8635],[-4.2804,55.86318]]},"properties":{"c":4467,"n":25675}},{"type":"Feature","geometry":{"type":"LineString","coordinates":[[-4.28809,55.87844],[-4.28777,55.87868]]},"properties":{"c":297,"n":6133}},{"type":"Feature","geometry":{"type":"LineString","coordinates":[[-4.28401,55.88085],[-4.2833,55.88139]]},"properties":{"c":297,"n":14575}},{"type":"Feature","geometry":{"type":"LineString","coordinates":[[-4.28519,55.87998],[-4.28493,55.88014]]},"properties":{"c":297,"n":13512}},{"type":"Feature","geometry":{"type":"LineString","coordinates":[[-4.28553,55.87982],[-4.28519,55.87998]]},"properties":{"c":297,"n":13512}},{"type":"Feature","geometry":{"type":"LineString","coordinates":[[-4.28493,55.88014],[-4.28482,55.88023]]},"properties":{"c":297,"n":14575}},{"type":"Feature","geometry":{"type":"LineString","coordinates":[[-4.28482,55.88023],[-4.28462,55.88039]]},"properties":{"c":297,"n":14575}},{"type":"Feature","geometry":{"type":"LineString","coordinates":[[-4.2833,55.88139],[-4.28292,55.88168],[-4.28275,55.88208]]},"properties":{"c":297,"n":14575}},{"type":"Feature","geometry":{"type":"LineString","coordinates":[[-4.28812,55.87841],[-4.28809,55.87844]]},"properties":{"c":297,"n":6133}},{"type":"Feature","geometry":{"type":"LineString","coordinates":[[-4.28462,55.88039],[-4.28401,55.88085]]},"properties":{"c":297,"n":14575}},{"type":"Feature","geometry":{"type":"LineString","coordinates":[[-4.28873,55.87814],[-4.28812,55.87841]]},"properties":{"c":0,"n":4632}},{"type":"Feature","geometry":{"type":"LineString","coordinates":[[-4.28757,55.87889],[-4.28726,55.87911],[-4.28553,55.87982]]},"properties":{"c":297,"n":13512}},{"type":"Feature","geometry":{"type":"LineString","coordinates":[[-4.28777,55.87868],[-4.28757,55.87889]]},"properties":{"c":297,"n":13512}},{"type":"Feature","geometry":{"type":"LineString","coordinates":[[-4.28109,55.88413],[-4.28085,55.88433]]},"properties":{"c":297,"n":6737}},{"type":"Feature","geometry":{"type":"LineString","coordinates":[[-4.28275,55.88208],[-4.28212,55.88338],[-4.28109,55.88413]]},"properties":{"c":297,"n":14116}},{"type":"Feature","geometry":{"type":"LineString","coordinates":[[-4.30942,55.84783],[-4.30895,55.84735],[-4.30872,55.84724]]},"properties":{"c":124,"n":241}},{"type":"Feature","geometry":{"type":"LineString","coordinates":[[-4.30777,55.84717],[-4.30672,55.84713]]},"properties":{"c":124,"n":241}},{"type":"Feature","geometry":{"type":"LineString","coordinates":[[-4.30872,55.84724],[-4.30777,55.84717]]},"properties":{"c":124,"n":241}},{"type":"Feature","geometry":{"type":"LineString","coordinates":[[-4.30672,55.84713],[-4.30533,55.847]]},"properties":{"c":124,"n":241}},{"type":"Feature","geometry":{"type":"LineString","coordinates":[[-4.25836,55.8514],[-4.25806,55.85145],[-4.25793,55.85156],[-4.25768,55.85223]]},"properties":{"c":963,"n":2987}},{"type":"Feature","geometry":{"type":"LineString","coordinates":[[-4.25768,55.85223],[-4.25755,55.85255]]},"properties":{"c":963,"n":2987}},{"type":"Feature","geometry":{"type":"LineString","coordinates":[[-4.22989,55.843],[-4.22899,55.84269]]},"properties":{"c":979,"n":3319}},{"type":"Feature","geometry":{"type":"LineString","coordinates":[[-4.23168,55.84421],[-4.231,55.84352]]},"properties":{"c":979,"n":2108}},{"type":"Feature","geometry":{"type":"LineString","coordinates":[[-4.23089,55.84363],[-4.23057,55.84375]]},"properties":{"c":979,"n":2108}},{"type":"Feature","geometry":{"type":"LineString","coordinates":[[-4.23415,55.84668],[-4.23168,55.84421]]},"properties":{"c":979,"n":2108}},{"type":"Feature","geometry":{"type":"LineString","coordinates":[[-4.22899,55.84269],[-4.22833,55.84261]]},"properties":{"c":979,"n":3319}},{"type":"Feature","geometry":{"type":"LineString","coordinates":[[-4.231,55.84352],[-4.23089,55.84363]]},"properties":{"c":979,"n":2108}},{"type":"Feature","geometry":{"type":"LineString","coordinates":[[-4.23057,55.84375],[-4.23038,55.84338],[-4.22989,55.843]]},"properties":{"c":979,"n":3319}},{"type":"Feature","geometry":{"type":"LineString","coordinates":[[-4.22833,55.84261],[-4.22793,55.84261]]},"properties":{"c":979,"n":3319}},{"type":"Feature","geometry":{"type":"LineString","coordinates":[[-4.22793,55.84261],[-4.2268,55.84265]]},"properties":{"c":0,"n":528}},{"type":"Feature","geometry":{"type":"LineString","coordinates":[[-4.2268,55.84265],[-4.22634,55.84261],[-4.22598,55.84247]]},"properties":{"c":0,"n":528}},{"type":"Feature","geometry":{"type":"LineString","coordinates":[[-4.21927,55.84904],[-4.21803,55.84894]]},"properties":{"c":340,"n":4131}},{"type":"Feature","geometry":{"type":"LineString","coordinates":[[-4.22627,55.84908],[-4.22598,55.84905]]},"properties":{"c":0,"n":1681}},{"type":"Feature","geometry":{"type":"LineString","coordinates":[[-4.22598,55.84905],[-4.22547,55.84894],[-4.22459,55.84888],[-4.22183,55.84918],[-4.21927,55.84904]]},"properties":{"c":0,"n":1681}},{"type":"Feature","geometry":{"type":"LineString","coordinates":[[-4.21803,55.84894],[-4.21652,55.84883]]},"properties":{"c":340,"n":4131}},{"type":"Feature","geometry":{"type":"LineString","coordinates":[[-4.21652,55.84883],[-4.2162,55.84887]]},"properties":{"c":0,"n":716}},{"type":"Feature","geometry":{"type":"LineString","coordinates":[[-4.23466,55.84939],[-4.2337,55.84948]]},"properties":{"c":1474,"n":7202}},{"type":"Feature","geometry":{"type":"LineString","coordinates":[[-4.23729,55.84919],[-4.23673,55.84922]]},"properties":{"c":1474,"n":7202}},{"type":"Feature","geometry":{"type":"LineString","coordinates":[[-4.23673,55.84922],[-4.23466,55.84939]]},"properties":{"c":1474,"n":7202}},{"type":"Feature","geometry":{"type":"LineString","coordinates":[[-4.29543,55.85573],[-4.29591,55.85582]]},"properties":{"c":166,"n":1270}},{"type":"Feature","geometry":{"type":"LineString","coordinates":[[-4.30648,55.86121],[-4.30785,55.86163]]},"properties":{"c":1369,"n":3206}},{"type":"Feature","geometry":{"type":"LineString","coordinates":[[-4.29615,55.85637],[-4.29865,55.85689]]},"properties":{"c":166,"n":1270}},{"type":"Feature","geometry":{"type":"LineString","coordinates":[[-4.29865,55.85689],[-4.29912,55.85696],[-4.29926,55.85671]]},"properties":{"c":166,"n":1270}},{"type":"Feature","geometry":{"type":"LineString","coordinates":[[-4.29879,55.85832],[-4.29889,55.85868],[-4.29924,55.85898],[-4.29986,55.85924],[-4.30144,55.85972]]},"properties":{"c":1369,"n":3206}},{"type":"Feature","geometry":{"type":"LineString","coordinates":[[-4.30785,55.86163],[-4.30796,55.86166]]},"properties":{"c":1369,"n":3206}},{"type":"Feature","geometry":{"type":"LineString","coordinates":[[-4.29591,55.85582],[-4.29647,55.85587],[-4.29615,55.85637]]},"properties":{"c":166,"n":1270}},{"type":"Feature","geometry":{"type":"LineString","coordinates":[[-4.30266,55.86008],[-4.30407,55.86049]]},"properties":{"c":1369,"n":3206}},{"type":"Feature","geometry":{"type":"LineString","coordinates":[[-4.29526,55.85569],[-4.29543,55.85573]]},"properties":{"c":0,"n":634}},{"type":"Feature","geometry":{"type":"LineString","coordinates":[[-4.30407,55.86049],[-4.30617,55.86111]]},"properties":{"c":1369,"n":3206}},{"type":"Feature","geometry":{"type":"LineString","coordinates":[[-4.30617,55.86111],[-4.30648,55.86121]]},"properties":{"c":1369,"n":3206}},{"type":"Feature","geometry":{"type":"LineString","coordinates":[[-4.29926,55.85671],[-4.29947,55.85674]]},"properties":{"c":166,"n":1270}},{"type":"Feature","geometry":{"type":"LineString","coordinates":[[-4.30144,55.85972],[-4.30266,55.86008]]},"properties":{"c":1369,"n":3206}},{"type":"Feature","geometry":{"type":"LineString","coordinates":[[-4.29916,55.85742],[-4.29879,55.85832]]},"properties":{"c":1369,"n":3206}},{"type":"Feature","geometry":{"type":"LineString","coordinates":[[-4.29947,55.85674],[-4.29916,55.85742]]},"properties":{"c":1369,"n":3206}},{"type":"Feature","geometry":{"type":"LineString","coordinates":[[-4.26106,55.84843],[-4.26122,55.84803]]},"properties":{"c":0,"n":1099}},{"type":"Feature","geometry":{"type":"LineString","coordinates":[[-4.26041,55.85087],[-4.26079,55.8495]]},"properties":{"c":0,"n":1099}},{"type":"Feature","geometry":{"type":"LineString","coordinates":[[-4.2619,55.84732],[-4.26243,55.84705],[-4.26264,55.84671]]},"properties":{"c":0,"n":1099}},{"type":"Feature","geometry":{"type":"LineString","coordinates":[[-4.26122,55.84803],[-4.26137,55.8478],[-4.2619,55.84732]]},"properties":{"c":0,"n":1099}},{"type":"Feature","geometry":{"type":"LineString","coordinates":[[-4.26079,55.8495],[-4.26106,55.84843]]},"properties":{"c":0,"n":1099}},{"type":"Feature","geometry":{"type":"LineString","coordinates":[[-4.2171,55.85276],[-4.21694,55.8537]]},"properties":{"c":0,"n":400}},{"type":"Feature","geometry":{"type":"LineString","coordinates":[[-4.21558,55.85426],[-4.21511,55.85437]]},"properties":{"c":0,"n":400}},{"type":"Feature","geometry":{"type":"LineString","coordinates":[[-4.21694,55.8537],[-4.21691,55.85389]]},"properties":{"c":0,"n":400}},{"type":"Feature","geometry":{"type":"LineString","coordinates":[[-4.21691,55.85389],[-4.21681,55.85433]]},"properties":{"c":0,"n":400}},{"type":"Feature","geometry":{"type":"LineString","coordinates":[[-4.23193,55.84731],[-4.23374,55.84777]]},"properties":{"c":3117,"n":2157}},{"type":"Feature","geometry":{"type":"LineString","coordinates":[[-4.23374,55.84777],[-4.23557,55.84849]]},"properties":{"c":3117,"n":2157}},{"type":"Feature","geometry":{"type":"LineString","coordinates":[[-4.23631,55.8488],[-4.23729,55.84919]]},"properties":{"c":4096,"n":3227}},{"type":"Feature","geometry":{"type":"LineString","coordinates":[[-4.23889,55.8496],[-4.24053,55.85035]]},"properties":{"c":4096,"n":3227}},{"type":"Feature","geometry":{"type":"LineString","coordinates":[[-4.23557,55.84849],[-4.23631,55.8488]]},"properties":{"c":3117,"n":2157}},{"type":"Feature","geometry":{"type":"LineString","coordinates":[[-4.24053,55.85035],[-4.24199,55.85105]]},"properties":{"c":4096,"n":3227}},{"type":"Feature","geometry":{"type":"LineString","coordinates":[[-4.24398,55.85201],[-4.24478,55.85248],[-4.24508,55.85285]]},"properties":{"c":4096,"n":3227}},{"type":"Feature","geometry":{"type":"LineString","coordinates":[[-4.24199,55.85105],[-4.24398,55.85201]]},"properties":{"c":4096,"n":3227}},{"type":"Feature","geometry":{"type":"LineString","coordinates":[[-4.25736,55.85627],[-4.25759,55.85632]]},"properties":{"c":7763,"n":13047}},{"type":"Feature","geometry":{"type":"LineString","coordinates":[[-4.23794,55.84923],[-4.23889,55.8496]]},"properties":{"c":4096,"n":3227}},{"type":"Feature","geometry":{"type":"LineString","coordinates":[[-4.24121,55.85505],[-4.24144,55.85518]]},"properties":{"c":2178,"n":7229}},{"type":"Feature","geometry":{"type":"LineString","coordinates":[[-4.24942,55.85988],[-4.24917,55.86063]]},"properties":{"c":3685,"n":5328}},{"type":"Feature","geometry":{"type":"LineString","coordinates":[[-4.2481,55.85038],[-4.24892,55.85064]]},"properties":{"c":5527,"n":11806}},{"type":"Feature","geometry":{"type":"LineString","coordinates":[[-4.24546,55.84949],[-4.2481,55.85038]]},"properties":{"c":1251,"n":5867}},{"type":"Feature","geometry":{"type":"LineString","coordinates":[[-4.23902,55.84729],[-4.23993,55.84757]]},"properties":{"c":520,"n":2396}},{"type":"Feature","geometry":{"type":"LineString","coordinates":[[-4.24744,55.85798],[-4.24721,55.85857]]},"properties":{"c":2419,"n":10262}},{"type":"Feature","geometry":{"type":"LineString","coordinates":[[-4.24721,55.85857],[-4.24684,55.85965]]},"properties":{"c":555,"n":5324}},{"type":"Feature","geometry":{"type":"LineString","coordinates":[[-4.24761,55.85727],[-4.24739,55.8578],[-4.24744,55.85798]]},"properties":{"c":1998,"n":5839}},{"type":"Feature","geometry":{"type":"LineString","coordinates":[[-4.2481,55.85038],[-4.24804,55.85045]]},"properties":{"c":4276,"n":8705}},{"type":"Feature","geometry":{"type":"LineString","coordinates":[[-4.23288,55.85471],[-4.23301,55.85479]]},"properties":{"c":208,"n":1457}},{"type":"Feature","geometry":{"type":"LineString","coordinates":[[-4.23301,55.85479],[-4.23295,55.85509]]},"properties":{"c":208,"n":1457}},{"type":"Feature","geometry":{"type":"LineString","coordinates":[[-4.23293,55.8552],[-4.23293,55.85532]]},"properties":{"c":208,"n":1457}},{"type":"Feature","geometry":{"type":"LineString","coordinates":[[-4.23295,55.85509],[-4.23293,55.8552]]},"properties":{"c":208,"n":1457}},{"type":"Feature","geometry":{"type":"LineString","coordinates":[[-4.23293,55.85532],[-4.23288,55.85572]]},"properties":{"c":208,"n":1457}},{"type":"Feature","geometry":{"type":"LineString","coordinates":[[-4.23193,55.84731],[-4.23259,55.84823]]},"properties":{"c":0,"n":2469}},{"type":"Feature","geometry":{"type":"LineString","coordinates":[[-4.23667,55.85202],[-4.23668,55.85192],[-4.23683,55.85188],[-4.23697,55.85193],[-4.23696,55.85203]]},"properties":{"c":0,"n":81}},{"type":"Feature","geometry":{"type":"LineString","coordinates":[[-4.23598,55.85192],[-4.23637,55.85203],[-4.23667,55.85202]]},"properties":{"c":0,"n":150}},{"type":"Feature","geometry":{"type":"LineString","coordinates":[[-4.2541,55.83637],[-4.25519,55.83652]]},"properties":{"c":0,"n":714}},{"type":"Feature","geometry":{"type":"LineString","coordinates":[[-4.25707,55.83677],[-4.25791,55.83689]]},"properties":{"c":0,"n":698}},{"type":"Feature","geometry":{"type":"LineString","coordinates":[[-4.26391,55.83711],[-4.26444,55.83718]]},"properties":{"c":0,"n":874}},{"type":"Feature","geometry":{"type":"LineString","coordinates":[[-4.26274,55.83757],[-4.26316,55.837]]},"properties":{"c":0,"n":874}},{"type":"Feature","geometry":{"type":"LineString","coordinates":[[-4.25903,55.83705],[-4.25911,55.83706]]},"properties":{"c":0,"n":698}},{"type":"Feature","geometry":{"type":"LineString","coordinates":[[-4.26467,55.83653],[-4.26478,55.83654]]},"properties":{"c":0,"n":874}},{"type":"Feature","geometry":{"type":"LineString","coordinates":[[-4.26022,55.83723],[-4.26028,55.83723]]},"properties":{"c":0,"n":698}},{"type":"Feature","geometry":{"type":"LineString","coordinates":[[-4.25911,55.83706],[-4.26022,55.83723]]},"properties":{"c":0,"n":698}},{"type":"Feature","geometry":{"type":"LineString","coordinates":[[-4.26139,55.83739],[-4.26199,55.83747]]},"properties":{"c":0,"n":698}},{"type":"Feature","geometry":{"type":"LineString","coordinates":[[-4.26199,55.83747],[-4.26247,55.83753]]},"properties":{"c":0,"n":698}},{"type":"Feature","geometry":{"type":"LineString","coordinates":[[-4.26316,55.837],[-4.26391,55.83711]]},"properties":{"c":0,"n":874}},{"type":"Feature","geometry":{"type":"LineString","coordinates":[[-4.25519,55.83652],[-4.25707,55.83677]]},"properties":{"c":0,"n":714}},{"type":"Feature","geometry":{"type":"LineString","coordinates":[[-4.26247,55.83753],[-4.26274,55.83757]]},"properties":{"c":0,"n":1128}},{"type":"Feature","geometry":{"type":"LineString","coordinates":[[-4.26028,55.83723],[-4.26139,55.83739]]},"properties":{"c":0,"n":698}},{"type":"Feature","geometry":{"type":"LineString","coordinates":[[-4.25791,55.83689],[-4.25903,55.83705]]},"properties":{"c":0,"n":698}},{"type":"Feature","geometry":{"type":"LineString","coordinates":[[-4.26472,55.86555],[-4.26467,55.86554]]},"properties":{"c":1379,"n":16648}},{"type":"Feature","geometry":{"type":"LineString","coordinates":[[-4.26815,55.86595],[-4.26775,55.8659]]},"properties":{"c":1379,"n":16648}},{"type":"Feature","geometry":{"type":"LineString","coordinates":[[-4.26775,55.8659],[-4.26635,55.86574]]},"properties":{"c":1379,"n":16648}},{"type":"Feature","geometry":{"type":"LineString","coordinates":[[-4.26635,55.86574],[-4.26472,55.86555]]},"properties":{"c":1379,"n":16790}},{"type":"Feature","geometry":{"type":"LineString","coordinates":[[-4.28036,55.86571],[-4.28026,55.86572]]},"properties":{"c":1008,"n":10446}},{"type":"Feature","geometry":{"type":"LineString","coordinates":[[-4.32128,55.87091],[-4.3201,55.87074]]},"properties":{"c":0,"n":5026}},{"type":"Feature","geometry":{"type":"LineString","coordinates":[[-4.32154,55.87095],[-4.32128,55.87091]]},"properties":{"c":0,"n":9035}},{"type":"Feature","geometry":{"type":"LineString","coordinates":[[-4.271,55.86631],[-4.27071,55.86629]]},"properties":{"c":1336,"n":12523}},{"type":"Feature","geometry":{"type":"LineString","coordinates":[[-4.27363,55.86619],[-4.27174,55.8663]]},"properties":{"c":1000,"n":9945}},{"type":"Feature","geometry":{"type":"LineString","coordinates":[[-4.26467,55.86554],[-4.26321,55.86537]]},"properties":{"c":1379,"n":16648}},{"type":"Feature","geometry":{"type":"LineString","coordinates":[[-4.3201,55.87074],[-4.31973,55.87067]]},"properties":{"c":0,"n":4959}},{"type":"Feature","geometry":{"type":"LineString","coordinates":[[-4.27174,55.8663],[-4.271,55.86631]]},"properties":{"c":1336,"n":12523}},{"type":"Feature","geometry":{"type":"LineString","coordinates":[[-4.31811,55.87317],[-4.3181,55.87322]]},"properties":{"c":0,"n":67}},{"type":"Feature","geometry":{"type":"LineString","coordinates":[[-4.31797,55.87388],[-4.31795,55.87397]]},"properties":{"c":0,"n":67}},{"type":"Feature","geometry":{"type":"LineString","coordinates":[[-4.31813,55.87306],[-4.31811,55.87317]]},"properties":{"c":0,"n":67}},{"type":"Feature","geometry":{"type":"LineString","coordinates":[[-4.31841,55.87164],[-4.31835,55.87194]]},"properties":{"c":0,"n":67}},{"type":"Feature","geometry":{"type":"LineString","coordinates":[[-4.31835,55.87194],[-4.31828,55.87231]]},"properties":{"c":0,"n":67}},{"type":"Feature","geometry":{"type":"LineString","coordinates":[[-4.31795,55.87397],[-4.31789,55.87426]]},"properties":{"c":0,"n":67}},{"type":"Feature","geometry":{"type":"LineString","coordinates":[[-4.31828,55.87231],[-4.31825,55.87246]]},"properties":{"c":0,"n":67}},{"type":"Feature","geometry":{"type":"LineString","coordinates":[[-4.31774,55.87509],[-4.31769,55.87544]]},"properties":{"c":0,"n":67}},{"type":"Feature","geometry":{"type":"LineString","coordinates":[[-4.31825,55.87246],[-4.31813,55.87306]]},"properties":{"c":0,"n":67}},{"type":"Feature","geometry":{"type":"LineString","coordinates":[[-4.3201,55.87074],[-4.31991,55.87133]]},"properties":{"c":0,"n":67}},{"type":"Feature","geometry":{"type":"LineString","coordinates":[[-4.31779,55.8748],[-4.31774,55.87509]]},"properties":{"c":0,"n":67}},{"type":"Feature","geometry":{"type":"LineString","coordinates":[[-4.31789,55.87426],[-4.31781,55.87468]]},"properties":{"c":0,"n":67}},{"type":"Feature","geometry":{"type":"LineString","coordinates":[[-4.31781,55.87468],[-4.31779,55.8748]]},"properties":{"c":0,"n":67}},{"type":"Feature","geometry":{"type":"LineString","coordinates":[[-4.31804,55.87353],[-4.31797,55.87388]]},"properties":{"c":0,"n":67}},{"type":"Feature","geometry":{"type":"LineString","coordinates":[[-4.3181,55.87322],[-4.31804,55.87353]]},"properties":{"c":0,"n":67}},{"type":"Feature","geometry":{"type":"LineString","coordinates":[[-4.31991,55.87133],[-4.31848,55.87124]]},"properties":{"c":0,"n":67}},{"type":"Feature","geometry":{"type":"LineString","coordinates":[[-4.31848,55.87124],[-4.31841,55.87164]]},"properties":{"c":0,"n":67}},{"type":"Feature","geometry":{"type":"LineString","coordinates":[[-4.28155,55.86071],[-4.28116,55.86064]]},"properties":{"c":0,"n":2079}},{"type":"Feature","geometry":{"type":"LineString","coordinates":[[-4.27111,55.85972],[-4.27053,55.85964]]},"properties":{"c":154,"n":4435}},{"type":"Feature","geometry":{"type":"LineString","coordinates":[[-4.26942,55.85954],[-4.26867,55.85947]]},"properties":{"c":154,"n":3987}},{"type":"Feature","geometry":{"type":"LineString","coordinates":[[-4.28107,55.86062],[-4.28094,55.8606]]},"properties":{"c":154,"n":5044}},{"type":"Feature","geometry":{"type":"LineString","coordinates":[[-4.32128,55.87091],[-4.32017,55.87065]]},"properties":{"c":0,"n":4009}},{"type":"Feature","geometry":{"type":"LineString","coordinates":[[-4.28116,55.86064],[-4.28107,55.86062]]},"properties":{"c":0,"n":2688}},{"type":"Feature","geometry":{"type":"LineString","coordinates":[[-4.30127,55.86509],[-4.29928,55.86398],[-4.29704,55.86322],[-4.2959,55.86305],[-4.29363,55.86303],[-4.29206,55.86291],[-4.28983,55.86251],[-4.28783,55.86205]]},"properties":{"c":0,"n":2379}},{"type":"Feature","geometry":{"type":"LineString","coordinates":[[-4.32017,55.87065],[-4.32026,55.87039],[-4.3201,55.87024],[-4.31764,55.86952]]},"properties":{"c":0,"n":4009}},{"type":"Feature","geometry":{"type":"LineString","coordinates":[[-4.28296,55.86092],[-4.28155,55.86071]]},"properties":{"c":0,"n":2379}},{"type":"Feature","geometry":{"type":"LineString","coordinates":[[-4.27705,55.86025],[-4.27356,55.86022],[-4.27233,55.86001],[-4.27111,55.85972]]},"properties":{"c":154,"n":4435}},{"type":"Feature","geometry":{"type":"LineString","coordinates":[[-4.26867,55.85947],[-4.26801,55.8594]]},"properties":{"c":154,"n":3987}},{"type":"Feature","geometry":{"type":"LineString","coordinates":[[-4.28783,55.86205],[-4.28576,55.86162],[-4.28296,55.86092]]},"properties":{"c":0,"n":2379}},{"type":"Feature","geometry":{"type":"LineString","coordinates":[[-4.28094,55.8606],[-4.27933,55.86028],[-4.27705,55.86025]]},"properties":{"c":154,"n":4435}},{"type":"Feature","geometry":{"type":"LineString","coordinates":[[-4.31764,55.86952],[-4.31497,55.8689]]},"properties":{"c":0,"n":4009}},{"type":"Feature","geometry":{"type":"LineString","coordinates":[[-4.27053,55.85964],[-4.26982,55.85958]]},"properties":{"c":154,"n":4435}},{"type":"Feature","geometry":{"type":"LineString","coordinates":[[-4.31497,55.8689],[-4.31372,55.86873],[-4.31272,55.86867],[-4.30884,55.86875],[-4.30769,55.86863],[-4.30666,55.86839],[-4.30555,55.86797],[-4.30345,55.86682],[-4.30127,55.86509]]},"properties":{"c":0,"n":1367}},{"type":"Feature","geometry":{"type":"LineString","coordinates":[[-4.26982,55.85958],[-4.26942,55.85954]]},"properties":{"c":154,"n":3987}},{"type":"Feature","geometry":{"type":"LineString","coordinates":[[-4.31088,55.86896],[-4.31071,55.86913],[-4.31043,55.8692]]},"properties":{"c":0,"n":2642}},{"type":"Feature","geometry":{"type":"LineString","coordinates":[[-4.31497,55.8689],[-4.31333,55.86877],[-4.31217,55.86875],[-4.3113,55.8688],[-4.31088,55.86896]]},"properties":{"c":0,"n":2642}},{"type":"Feature","geometry":{"type":"LineString","coordinates":[[-4.27227,55.86311],[-4.27086,55.86314]]},"properties":{"c":3360,"n":10318}},{"type":"Feature","geometry":{"type":"LineString","coordinates":[[-4.27174,55.8663],[-4.271,55.8662]]},"properties":{"c":249,"n":1401}},{"type":"Feature","geometry":{"type":"LineString","coordinates":[[-4.28041,55.86631],[-4.2789,55.86641]]},"properties":{"c":0,"n":1237}},{"type":"Feature","geometry":{"type":"LineString","coordinates":[[-4.28276,55.86617],[-4.28257,55.86619]]},"properties":{"c":0,"n":1237}},{"type":"Feature","geometry":{"type":"LineString","coordinates":[[-4.28692,55.86631],[-4.28665,55.86658]]},"properties":{"c":49,"n":3301}},{"type":"Feature","geometry":{"type":"LineString","coordinates":[[-4.28665,55.86658],[-4.28641,55.86683]]},"properties":{"c":49,"n":3301}},{"type":"Feature","geometry":{"type":"LineString","coordinates":[[-4.2838,55.86616],[-4.28341,55.86611],[-4.28276,55.86617]]},"properties":{"c":0,"n":1237}},{"type":"Feature","geometry":{"type":"LineString","coordinates":[[-4.28641,55.86683],[-4.28454,55.86628]]},"properties":{"c":0,"n":1147}},{"type":"Feature","geometry":{"type":"LineString","coordinates":[[-4.28454,55.86628],[-4.28383,55.86607]]},"properties":{"c":0,"n":1237}},{"type":"Feature","geometry":{"type":"LineString","coordinates":[[-4.28257,55.86619],[-4.28051,55.86623]]},"properties":{"c":0,"n":1237}},{"type":"Feature","geometry":{"type":"LineString","coordinates":[[-4.28383,55.86607],[-4.2838,55.86616]]},"properties":{"c":0,"n":1237}},{"type":"Feature","geometry":{"type":"LineString","coordinates":[[-4.28039,55.86624],[-4.28041,55.86631]]},"properties":{"c":0,"n":1237}},{"type":"Feature","geometry":{"type":"LineString","coordinates":[[-4.28051,55.86623],[-4.28039,55.86624]]},"properties":{"c":0,"n":1237}},{"type":"Feature","geometry":{"type":"LineString","coordinates":[[-4.30584,55.87412],[-4.30571,55.8749]]},"properties":{"c":0,"n":82}},{"type":"Feature","geometry":{"type":"LineString","coordinates":[[-4.30586,55.87157],[-4.30592,55.87232]]},"properties":{"c":0,"n":82}},{"type":"Feature","geometry":{"type":"LineString","coordinates":[[-4.30599,55.87351],[-4.30602,55.87413]]},"properties":{"c":0,"n":82}},{"type":"Feature","geometry":{"type":"LineString","coordinates":[[-4.3057,55.87495],[-4.30557,55.87555],[-4.30547,55.87561]]},"properties":{"c":0,"n":82}},{"type":"Feature","geometry":{"type":"LineString","coordinates":[[-4.30602,55.87413],[-4.30584,55.87412]]},"properties":{"c":0,"n":82}},{"type":"Feature","geometry":{"type":"LineString","coordinates":[[-4.30592,55.87232],[-4.30596,55.8729]]},"properties":{"c":0,"n":82}},{"type":"Feature","geometry":{"type":"LineString","coordinates":[[-4.30596,55.8729],[-4.30599,55.87351]]},"properties":{"c":0,"n":82}},{"type":"Feature","geometry":{"type":"LineString","coordinates":[[-4.3058,55.87081],[-4.30586,55.87157]]},"properties":{"c":0,"n":82}},{"type":"Feature","geometry":{"type":"LineString","coordinates":[[-4.30571,55.8749],[-4.3057,55.87495]]},"properties":{"c":0,"n":82}},{"type":"Feature","geometry":{"type":"LineString","coordinates":[[-4.28576,55.87207],[-4.2852,55.87216]]},"properties":{"c":1031,"n":10732}},{"type":"Feature","geometry":{"type":"LineString","coordinates":[[-4.2852,55.87216],[-4.28498,55.87224]]},"properties":{"c":1031,"n":10732}},{"type":"Feature","geometry":{"type":"LineString","coordinates":[[-4.29272,55.87276],[-4.29243,55.87297]]},"properties":{"c":0,"n":6274}},{"type":"Feature","geometry":{"type":"LineString","coordinates":[[-4.3516,55.88783],[-4.35181,55.88854]]},"properties":{"c":0,"n":45}},{"type":"Feature","geometry":{"type":"LineString","coordinates":[[-4.34886,55.87876],[-4.34945,55.87902]]},"properties":{"c":0,"n":41}},{"type":"Feature","geometry":{"type":"LineString","coordinates":[[-4.34942,55.89429],[-4.3505,55.89454]]},"properties":{"c":0,"n":45}},{"type":"Feature","geometry":{"type":"LineString","coordinates":[[-4.35035,55.88153],[-4.35014,55.88242]]},"properties":{"c":0,"n":41}},{"type":"Feature","geometry":{"type":"LineString","coordinates":[[-4.34941,55.89425],[-4.34942,55.89429]]},"properties":{"c":0,"n":45}},{"type":"Feature","geometry":{"type":"LineString","coordinates":[[-4.35002,55.8936],[-4.34931,55.89422]]},"properties":{"c":0,"n":45}},{"type":"Feature","geometry":{"type":"LineString","coordinates":[[-4.35181,55.88854],[-4.35191,55.88921]]},"properties":{"c":0,"n":45}},{"type":"Feature","geometry":{"type":"LineString","coordinates":[[-4.34674,55.8775],[-4.3477,55.87787]]},"properties":{"c":0,"n":41}},{"type":"Feature","geometry":{"type":"LineString","coordinates":[[-4.34517,55.87689],[-4.34674,55.8775]]},"properties":{"c":0,"n":20}},{"type":"Feature","geometry":{"type":"LineString","coordinates":[[-4.3505,55.89454],[-4.35203,55.89498]]},"properties":{"c":0,"n":45}},{"type":"Feature","geometry":{"type":"LineString","coordinates":[[-4.35017,55.88041],[-4.35076,55.88066]]},"properties":{"c":0,"n":41}},{"type":"Feature","geometry":{"type":"LineString","coordinates":[[-4.35413,55.89562],[-4.35424,55.89564]]},"properties":{"c":0,"n":45}},{"type":"Feature","geometry":{"type":"LineString","coordinates":[[-4.35014,55.88242],[-4.35017,55.88372],[-4.35053,55.88485]]},"properties":{"c":0,"n":45}},{"type":"Feature","geometry":{"type":"LineString","coordinates":[[-4.34427,55.87651],[-4.34517,55.87689]]},"properties":{"c":0,"n":13}},{"type":"Feature","geometry":{"type":"LineString","coordinates":[[-4.35008,55.87926],[-4.35058,55.87946],[-4.35026,55.87979],[-4.3503,55.88005]]},"properties":{"c":0,"n":41}},{"type":"Feature","geometry":{"type":"LineString","coordinates":[[-4.34945,55.87902],[-4.35008,55.87926]]},"properties":{"c":0,"n":41}},{"type":"Feature","geometry":{"type":"LineString","coordinates":[[-4.35191,55.88928],[-4.35187,55.89036]]},"properties":{"c":0,"n":45}},{"type":"Feature","geometry":{"type":"LineString","coordinates":[[-4.35076,55.88554],[-4.35126,55.887]]},"properties":{"c":0,"n":45}},{"type":"Feature","geometry":{"type":"LineString","coordinates":[[-4.35134,55.88724],[-4.3516,55.88783]]},"properties":{"c":0,"n":45}},{"type":"Feature","geometry":{"type":"LineString","coordinates":[[-4.35053,55.88485],[-4.35076,55.88554]]},"properties":{"c":0,"n":45}},{"type":"Feature","geometry":{"type":"LineString","coordinates":[[-4.35191,55.88921],[-4.35191,55.88928]]},"properties":{"c":0,"n":45}},{"type":"Feature","geometry":{"type":"LineString","coordinates":[[-4.35076,55.88066],[-4.35035,55.88153]]},"properties":{"c":0,"n":41}},{"type":"Feature","geometry":{"type":"LineString","coordinates":[[-4.34276,55.87577],[-4.34348,55.87612]]},"properties":{"c":0,"n":28}},{"type":"Feature","geometry":{"type":"LineString","coordinates":[[-4.34254,55.87568],[-4.34276,55.87577]]},"properties":{"c":0,"n":28}},{"type":"Feature","geometry":{"type":"LineString","coordinates":[[-4.32154,55.87095],[-4.32149,55.87103],[-4.3224,55.87124]]},"properties":{"c":0,"n":423}},{"type":"Feature","geometry":{"type":"LineString","coordinates":[[-4.35292,55.89525],[-4.35331,55.89537]]},"properties":{"c":0,"n":45}},{"type":"Feature","geometry":{"type":"LineString","coordinates":[[-4.3477,55.87787],[-4.34798,55.87798]]},"properties":{"c":0,"n":41}},{"type":"Feature","geometry":{"type":"LineString","coordinates":[[-4.3517,55.89096],[-4.35123,55.89208],[-4.35002,55.8936]]},"properties":{"c":0,"n":45}},{"type":"Feature","geometry":{"type":"LineString","coordinates":[[-4.34931,55.89422],[-4.34941,55.89425]]},"properties":{"c":0,"n":45}},{"type":"Feature","geometry":{"type":"LineString","coordinates":[[-4.35126,55.887],[-4.35134,55.88724]]},"properties":{"c":0,"n":45}},{"type":"Feature","geometry":{"type":"LineString","coordinates":[[-4.34348,55.87612],[-4.34427,55.87651]]},"properties":{"c":0,"n":28}},{"type":"Feature","geometry":{"type":"LineString","coordinates":[[-4.3503,55.88005],[-4.35017,55.88041]]},"properties":{"c":0,"n":41}},{"type":"Feature","geometry":{"type":"LineString","coordinates":[[-4.35331,55.89537],[-4.35413,55.89562]]},"properties":{"c":0,"n":45}},{"type":"Feature","geometry":{"type":"LineString","coordinates":[[-4.35203,55.89498],[-4.35292,55.89525]]},"properties":{"c":0,"n":45}},{"type":"Feature","geometry":{"type":"LineString","coordinates":[[-4.34922,55.87846],[-4.34886,55.87876]]},"properties":{"c":0,"n":41}},{"type":"Feature","geometry":{"type":"LineString","coordinates":[[-4.34798,55.87798],[-4.34922,55.87846]]},"properties":{"c":0,"n":41}},{"type":"Feature","geometry":{"type":"LineString","coordinates":[[-4.35424,55.89564],[-4.35446,55.89578]]},"properties":{"c":0,"n":45}},{"type":"Feature","geometry":{"type":"LineString","coordinates":[[-4.35187,55.89036],[-4.3517,55.89096]]},"properties":{"c":0,"n":45}},{"type":"Feature","geometry":{"type":"LineString","coordinates":[[-4.29942,55.88753],[-4.29805,55.88767],[-4.29732,55.88806]]},"properties":{"c":0,"n":94}},{"type":"Feature","geometry":{"type":"LineString","coordinates":[[-4.30353,55.88525],[-4.30364,55.88531]]},"properties":{"c":0,"n":45}},{"type":"Feature","geometry":{"type":"LineString","coordinates":[[-4.30238,55.88448],[-4.30327,55.88514]]},"properties":{"c":0,"n":94}},{"type":"Feature","geometry":{"type":"LineString","coordinates":[[-4.30401,55.88554],[-4.30398,55.88568]]},"properties":{"c":0,"n":45}},{"type":"Feature","geometry":{"type":"LineString","coordinates":[[-4.30327,55.88514],[-4.30353,55.88525]]},"properties":{"c":0,"n":45}},{"type":"Feature","geometry":{"type":"LineString","coordinates":[[-4.30404,55.88553],[-4.30401,55.88554]]},"properties":{"c":0,"n":45}},{"type":"Feature","geometry":{"type":"LineString","coordinates":[[-4.29199,55.88953],[-4.29224,55.89043]]},"properties":{"c":0,"n":45}},{"type":"Feature","geometry":{"type":"LineString","coordinates":[[-4.29224,55.89043],[-4.29054,55.89066],[-4.29029,55.89083]]},"properties":{"c":0,"n":94}},{"type":"Feature","geometry":{"type":"LineString","coordinates":[[-4.30449,55.88617],[-4.30486,55.88654]]},"properties":{"c":0,"n":94}},{"type":"Feature","geometry":{"type":"LineString","coordinates":[[-4.30598,55.88797],[-4.30481,55.888]]},"properties":{"c":0,"n":94}},{"type":"Feature","geometry":{"type":"LineString","coordinates":[[-4.30486,55.88654],[-4.30548,55.88719]]},"properties":{"c":0,"n":94}},{"type":"Feature","geometry":{"type":"LineString","coordinates":[[-4.30167,55.88796],[-4.30009,55.88759]]},"properties":{"c":0,"n":94}},{"type":"Feature","geometry":{"type":"LineString","coordinates":[[-4.30548,55.88719],[-4.30618,55.88791]]},"properties":{"c":0,"n":94}},{"type":"Feature","geometry":{"type":"LineString","coordinates":[[-4.30364,55.88531],[-4.30391,55.88541]]},"properties":{"c":0,"n":45}},{"type":"Feature","geometry":{"type":"LineString","coordinates":[[-4.30618,55.88791],[-4.30598,55.88797]]},"properties":{"c":0,"n":94}},{"type":"Feature","geometry":{"type":"LineString","coordinates":[[-4.30447,55.88615],[-4.30449,55.88617]]},"properties":{"c":0,"n":94}},{"type":"Feature","geometry":{"type":"LineString","coordinates":[[-4.30391,55.88541],[-4.30405,55.88544]]},"properties":{"c":0,"n":45}},{"type":"Feature","geometry":{"type":"LineString","coordinates":[[-4.30398,55.88568],[-4.30413,55.88586]]},"properties":{"c":0,"n":94}},{"type":"Feature","geometry":{"type":"LineString","coordinates":[[-4.30394,55.88802],[-4.30363,55.88803]]},"properties":{"c":0,"n":94}},{"type":"Feature","geometry":{"type":"LineString","coordinates":[[-4.29247,55.88949],[-4.29199,55.88953]]},"properties":{"c":0,"n":45}},{"type":"Feature","geometry":{"type":"LineString","coordinates":[[-4.30363,55.88803],[-4.30267,55.88806]]},"properties":{"c":0,"n":94}},{"type":"Feature","geometry":{"type":"LineString","coordinates":[[-4.29411,55.88924],[-4.2931,55.88943]]},"properties":{"c":0,"n":94}},{"type":"Feature","geometry":{"type":"LineString","coordinates":[[-4.30405,55.88544],[-4.30404,55.88553]]},"properties":{"c":0,"n":45}},{"type":"Feature","geometry":{"type":"LineString","coordinates":[[-4.30481,55.888],[-4.30394,55.88802]]},"properties":{"c":0,"n":94}},{"type":"Feature","geometry":{"type":"LineString","coordinates":[[-4.29732,55.88806],[-4.29659,55.88844]]},"properties":{"c":0,"n":94}},{"type":"Feature","geometry":{"type":"LineString","coordinates":[[-4.2931,55.88943],[-4.29247,55.88949]]},"properties":{"c":0,"n":45}},{"type":"Feature","geometry":{"type":"LineString","coordinates":[[-4.29509,55.88883],[-4.29411,55.88924]]},"properties":{"c":0,"n":94}},{"type":"Feature","geometry":{"type":"LineString","coordinates":[[-4.30267,55.88806],[-4.30213,55.88805],[-4.30167,55.88796]]},"properties":{"c":0,"n":94}},{"type":"Feature","geometry":{"type":"LineString","coordinates":[[-4.30234,55.88346],[-4.30217,55.88365],[-4.30211,55.88392]]},"properties":{"c":0,"n":94}},{"type":"Feature","geometry":{"type":"LineString","coordinates":[[-4.29659,55.88844],[-4.2957,55.88862]]},"properties":{"c":0,"n":94}},{"type":"Feature","geometry":{"type":"LineString","coordinates":[[-4.30009,55.88759],[-4.29942,55.88753]]},"properties":{"c":0,"n":94}},{"type":"Feature","geometry":{"type":"LineString","coordinates":[[-4.2957,55.88862],[-4.29509,55.88883]]},"properties":{"c":0,"n":94}},{"type":"Feature","geometry":{"type":"LineString","coordinates":[[-4.30413,55.88586],[-4.30447,55.88615]]},"properties":{"c":0,"n":94}},{"type":"Feature","geometry":{"type":"LineString","coordinates":[[-4.30211,55.88392],[-4.30238,55.88448]]},"properties":{"c":0,"n":94}},{"type":"Feature","geometry":{"type":"LineString","coordinates":[[-4.34104,55.85174],[-4.34109,55.85155]]},"properties":{"c":0,"n":22}},{"type":"Feature","geometry":{"type":"LineString","coordinates":[[-4.33962,55.85699],[-4.3396,55.85696]]},"properties":{"c":34,"n":579}},{"type":"Feature","geometry":{"type":"LineString","coordinates":[[-4.34046,55.85581],[-4.34041,55.85576]]},"properties":{"c":0,"n":22}},{"type":"Feature","geometry":{"type":"LineString","coordinates":[[-4.33987,55.8567],[-4.34019,55.85652]]},"properties":{"c":0,"n":22}},{"type":"Feature","geometry":{"type":"LineString","coordinates":[[-4.34117,55.85487],[-4.34057,55.8541],[-4.34078,55.85309]]},"properties":{"c":0,"n":28}},{"type":"Feature","geometry":{"type":"LineString","coordinates":[[-4.3396,55.85696],[-4.33962,55.8568],[-4.33982,55.85671]]},"properties":{"c":0,"n":22}},{"type":"Feature","geometry":{"type":"LineString","coordinates":[[-4.33447,55.84721],[-4.33361,55.84663]]},"properties":{"c":0,"n":28}},{"type":"Feature","geometry":{"type":"LineString","coordinates":[[-4.34016,55.8514],[-4.33797,55.85098],[-4.33744,55.85077]]},"properties":{"c":0,"n":28}},{"type":"Feature","geometry":{"type":"LineString","coordinates":[[-4.34019,55.85652],[-4.34054,55.85604]]},"properties":{"c":0,"n":28}},{"type":"Feature","geometry":{"type":"LineString","coordinates":[[-4.34059,55.85546],[-4.34093,55.85526],[-4.34098,55.85506]]},"properties":{"c":0,"n":22}},{"type":"Feature","geometry":{"type":"LineString","coordinates":[[-4.3404,55.85574],[-4.34045,55.85566]]},"properties":{"c":0,"n":22}},{"type":"Feature","geometry":{"type":"LineString","coordinates":[[-4.34045,55.85566],[-4.34048,55.85565]]},"properties":{"c":0,"n":22}},{"type":"Feature","geometry":{"type":"LineString","coordinates":[[-4.34054,55.85604],[-4.3405,55.85582]]},"properties":{"c":0,"n":22}},{"type":"Feature","geometry":{"type":"LineString","coordinates":[[-4.33744,55.85077],[-4.33674,55.85048]]},"properties":{"c":0,"n":28}},{"type":"Feature","geometry":{"type":"LineString","coordinates":[[-4.33674,55.85048],[-4.33673,55.85036],[-4.33724,55.84947]]},"properties":{"c":0,"n":28}},{"type":"Feature","geometry":{"type":"LineString","coordinates":[[-4.33361,55.84663],[-4.33335,55.84658],[-4.33287,55.8466]]},"properties":{"c":0,"n":27}},{"type":"Feature","geometry":{"type":"LineString","coordinates":[[-4.33724,55.84947],[-4.33758,55.84893],[-4.33756,55.84853],[-4.33447,55.84721]]},"properties":{"c":0,"n":28}},{"type":"Feature","geometry":{"type":"LineString","coordinates":[[-4.32766,55.86392],[-4.32765,55.8638]]},"properties":{"c":0,"n":68}},{"type":"Feature","geometry":{"type":"LineString","coordinates":[[-4.34034,55.85143],[-4.34016,55.8514]]},"properties":{"c":0,"n":28}},{"type":"Feature","geometry":{"type":"LineString","coordinates":[[-4.34109,55.85155],[-4.34034,55.85143]]},"properties":{"c":0,"n":28}},{"type":"Feature","geometry":{"type":"LineString","coordinates":[[-4.34048,55.85565],[-4.34059,55.85546]]},"properties":{"c":0,"n":22}},{"type":"Feature","geometry":{"type":"LineString","coordinates":[[-4.34078,55.85309],[-4.34101,55.85189]]},"properties":{"c":0,"n":22}},{"type":"Feature","geometry":{"type":"LineString","coordinates":[[-4.34041,55.85576],[-4.3404,55.85574]]},"properties":{"c":0,"n":22}},{"type":"Feature","geometry":{"type":"LineString","coordinates":[[-4.3405,55.85582],[-4.34046,55.85581]]},"properties":{"c":0,"n":22}},{"type":"Feature","geometry":{"type":"LineString","coordinates":[[-4.32765,55.8638],[-4.3279,55.86362],[-4.32813,55.8636]]},"properties":{"c":0,"n":68}},{"type":"Feature","geometry":{"type":"LineString","coordinates":[[-4.34101,55.85189],[-4.34104,55.85174]]},"properties":{"c":0,"n":22}},{"type":"Feature","geometry":{"type":"LineString","coordinates":[[-4.34098,55.85506],[-4.3411,55.85504],[-4.34117,55.85487]]},"properties":{"c":0,"n":22}},{"type":"Feature","geometry":{"type":"LineString","coordinates":[[-4.32813,55.8636],[-4.32876,55.86343]]},"properties":{"c":0,"n":68}},{"type":"Feature","geometry":{"type":"LineString","coordinates":[[-4.28024,55.86528],[-4.28013,55.86494]]},"properties":{"c":669,"n":2813}},{"type":"Feature","geometry":{"type":"LineString","coordinates":[[-4.28013,55.86494],[-4.28007,55.8649]]},"properties":{"c":669,"n":2018}},{"type":"Feature","geometry":{"type":"LineString","coordinates":[[-4.27609,55.86505],[-4.27601,55.86506]]},"properties":{"c":669,"n":2338}},{"type":"Feature","geometry":{"type":"LineString","coordinates":[[-4.27071,55.86629],[-4.27056,55.86631]]},"properties":{"c":0,"n":5575}},{"type":"Feature","geometry":{"type":"LineString","coordinates":[[-4.29456,55.87683],[-4.29269,55.87619]]},"properties":{"c":0,"n":636}},{"type":"Feature","geometry":{"type":"LineString","coordinates":[[-4.30036,55.87723],[-4.30029,55.87721]]},"properties":{"c":0,"n":730}},{"type":"Feature","geometry":{"type":"LineString","coordinates":[[-4.29563,55.87584],[-4.2953,55.87613]]},"properties":{"c":0,"n":636}},{"type":"Feature","geometry":{"type":"LineString","coordinates":[[-4.29733,55.87659],[-4.29637,55.87625]]},"properties":{"c":0,"n":636}},{"type":"Feature","geometry":{"type":"LineString","coordinates":[[-4.30483,55.87731],[-4.3047,55.87733]]},"properties":{"c":0,"n":926}},{"type":"Feature","geometry":{"type":"LineString","coordinates":[[-4.29514,55.87628],[-4.29456,55.87683]]},"properties":{"c":0,"n":1001}},{"type":"Feature","geometry":{"type":"LineString","coordinates":[[-4.30567,55.87723],[-4.30483,55.87731]]},"properties":{"c":0,"n":926}},{"type":"Feature","geometry":{"type":"LineString","coordinates":[[-4.31987,55.8759],[-4.31973,55.87592],[-4.31944,55.8758],[-4.31896,55.87587]]},"properties":{"c":0,"n":375}},{"type":"Feature","geometry":{"type":"LineString","coordinates":[[-4.29873,55.87668],[-4.29845,55.87694],[-4.29836,55.87694],[-4.29733,55.87659]]},"properties":{"c":0,"n":636}},{"type":"Feature","geometry":{"type":"LineString","coordinates":[[-4.30637,55.87713],[-4.30567,55.87723]]},"properties":{"c":0,"n":926}},{"type":"Feature","geometry":{"type":"LineString","coordinates":[[-4.30029,55.87721],[-4.29943,55.87691]]},"properties":{"c":0,"n":636}},{"type":"Feature","geometry":{"type":"LineString","coordinates":[[-4.29943,55.87691],[-4.29873,55.87668]]},"properties":{"c":0,"n":636}},{"type":"Feature","geometry":{"type":"LineString","coordinates":[[-4.30299,55.87736],[-4.30036,55.87723]]},"properties":{"c":0,"n":636}},{"type":"Feature","geometry":{"type":"LineString","coordinates":[[-4.3047,55.87733],[-4.30443,55.87736]]},"properties":{"c":0,"n":759}},{"type":"Feature","geometry":{"type":"LineString","coordinates":[[-4.29637,55.87625],[-4.29612,55.8759],[-4.29592,55.87594],[-4.29563,55.87584]]},"properties":{"c":0,"n":636}},{"type":"Feature","geometry":{"type":"LineString","coordinates":[[-4.30443,55.87736],[-4.3038,55.8774],[-4.30299,55.87736]]},"properties":{"c":0,"n":759}},{"type":"Feature","geometry":{"type":"LineString","coordinates":[[-4.2953,55.87613],[-4.29514,55.87628]]},"properties":{"c":0,"n":1001}},{"type":"Feature","geometry":{"type":"LineString","coordinates":[[-4.31996,55.87597],[-4.32031,55.87583]]},"properties":{"c":0,"n":92}},{"type":"Feature","geometry":{"type":"LineString","coordinates":[[-4.32379,55.87575],[-4.3242,55.87551]]},"properties":{"c":0,"n":92}},{"type":"Feature","geometry":{"type":"LineString","coordinates":[[-4.32085,55.87589],[-4.32193,55.87599],[-4.32282,55.87596]]},"properties":{"c":0,"n":92}},{"type":"Feature","geometry":{"type":"LineString","coordinates":[[-4.32282,55.87596],[-4.32379,55.87575]]},"properties":{"c":0,"n":92}},{"type":"Feature","geometry":{"type":"LineString","coordinates":[[-4.32031,55.87583],[-4.32085,55.87589]]},"properties":{"c":0,"n":92}},{"type":"Feature","geometry":{"type":"LineString","coordinates":[[-4.30671,55.87828],[-4.30607,55.87821]]},"properties":{"c":0,"n":350}},{"type":"Feature","geometry":{"type":"LineString","coordinates":[[-4.30733,55.87836],[-4.30671,55.87828]]},"properties":{"c":0,"n":350}},{"type":"Feature","geometry":{"type":"LineString","coordinates":[[-4.30778,55.87712],[-4.30733,55.87836]]},"properties":{"c":0,"n":12}},{"type":"Feature","geometry":{"type":"LineString","coordinates":[[-4.32606,55.88972],[-4.32629,55.89039]]},"properties":{"c":0,"n":31}},{"type":"Feature","geometry":{"type":"LineString","coordinates":[[-4.326,55.88963],[-4.32606,55.88972]]},"properties":{"c":0,"n":31}},{"type":"Feature","geometry":{"type":"LineString","coordinates":[[-4.30288,55.87868],[-4.30094,55.87862]]},"properties":{"c":0,"n":290}},{"type":"Feature","geometry":{"type":"LineString","coordinates":[[-4.29912,55.87929],[-4.29848,55.87953]]},"properties":{"c":0,"n":384}},{"type":"Feature","geometry":{"type":"LineString","coordinates":[[-4.29729,55.88064],[-4.29696,55.88091]]},"properties":{"c":0,"n":384}},{"type":"Feature","geometry":{"type":"LineString","coordinates":[[-4.29617,55.88146],[-4.2957,55.88173]]},"properties":{"c":0,"n":384}},{"type":"Feature","geometry":{"type":"LineString","coordinates":[[-4.29848,55.87953],[-4.29822,55.87971]]},"properties":{"c":0,"n":384}},{"type":"Feature","geometry":{"type":"LineString","coordinates":[[-4.29985,55.87915],[-4.29912,55.87929]]},"properties":{"c":0,"n":384}},{"type":"Feature","geometry":{"type":"LineString","coordinates":[[-4.29822,55.87971],[-4.29805,55.87997]]},"properties":{"c":0,"n":384}},{"type":"Feature","geometry":{"type":"LineString","coordinates":[[-4.29696,55.88091],[-4.29654,55.88123]]},"properties":{"c":0,"n":384}},{"type":"Feature","geometry":{"type":"LineString","coordinates":[[-4.30094,55.87862],[-4.30044,55.87896],[-4.29985,55.87915]]},"properties":{"c":0,"n":384}},{"type":"Feature","geometry":{"type":"LineString","coordinates":[[-4.30299,55.87736],[-4.30288,55.87868]]},"properties":{"c":0,"n":290}},{"type":"Feature","geometry":{"type":"LineString","coordinates":[[-4.2957,55.88173],[-4.29478,55.88214]]},"properties":{"c":0,"n":384}},{"type":"Feature","geometry":{"type":"LineString","coordinates":[[-4.29654,55.88123],[-4.29617,55.88146]]},"properties":{"c":0,"n":384}},{"type":"Feature","geometry":{"type":"LineString","coordinates":[[-4.29748,55.88048],[-4.29729,55.88064]]},"properties":{"c":0,"n":384}},{"type":"Feature","geometry":{"type":"LineString","coordinates":[[-4.327,55.87664],[-4.32731,55.87657]]},"properties":{"c":0,"n":88}},{"type":"Feature","geometry":{"type":"LineString","coordinates":[[-4.33231,55.87783],[-4.33493,55.87851]]},"properties":{"c":0,"n":88}},{"type":"Feature","geometry":{"type":"LineString","coordinates":[[-4.33024,55.87722],[-4.33031,55.87726]]},"properties":{"c":0,"n":88}},{"type":"Feature","geometry":{"type":"LineString","coordinates":[[-4.33493,55.87851],[-4.33587,55.87862],[-4.33759,55.8785]]},"properties":{"c":0,"n":88}},{"type":"Feature","geometry":{"type":"LineString","coordinates":[[-4.32837,55.87651],[-4.32886,55.87657]]},"properties":{"c":0,"n":88}},{"type":"Feature","geometry":{"type":"LineString","coordinates":[[-4.32731,55.87657],[-4.32744,55.87655]]},"properties":{"c":0,"n":88}},{"type":"Feature","geometry":{"type":"LineString","coordinates":[[-4.32886,55.87657],[-4.32937,55.87673],[-4.32982,55.87695]]},"properties":{"c":0,"n":88}},{"type":"Feature","geometry":{"type":"LineString","coordinates":[[-4.32744,55.87655],[-4.32776,55.8765]]},"properties":{"c":0,"n":88}},{"type":"Feature","geometry":{"type":"LineString","coordinates":[[-4.32776,55.8765],[-4.32837,55.87651]]},"properties":{"c":0,"n":88}},{"type":"Feature","geometry":{"type":"LineString","coordinates":[[-4.32255,55.87785],[-4.32313,55.87767]]},"properties":{"c":0,"n":115}},{"type":"Feature","geometry":{"type":"LineString","coordinates":[[-4.3264,55.87671],[-4.32679,55.87666]]},"properties":{"c":0,"n":119}},{"type":"Feature","geometry":{"type":"LineString","coordinates":[[-4.32313,55.87767],[-4.32514,55.87704]]},"properties":{"c":0,"n":115}},{"type":"Feature","geometry":{"type":"LineString","coordinates":[[-4.32514,55.87704],[-4.32632,55.87672]]},"properties":{"c":0,"n":115}},{"type":"Feature","geometry":{"type":"LineString","coordinates":[[-4.32982,55.87695],[-4.33024,55.87722]]},"properties":{"c":0,"n":88}},{"type":"Feature","geometry":{"type":"LineString","coordinates":[[-4.33031,55.87726],[-4.33231,55.87783]]},"properties":{"c":0,"n":88}},{"type":"Feature","geometry":{"type":"LineString","coordinates":[[-4.32679,55.87666],[-4.327,55.87664]]},"properties":{"c":0,"n":119}},{"type":"Feature","geometry":{"type":"LineString","coordinates":[[-4.25108,55.85468],[-4.25047,55.85459]]},"properties":{"c":2704,"n":2132}},{"type":"Feature","geometry":{"type":"LineString","coordinates":[[-4.27041,55.85728],[-4.2704,55.85758]]},"properties":{"c":272,"n":9129}},{"type":"Feature","geometry":{"type":"LineString","coordinates":[[-4.27043,55.85669],[-4.27043,55.85678]]},"properties":{"c":272,"n":9129}},{"type":"Feature","geometry":{"type":"LineString","coordinates":[[-4.27043,55.85678],[-4.27041,55.85728]]},"properties":{"c":272,"n":9129}},{"type":"Feature","geometry":{"type":"LineString","coordinates":[[-4.2704,55.85758],[-4.27041,55.85778]]},"properties":{"c":272,"n":9129}},{"type":"Feature","geometry":{"type":"LineString","coordinates":[[-4.27041,55.85778],[-4.27047,55.8587]]},"properties":{"c":272,"n":9129}},{"type":"Feature","geometry":{"type":"LineString","coordinates":[[-4.26405,55.85488],[-4.2629,55.85474]]},"properties":{"c":2536,"n":1142}},{"type":"Feature","geometry":{"type":"LineString","coordinates":[[-4.2629,55.85474],[-4.26309,55.85422]]},"properties":{"c":2536,"n":1142}},{"type":"Feature","geometry":{"type":"LineString","coordinates":[[-4.25229,55.8547],[-4.2516,55.85451],[-4.25122,55.85455]]},"properties":{"c":3041,"n":4437}},{"type":"Feature","geometry":{"type":"LineString","coordinates":[[-4.25957,55.85643],[-4.25932,55.85643],[-4.25933,55.85624],[-4.25719,55.85604],[-4.25601,55.85573]]},"properties":{"c":3041,"n":545}},{"type":"Feature","geometry":{"type":"LineString","coordinates":[[-4.25982,55.85643],[-4.25974,55.85643]]},"properties":{"c":3041,"n":545}},{"type":"Feature","geometry":{"type":"LineString","coordinates":[[-4.25974,55.85643],[-4.25957,55.85643]]},"properties":{"c":3041,"n":545}},{"type":"Feature","geometry":{"type":"LineString","coordinates":[[-4.27301,55.85666],[-4.27349,55.85669],[-4.27395,55.85683]]},"properties":{"c":4326,"n":2907}},{"type":"Feature","geometry":{"type":"LineString","coordinates":[[-4.26619,55.86092],[-4.26631,55.86097]]},"properties":{"c":73,"n":275}},{"type":"Feature","geometry":{"type":"LineString","coordinates":[[-4.26491,55.86076],[-4.26619,55.86092]]},"properties":{"c":73,"n":275}},{"type":"Feature","geometry":{"type":"LineString","coordinates":[[-4.26631,55.86097],[-4.26631,55.86105]]},"properties":{"c":73,"n":275}},{"type":"Feature","geometry":{"type":"LineString","coordinates":[[-4.2623,55.8521],[-4.26078,55.85193]]},"properties":{"c":0,"n":198}},{"type":"Feature","geometry":{"type":"LineString","coordinates":[[-4.26078,55.85193],[-4.25926,55.85177]]},"properties":{"c":0,"n":198}},{"type":"Feature","geometry":{"type":"LineString","coordinates":[[-4.26355,55.85292],[-4.2638,55.85227]]},"properties":{"c":0,"n":41}},{"type":"Feature","geometry":{"type":"LineString","coordinates":[[-4.26343,55.85326],[-4.26355,55.85292]]},"properties":{"c":0,"n":41}},{"type":"Feature","geometry":{"type":"LineString","coordinates":[[-4.2638,55.85227],[-4.26264,55.85214]]},"properties":{"c":0,"n":198}},{"type":"Feature","geometry":{"type":"LineString","coordinates":[[-4.26264,55.85214],[-4.2623,55.8521]]},"properties":{"c":0,"n":198}},{"type":"Feature","geometry":{"type":"LineString","coordinates":[[-4.26333,55.85354],[-4.26343,55.85326]]},"properties":{"c":0,"n":41}},{"type":"Feature","geometry":{"type":"LineString","coordinates":[[-4.26331,55.85359],[-4.26333,55.85354]]},"properties":{"c":0,"n":41}},{"type":"Feature","geometry":{"type":"LineString","coordinates":[[-4.26309,55.85422],[-4.26331,55.85359]]},"properties":{"c":0,"n":41}},{"type":"Feature","geometry":{"type":"LineString","coordinates":[[-4.26213,55.85678],[-4.26105,55.85667]]},"properties":{"c":3336,"n":7472}},{"type":"Feature","geometry":{"type":"LineString","coordinates":[[-4.2628,55.85678],[-4.26262,55.85684]]},"properties":{"c":0,"n":3286}},{"type":"Feature","geometry":{"type":"LineString","coordinates":[[-4.26515,55.85688],[-4.26513,55.85721]]},"properties":{"c":542,"n":43}},{"type":"Feature","geometry":{"type":"LineString","coordinates":[[-4.26559,55.86297],[-4.26555,55.8631]]},"properties":{"c":0,"n":75}},{"type":"Feature","geometry":{"type":"LineString","coordinates":[[-4.26544,55.86341],[-4.26551,55.86344]]},"properties":{"c":0,"n":75}},{"type":"Feature","geometry":{"type":"LineString","coordinates":[[-4.26621,55.86131],[-4.26615,55.86149]]},"properties":{"c":0,"n":75}},{"type":"Feature","geometry":{"type":"LineString","coordinates":[[-4.26615,55.86149],[-4.26607,55.86174]]},"properties":{"c":0,"n":75}},{"type":"Feature","geometry":{"type":"LineString","coordinates":[[-4.26555,55.8631],[-4.26544,55.86341]]},"properties":{"c":0,"n":75}},{"type":"Feature","geometry":{"type":"LineString","coordinates":[[-4.26513,55.85721],[-4.26502,55.85804]]},"properties":{"c":542,"n":43}},{"type":"Feature","geometry":{"type":"LineString","coordinates":[[-4.26502,55.85804],[-4.26491,55.85906]]},"properties":{"c":542,"n":43}},{"type":"Feature","geometry":{"type":"LineString","coordinates":[[-4.26631,55.86105],[-4.26621,55.86131]]},"properties":{"c":0,"n":75}},{"type":"Feature","geometry":{"type":"LineString","coordinates":[[-4.26607,55.86174],[-4.26603,55.86188]]},"properties":{"c":0,"n":75}},{"type":"Feature","geometry":{"type":"LineString","coordinates":[[-4.26491,55.85906],[-4.2649,55.85909]]},"properties":{"c":542,"n":43}},{"type":"Feature","geometry":{"type":"LineString","coordinates":[[-4.26603,55.86188],[-4.26593,55.86206]]},"properties":{"c":0,"n":75}},{"type":"Feature","geometry":{"type":"LineString","coordinates":[[-4.25544,55.86486],[-4.25709,55.86505]]},"properties":{"c":0,"n":5252}},{"type":"Feature","geometry":{"type":"LineString","coordinates":[[-4.25709,55.86505],[-4.25833,55.86519]]},"properties":{"c":0,"n":5252}},{"type":"Feature","geometry":{"type":"LineString","coordinates":[[-4.25401,55.86469],[-4.25544,55.86486]]},"properties":{"c":0,"n":5252}},{"type":"Feature","geometry":{"type":"LineString","coordinates":[[-4.26174,55.8652],[-4.2619,55.86487]]},"properties":{"c":1447,"n":13096}},{"type":"Feature","geometry":{"type":"LineString","coordinates":[[-4.24575,55.85825],[-4.24449,55.85799]]},"properties":{"c":0,"n":3798}},{"type":"Feature","geometry":{"type":"LineString","coordinates":[[-4.26203,55.8645],[-4.26216,55.86414]]},"properties":{"c":1063,"n":3676}},{"type":"Feature","geometry":{"type":"LineString","coordinates":[[-4.2619,55.86487],[-4.26203,55.8645]]},"properties":{"c":1063,"n":3676}},{"type":"Feature","geometry":{"type":"LineString","coordinates":[[-4.24766,55.85972],[-4.24785,55.85919]]},"properties":{"c":1864,"n":4938}},{"type":"Feature","geometry":{"type":"LineString","coordinates":[[-4.24803,55.85866],[-4.24721,55.85857]]},"properties":{"c":1864,"n":4938}},{"type":"Feature","geometry":{"type":"LineString","coordinates":[[-4.24785,55.85919],[-4.24803,55.85866]]},"properties":{"c":1864,"n":4938}},{"type":"Feature","geometry":{"type":"LineString","coordinates":[[-4.29582,55.83127],[-4.29424,55.8318]]},"properties":{"c":204,"n":1466}},{"type":"Feature","geometry":{"type":"LineString","coordinates":[[-4.30555,55.82987],[-4.30547,55.82987]]},"properties":{"c":0,"n":980}},{"type":"Feature","geometry":{"type":"LineString","coordinates":[[-4.29983,55.83183],[-4.29921,55.83184]]},"properties":{"c":0,"n":889}},{"type":"Feature","geometry":{"type":"LineString","coordinates":[[-4.28753,55.83401],[-4.28753,55.83428]]},"properties":{"c":204,"n":1454}},{"type":"Feature","geometry":{"type":"LineString","coordinates":[[-4.27339,55.83802],[-4.27214,55.83851]]},"properties":{"c":0,"n":735}},{"type":"Feature","geometry":{"type":"LineString","coordinates":[[-4.29258,55.83235],[-4.29126,55.83279]]},"properties":{"c":204,"n":1466}},{"type":"Feature","geometry":{"type":"LineString","coordinates":[[-4.28938,55.83342],[-4.28753,55.83401]]},"properties":{"c":204,"n":1466}},{"type":"Feature","geometry":{"type":"LineString","coordinates":[[-4.30641,55.83003],[-4.30615,55.82988]]},"properties":{"c":0,"n":906}},{"type":"Feature","geometry":{"type":"LineString","coordinates":[[-4.29372,55.83197],[-4.29258,55.83235]]},"properties":{"c":204,"n":1466}},{"type":"Feature","geometry":{"type":"LineString","coordinates":[[-4.29049,55.83305],[-4.28938,55.83342]]},"properties":{"c":204,"n":1466}},{"type":"Feature","geometry":{"type":"LineString","coordinates":[[-4.29126,55.83279],[-4.29049,55.83305]]},"properties":{"c":204,"n":1466}},{"type":"Feature","geometry":{"type":"LineString","coordinates":[[-4.3045,55.83006],[-4.30441,55.83024],[-4.30424,55.83032],[-4.30271,55.83073]]},"properties":{"c":0,"n":889}},{"type":"Feature","geometry":{"type":"LineString","coordinates":[[-4.29594,55.83123],[-4.29582,55.83127]]},"properties":{"c":0,"n":667}},{"type":"Feature","geometry":{"type":"LineString","coordinates":[[-4.30475,55.82989],[-4.3045,55.83006]]},"properties":{"c":0,"n":980}},{"type":"Feature","geometry":{"type":"LineString","coordinates":[[-4.29921,55.83184],[-4.29698,55.8314]]},"properties":{"c":0,"n":889}},{"type":"Feature","geometry":{"type":"LineString","coordinates":[[-4.30547,55.82987],[-4.30475,55.82989]]},"properties":{"c":0,"n":980}},{"type":"Feature","geometry":{"type":"LineString","coordinates":[[-4.29424,55.8318],[-4.29372,55.83197]]},"properties":{"c":204,"n":1466}},{"type":"Feature","geometry":{"type":"LineString","coordinates":[[-4.30271,55.83073],[-4.30181,55.83097],[-4.29983,55.83183]]},"properties":{"c":0,"n":889}},{"type":"Feature","geometry":{"type":"LineString","coordinates":[[-4.30615,55.82988],[-4.30555,55.82987]]},"properties":{"c":0,"n":980}},{"type":"Feature","geometry":{"type":"LineString","coordinates":[[-4.27214,55.83851],[-4.27145,55.83892],[-4.27074,55.83955],[-4.26947,55.84154]]},"properties":{"c":0,"n":735}},{"type":"Feature","geometry":{"type":"LineString","coordinates":[[-4.29698,55.8314],[-4.29594,55.83123]]},"properties":{"c":0,"n":889}},{"type":"Feature","geometry":{"type":"LineString","coordinates":[[-4.297,55.83486],[-4.2966,55.83504]]},"properties":{"c":0,"n":219}},{"type":"Feature","geometry":{"type":"LineString","coordinates":[[-4.29719,55.83458],[-4.29717,55.83471]]},"properties":{"c":0,"n":219}},{"type":"Feature","geometry":{"type":"LineString","coordinates":[[-4.29717,55.83471],[-4.297,55.83486]]},"properties":{"c":0,"n":219}},{"type":"Feature","geometry":{"type":"LineString","coordinates":[[-4.26958,55.81815],[-4.26878,55.81811]]},"properties":{"c":0,"n":76}},{"type":"Feature","geometry":{"type":"LineString","coordinates":[[-4.29289,55.82381],[-4.29255,55.8235]]},"properties":{"c":0,"n":76}},{"type":"Feature","geometry":{"type":"LineString","coordinates":[[-4.29143,55.82258],[-4.29085,55.82209]]},"properties":{"c":0,"n":76}},{"type":"Feature","geometry":{"type":"LineString","coordinates":[[-4.29398,55.82398],[-4.29321,55.8242]]},"properties":{"c":0,"n":76}},{"type":"Feature","geometry":{"type":"LineString","coordinates":[[-4.2999,55.82501],[-4.29983,55.82499]]},"properties":{"c":0,"n":97}},{"type":"Feature","geometry":{"type":"LineString","coordinates":[[-4.28711,55.82121],[-4.28601,55.82108],[-4.28405,55.82067]]},"properties":{"c":0,"n":76}},{"type":"Feature","geometry":{"type":"LineString","coordinates":[[-4.30196,55.82808],[-4.29885,55.82779]]},"properties":{"c":0,"n":54}},{"type":"Feature","geometry":{"type":"LineString","coordinates":[[-4.28992,55.82149],[-4.28928,55.82142]]},"properties":{"c":0,"n":76}},{"type":"Feature","geometry":{"type":"LineString","coordinates":[[-4.27132,55.81851],[-4.27057,55.81825],[-4.26958,55.81815]]},"properties":{"c":0,"n":76}},{"type":"Feature","geometry":{"type":"LineString","coordinates":[[-4.2969,55.8236],[-4.29648,55.82348],[-4.296,55.82343],[-4.29503,55.82367]]},"properties":{"c":0,"n":76}},{"type":"Feature","geometry":{"type":"LineString","coordinates":[[-4.27669,55.81957],[-4.27485,55.81962]]},"properties":{"c":0,"n":76}},{"type":"Feature","geometry":{"type":"LineString","coordinates":[[-4.27793,55.81975],[-4.27669,55.81957]]},"properties":{"c":0,"n":76}},{"type":"Feature","geometry":{"type":"LineString","coordinates":[[-4.29885,55.82779],[-4.29874,55.82758],[-4.29974,55.82592],[-4.30046,55.82555]]},"properties":{"c":0,"n":54}},{"type":"Feature","geometry":{"type":"LineString","coordinates":[[-4.26878,55.81811],[-4.26719,55.81814]]},"properties":{"c":0,"n":76}},{"type":"Feature","geometry":{"type":"LineString","coordinates":[[-4.27366,55.81948],[-4.2725,55.8191],[-4.27132,55.81851]]},"properties":{"c":0,"n":76}},{"type":"Feature","geometry":{"type":"LineString","coordinates":[[-4.29085,55.82209],[-4.2908,55.82205]]},"properties":{"c":0,"n":76}},{"type":"Feature","geometry":{"type":"LineString","coordinates":[[-4.29498,55.82369],[-4.29398,55.82398]]},"properties":{"c":0,"n":76}},{"type":"Feature","geometry":{"type":"LineString","coordinates":[[-4.28066,55.82035],[-4.27793,55.81975]]},"properties":{"c":0,"n":76}},{"type":"Feature","geometry":{"type":"LineString","coordinates":[[-4.30046,55.82555],[-4.30027,55.82515],[-4.2999,55.82501]]},"properties":{"c":0,"n":274}},{"type":"Feature","geometry":{"type":"LineString","coordinates":[[-4.27485,55.81962],[-4.27366,55.81948]]},"properties":{"c":0,"n":76}},{"type":"Feature","geometry":{"type":"LineString","coordinates":[[-4.3045,55.83006],[-4.30321,55.82881],[-4.30239,55.82843],[-4.30196,55.82808]]},"properties":{"c":0,"n":253}},{"type":"Feature","geometry":{"type":"LineString","coordinates":[[-4.28793,55.82129],[-4.28711,55.82121]]},"properties":{"c":0,"n":76}},{"type":"Feature","geometry":{"type":"LineString","coordinates":[[-4.29503,55.82367],[-4.29498,55.82369]]},"properties":{"c":0,"n":76}},{"type":"Feature","geometry":{"type":"LineString","coordinates":[[-4.28405,55.82067],[-4.28232,55.82039],[-4.28066,55.82035]]},"properties":{"c":0,"n":76}},{"type":"Feature","geometry":{"type":"LineString","coordinates":[[-4.2908,55.82205],[-4.29048,55.82178]]},"properties":{"c":0,"n":76}},{"type":"Feature","geometry":{"type":"LineString","coordinates":[[-4.29983,55.82499],[-4.29974,55.82495]]},"properties":{"c":0,"n":175}},{"type":"Feature","geometry":{"type":"LineString","coordinates":[[-4.29321,55.8242],[-4.29289,55.82381]]},"properties":{"c":0,"n":76}},{"type":"Feature","geometry":{"type":"LineString","coordinates":[[-4.28861,55.82136],[-4.28793,55.82129]]},"properties":{"c":0,"n":76}},{"type":"Feature","geometry":{"type":"LineString","coordinates":[[-4.29974,55.82495],[-4.29984,55.82463],[-4.29959,55.82444],[-4.29736,55.82366],[-4.29695,55.82382],[-4.29682,55.82376],[-4.2969,55.8236]]},"properties":{"c":0,"n":76}},{"type":"Feature","geometry":{"type":"LineString","coordinates":[[-4.28928,55.82142],[-4.28861,55.82136]]},"properties":{"c":0,"n":76}},{"type":"Feature","geometry":{"type":"LineString","coordinates":[[-4.29048,55.82178],[-4.29021,55.82158],[-4.28992,55.82149]]},"properties":{"c":0,"n":76}},{"type":"Feature","geometry":{"type":"LineString","coordinates":[[-4.29255,55.8235],[-4.29143,55.82258]]},"properties":{"c":0,"n":76}},{"type":"Feature","geometry":{"type":"LineString","coordinates":[[-4.30896,55.84342],[-4.30723,55.84424],[-4.30697,55.84441],[-4.3067,55.84475]]},"properties":{"c":0,"n":1811}},{"type":"Feature","geometry":{"type":"LineString","coordinates":[[-4.3067,55.84475],[-4.30624,55.84616]]},"properties":{"c":0,"n":1811}},{"type":"Feature","geometry":{"type":"LineString","coordinates":[[-4.28405,55.85884],[-4.28396,55.85915],[-4.28359,55.85965]]},"properties":{"c":1967,"n":14232}},{"type":"Feature","geometry":{"type":"LineString","coordinates":[[-4.28235,55.86044],[-4.28156,55.8603]]},"properties":{"c":1967,"n":15190}},{"type":"Feature","geometry":{"type":"LineString","coordinates":[[-4.28348,55.8598],[-4.28344,55.85985]]},"properties":{"c":1967,"n":14232}},{"type":"Feature","geometry":{"type":"LineString","coordinates":[[-4.28334,55.85998],[-4.28294,55.86037],[-4.28235,55.86044]]},"properties":{"c":1967,"n":14232}},{"type":"Feature","geometry":{"type":"LineString","coordinates":[[-4.28404,55.85875],[-4.28405,55.85884]]},"properties":{"c":1732,"n":11636}},{"type":"Feature","geometry":{"type":"LineString","coordinates":[[-4.28103,55.86077],[-4.28091,55.86091]]},"properties":{"c":1732,"n":11391}},{"type":"Feature","geometry":{"type":"LineString","coordinates":[[-4.28156,55.8603],[-4.28116,55.86033],[-4.28107,55.86062]]},"properties":{"c":1967,"n":15190}},{"type":"Feature","geometry":{"type":"LineString","coordinates":[[-4.28107,55.86062],[-4.28105,55.86069]]},"properties":{"c":1813,"n":12834}},{"type":"Feature","geometry":{"type":"LineString","coordinates":[[-4.28359,55.85965],[-4.28348,55.8598]]},"properties":{"c":1967,"n":14232}},{"type":"Feature","geometry":{"type":"LineString","coordinates":[[-4.28344,55.85985],[-4.28334,55.85998]]},"properties":{"c":1967,"n":14232}},{"type":"Feature","geometry":{"type":"LineString","coordinates":[[-4.28105,55.86069],[-4.28103,55.86077]]},"properties":{"c":1732,"n":11391}},{"type":"Feature","geometry":{"type":"LineString","coordinates":[[-4.31754,55.82864],[-4.31872,55.82856],[-4.31905,55.82831]]},"properties":{"c":0,"n":192}},{"type":"Feature","geometry":{"type":"LineString","coordinates":[[-4.31955,55.82844],[-4.31966,55.82848]]},"properties":{"c":0,"n":192}},{"type":"Feature","geometry":{"type":"LineString","coordinates":[[-4.31104,55.82867],[-4.31625,55.8287],[-4.31754,55.82864]]},"properties":{"c":0,"n":192}},{"type":"Feature","geometry":{"type":"LineString","coordinates":[[-4.32005,55.82865],[-4.32015,55.82854]]},"properties":{"c":0,"n":95}},{"type":"Feature","geometry":{"type":"LineString","coordinates":[[-4.33578,55.83514],[-4.33545,55.83625]]},"properties":{"c":0,"n":95}},{"type":"Feature","geometry":{"type":"LineString","coordinates":[[-4.31966,55.82848],[-4.32005,55.82865]]},"properties":{"c":0,"n":95}},{"type":"Feature","geometry":{"type":"LineString","coordinates":[[-4.30196,55.82808],[-4.30189,55.8278],[-4.3021,55.82738]]},"properties":{"c":0,"n":199}},{"type":"Feature","geometry":{"type":"LineString","coordinates":[[-4.32452,55.82928],[-4.3267,55.82999],[-4.32694,55.83021],[-4.32697,55.83089],[-4.32721,55.83117],[-4.32777,55.83144],[-4.32992,55.83164],[-4.33034,55.83156],[-4.33063,55.83092]]},"properties":{"c":0,"n":192}},{"type":"Feature","geometry":{"type":"LineString","coordinates":[[-4.33686,55.83238],[-4.33697,55.83243]]},"properties":{"c":0,"n":192}},{"type":"Feature","geometry":{"type":"LineString","coordinates":[[-4.30594,55.82823],[-4.30722,55.82834]]},"properties":{"c":0,"n":95}},{"type":"Feature","geometry":{"type":"LineString","coordinates":[[-4.30722,55.82834],[-4.31104,55.82867]]},"properties":{"c":0,"n":95}},{"type":"Feature","geometry":{"type":"LineString","coordinates":[[-4.32044,55.82858],[-4.32182,55.82833]]},"properties":{"c":0,"n":192}},{"type":"Feature","geometry":{"type":"LineString","coordinates":[[-4.3021,55.82738],[-4.30289,55.82772]]},"properties":{"c":0,"n":95}},{"type":"Feature","geometry":{"type":"LineString","coordinates":[[-4.33307,55.83067],[-4.33345,55.8311],[-4.33686,55.83238]]},"properties":{"c":0,"n":192}},{"type":"Feature","geometry":{"type":"LineString","coordinates":[[-4.31905,55.82831],[-4.31955,55.82844]]},"properties":{"c":0,"n":192}},{"type":"Feature","geometry":{"type":"LineString","coordinates":[[-4.32182,55.82833],[-4.32452,55.82928]]},"properties":{"c":0,"n":192}},{"type":"Feature","geometry":{"type":"LineString","coordinates":[[-4.33063,55.83092],[-4.3307,55.83055],[-4.33093,55.83029],[-4.33205,55.82982],[-4.33266,55.82986],[-4.33282,55.82993],[-4.33307,55.83067]]},"properties":{"c":0,"n":192}},{"type":"Feature","geometry":{"type":"LineString","coordinates":[[-4.32015,55.82854],[-4.32044,55.82858]]},"properties":{"c":0,"n":192}},{"type":"Feature","geometry":{"type":"LineString","coordinates":[[-4.33697,55.83243],[-4.33703,55.83246]]},"properties":{"c":0,"n":95}},{"type":"Feature","geometry":{"type":"LineString","coordinates":[[-4.33703,55.83246],[-4.33714,55.83252]]},"properties":{"c":0,"n":95}},{"type":"Feature","geometry":{"type":"LineString","coordinates":[[-4.33545,55.83625],[-4.33534,55.83624]]},"properties":{"c":0,"n":582}},{"type":"Feature","geometry":{"type":"LineString","coordinates":[[-4.33714,55.83252],[-4.33674,55.83275],[-4.33638,55.83311],[-4.33578,55.83514]]},"properties":{"c":0,"n":95}},{"type":"Feature","geometry":{"type":"LineString","coordinates":[[-4.30289,55.82772],[-4.30384,55.82798],[-4.30594,55.82823]]},"properties":{"c":0,"n":95}},{"type":"Feature","geometry":{"type":"LineString","coordinates":[[-4.26614,55.82695],[-4.2659,55.82697]]},"properties":{"c":0,"n":2104}},{"type":"Feature","geometry":{"type":"LineString","coordinates":[[-4.26579,55.827],[-4.2646,55.82766]]},"properties":{"c":0,"n":1452}},{"type":"Feature","geometry":{"type":"LineString","coordinates":[[-4.2659,55.82697],[-4.26579,55.827]]},"properties":{"c":0,"n":1866}},{"type":"Feature","geometry":{"type":"LineString","coordinates":[[-4.26683,55.82707],[-4.26614,55.82695]]},"properties":{"c":0,"n":2104}},{"type":"Feature","geometry":{"type":"LineString","coordinates":[[-4.30814,55.83859],[-4.30874,55.83901],[-4.30904,55.83944],[-4.3091,55.83971],[-4.30894,55.84104],[-4.3093,55.84132]]},"properties":{"c":0,"n":21}},{"type":"Feature","geometry":{"type":"LineString","coordinates":[[-4.27574,55.83411],[-4.2755,55.8341]]},"properties":{"c":0,"n":347}},{"type":"Feature","geometry":{"type":"LineString","coordinates":[[-4.26747,55.83469],[-4.26565,55.83451]]},"properties":{"c":0,"n":3253}},{"type":"Feature","geometry":{"type":"LineString","coordinates":[[-4.27473,55.83406],[-4.27458,55.834]]},"properties":{"c":1801,"n":3054}},{"type":"Feature","geometry":{"type":"LineString","coordinates":[[-4.28319,55.83401],[-4.28238,55.83424],[-4.28172,55.83425]]},"properties":{"c":0,"n":347}},{"type":"Feature","geometry":{"type":"LineString","coordinates":[[-4.27711,55.83415],[-4.27672,55.83414]]},"properties":{"c":0,"n":347}},{"type":"Feature","geometry":{"type":"LineString","coordinates":[[-4.27497,55.83408],[-4.27473,55.83406]]},"properties":{"c":0,"n":347}},{"type":"Feature","geometry":{"type":"LineString","coordinates":[[-4.2755,55.8341],[-4.27497,55.83408]]},"properties":{"c":0,"n":347}},{"type":"Feature","geometry":{"type":"LineString","coordinates":[[-4.27592,55.83411],[-4.27574,55.83411]]},"properties":{"c":0,"n":347}},{"type":"Feature","geometry":{"type":"LineString","coordinates":[[-4.27623,55.83412],[-4.27612,55.83412]]},"properties":{"c":0,"n":347}},{"type":"Feature","geometry":{"type":"LineString","coordinates":[[-4.27672,55.83414],[-4.27623,55.83412]]},"properties":{"c":0,"n":347}},{"type":"Feature","geometry":{"type":"LineString","coordinates":[[-4.27878,55.83419],[-4.27711,55.83415]]},"properties":{"c":0,"n":347}},{"type":"Feature","geometry":{"type":"LineString","coordinates":[[-4.27959,55.83421],[-4.27878,55.83419]]},"properties":{"c":0,"n":347}},{"type":"Feature","geometry":{"type":"LineString","coordinates":[[-4.27612,55.83412],[-4.27604,55.83412]]},"properties":{"c":0,"n":347}},{"type":"Feature","geometry":{"type":"LineString","coordinates":[[-4.26903,55.83473],[-4.26871,55.8348],[-4.26747,55.83469]]},"properties":{"c":0,"n":3253}},{"type":"Feature","geometry":{"type":"LineString","coordinates":[[-4.28172,55.83425],[-4.2804,55.83422]]},"properties":{"c":0,"n":347}},{"type":"Feature","geometry":{"type":"LineString","coordinates":[[-4.2804,55.83422],[-4.27959,55.83421]]},"properties":{"c":0,"n":347}},{"type":"Feature","geometry":{"type":"LineString","coordinates":[[-4.27604,55.83412],[-4.27592,55.83411]]},"properties":{"c":0,"n":347}},{"type":"Feature","geometry":{"type":"LineString","coordinates":[[-4.28868,55.84346],[-4.28797,55.84436]]},"properties":{"c":0,"n":195}},{"type":"Feature","geometry":{"type":"LineString","coordinates":[[-4.28797,55.84436],[-4.28641,55.84568]]},"properties":{"c":0,"n":195}},{"type":"Feature","geometry":{"type":"LineString","coordinates":[[-4.28958,55.84127],[-4.28921,55.84222]]},"properties":{"c":0,"n":195}},{"type":"Feature","geometry":{"type":"LineString","coordinates":[[-4.28921,55.84222],[-4.28868,55.84346]]},"properties":{"c":0,"n":195}},{"type":"Feature","geometry":{"type":"LineString","coordinates":[[-4.28963,55.84128],[-4.28958,55.84127]]},"properties":{"c":0,"n":147}},{"type":"Feature","geometry":{"type":"LineString","coordinates":[[-4.28034,55.8635],[-4.28137,55.86341]]},"properties":{"c":1190,"n":2261}},{"type":"Feature","geometry":{"type":"LineString","coordinates":[[-4.25575,55.85686],[-4.25534,55.85787]]},"properties":{"c":0,"n":239}},{"type":"Feature","geometry":{"type":"LineString","coordinates":[[-4.25058,55.85669],[-4.25043,55.85681]]},"properties":{"c":0,"n":44}},{"type":"Feature","geometry":{"type":"LineString","coordinates":[[-4.25167,55.85613],[-4.25093,55.85616],[-4.25058,55.85669]]},"properties":{"c":0,"n":44}},{"type":"Feature","geometry":{"type":"LineString","coordinates":[[-4.25202,55.85599],[-4.25197,55.85615]]},"properties":{"c":0,"n":44}},{"type":"Feature","geometry":{"type":"LineString","coordinates":[[-4.25262,55.85506],[-4.25259,55.8551]]},"properties":{"c":0,"n":353}},{"type":"Feature","geometry":{"type":"LineString","coordinates":[[-4.25198,55.85579],[-4.25202,55.85599]]},"properties":{"c":0,"n":44}},{"type":"Feature","geometry":{"type":"LineString","coordinates":[[-4.26199,55.81772],[-4.26193,55.8178]]},"properties":{"c":0,"n":2467}},{"type":"Feature","geometry":{"type":"LineString","coordinates":[[-4.26239,55.81713],[-4.26199,55.81772]]},"properties":{"c":0,"n":2467}},{"type":"Feature","geometry":{"type":"LineString","coordinates":[[-4.26193,55.8178],[-4.26175,55.81797]]},"properties":{"c":0,"n":2467}},{"type":"Feature","geometry":{"type":"LineString","coordinates":[[-4.2612,55.82268],[-4.26088,55.82273]]},"properties":{"c":0,"n":969}},{"type":"Feature","geometry":{"type":"LineString","coordinates":[[-4.2645,55.82592],[-4.26515,55.8264]]},"properties":{"c":0,"n":1498}},{"type":"Feature","geometry":{"type":"LineString","coordinates":[[-4.2659,55.82697],[-4.26597,55.82716]]},"properties":{"c":0,"n":1260}},{"type":"Feature","geometry":{"type":"LineString","coordinates":[[-4.26515,55.8264],[-4.2659,55.82697]]},"properties":{"c":0,"n":1498}},{"type":"Feature","geometry":{"type":"LineString","coordinates":[[-4.26172,55.82497],[-4.26235,55.82513]]},"properties":{"c":0,"n":1498}},{"type":"Feature","geometry":{"type":"LineString","coordinates":[[-4.26167,55.82452],[-4.26172,55.82497]]},"properties":{"c":0,"n":1498}},{"type":"Feature","geometry":{"type":"LineString","coordinates":[[-4.26414,55.82569],[-4.2645,55.82592]]},"properties":{"c":0,"n":1498}},{"type":"Feature","geometry":{"type":"LineString","coordinates":[[-4.26235,55.82513],[-4.26338,55.82539],[-4.26414,55.82569]]},"properties":{"c":0,"n":1498}},{"type":"Feature","geometry":{"type":"LineString","coordinates":[[-4.2506,55.85433],[-4.25057,55.85437]]},"properties":{"c":236,"n":3402}},{"type":"Feature","geometry":{"type":"LineString","coordinates":[[-4.25175,55.85318],[-4.2506,55.85433]]},"properties":{"c":236,"n":3402}},{"type":"Feature","geometry":{"type":"LineString","coordinates":[[-4.25054,55.85441],[-4.25044,55.85458]]},"properties":{"c":3359,"n":3380}},{"type":"Feature","geometry":{"type":"LineString","coordinates":[[-4.25504,55.84759],[-4.2549,55.84818]]},"properties":{"c":236,"n":2304}},{"type":"Feature","geometry":{"type":"LineString","coordinates":[[-4.25506,55.84696],[-4.25504,55.84759]]},"properties":{"c":236,"n":2304}},{"type":"Feature","geometry":{"type":"LineString","coordinates":[[-4.25295,55.85187],[-4.25175,55.85318]]},"properties":{"c":236,"n":3402}},{"type":"Feature","geometry":{"type":"LineString","coordinates":[[-4.25044,55.85458],[-4.25042,55.85462]]},"properties":{"c":3359,"n":3380}},{"type":"Feature","geometry":{"type":"LineString","coordinates":[[-4.25504,55.84612],[-4.25506,55.84696]]},"properties":{"c":236,"n":2304}},{"type":"Feature","geometry":{"type":"LineString","coordinates":[[-4.2538,55.85023],[-4.25295,55.85187]]},"properties":{"c":236,"n":3402}},{"type":"Feature","geometry":{"type":"LineString","coordinates":[[-4.26435,55.81738],[-4.2651,55.81752]]},"properties":{"c":0,"n":530}},{"type":"Feature","geometry":{"type":"LineString","coordinates":[[-4.28475,55.82509],[-4.28592,55.82535]]},"properties":{"c":0,"n":107}},{"type":"Feature","geometry":{"type":"LineString","coordinates":[[-4.2958,55.83019],[-4.2958,55.83026]]},"properties":{"c":450,"n":1964}},{"type":"Feature","geometry":{"type":"LineString","coordinates":[[-4.28581,55.82575],[-4.28626,55.82571]]},"properties":{"c":0,"n":107}},{"type":"Feature","geometry":{"type":"LineString","coordinates":[[-4.2888,55.82638],[-4.28863,55.82723]]},"properties":{"c":0,"n":107}},{"type":"Feature","geometry":{"type":"LineString","coordinates":[[-4.2958,55.83026],[-4.29582,55.83127]]},"properties":{"c":450,"n":1964}},{"type":"Feature","geometry":{"type":"LineString","coordinates":[[-4.29647,55.83403],[-4.29703,55.83449]]},"properties":{"c":246,"n":1105}},{"type":"Feature","geometry":{"type":"LineString","coordinates":[[-4.28626,55.82571],[-4.28644,55.82584],[-4.28784,55.82597]]},"properties":{"c":0,"n":107}},{"type":"Feature","geometry":{"type":"LineString","coordinates":[[-4.29703,55.83449],[-4.29719,55.83458]]},"properties":{"c":246,"n":1105}},{"type":"Feature","geometry":{"type":"LineString","coordinates":[[-4.29614,55.83333],[-4.29647,55.83403]]},"properties":{"c":246,"n":1165}},{"type":"Feature","geometry":{"type":"LineString","coordinates":[[-4.28784,55.82597],[-4.2888,55.82638]]},"properties":{"c":0,"n":107}},{"type":"Feature","geometry":{"type":"LineString","coordinates":[[-4.29604,55.83304],[-4.29614,55.83333]]},"properties":{"c":246,"n":1165}},{"type":"Feature","geometry":{"type":"LineString","coordinates":[[-4.29582,55.83127],[-4.29588,55.83239],[-4.29604,55.83304]]},"properties":{"c":246,"n":1165}},{"type":"Feature","geometry":{"type":"LineString","coordinates":[[-4.28592,55.82535],[-4.28581,55.82575]]},"properties":{"c":0,"n":107}},{"type":"Feature","geometry":{"type":"LineString","coordinates":[[-4.26665,55.81796],[-4.26719,55.81814]]},"properties":{"c":0,"n":530}},{"type":"Feature","geometry":{"type":"LineString","coordinates":[[-4.2651,55.81752],[-4.26606,55.81772],[-4.26665,55.81796]]},"properties":{"c":0,"n":530}},{"type":"Feature","geometry":{"type":"LineString","coordinates":[[-4.26311,55.81744],[-4.26383,55.81734],[-4.26435,55.81738]]},"properties":{"c":0,"n":530}},{"type":"Feature","geometry":{"type":"LineString","coordinates":[[-4.28336,55.82503],[-4.28475,55.82509]]},"properties":{"c":0,"n":107}},{"type":"Feature","geometry":{"type":"LineString","coordinates":[[-4.3045,55.83006],[-4.30482,55.83022],[-4.30529,55.83025]]},"properties":{"c":0,"n":162}},{"type":"Feature","geometry":{"type":"LineString","coordinates":[[-4.30046,55.82555],[-4.30058,55.82616],[-4.30085,55.82654]]},"properties":{"c":0,"n":220}},{"type":"Feature","geometry":{"type":"LineString","coordinates":[[-4.30085,55.82654],[-4.3021,55.82738]]},"properties":{"c":0,"n":220}},{"type":"Feature","geometry":{"type":"LineString","coordinates":[[-4.25481,55.8483],[-4.25486,55.84841]]},"properties":{"c":0,"n":1052}},{"type":"Feature","geometry":{"type":"LineString","coordinates":[[-4.28447,55.82746],[-4.28466,55.82725]]},"properties":{"c":0,"n":387}},{"type":"Feature","geometry":{"type":"LineString","coordinates":[[-4.28561,55.82748],[-4.28618,55.82763]]},"properties":{"c":0,"n":387}},{"type":"Feature","geometry":{"type":"LineString","coordinates":[[-4.28618,55.82763],[-4.28666,55.82774]]},"properties":{"c":0,"n":387}},{"type":"Feature","geometry":{"type":"LineString","coordinates":[[-4.2827,55.82634],[-4.28227,55.82664]]},"properties":{"c":0,"n":387}},{"type":"Feature","geometry":{"type":"LineString","coordinates":[[-4.28666,55.82774],[-4.28674,55.82784],[-4.28628,55.82833]]},"properties":{"c":0,"n":387}},{"type":"Feature","geometry":{"type":"LineString","coordinates":[[-4.28628,55.82833],[-4.28577,55.82853],[-4.28624,55.82895]]},"properties":{"c":0,"n":387}},{"type":"Feature","geometry":{"type":"LineString","coordinates":[[-4.28334,55.82704],[-4.28447,55.82746]]},"properties":{"c":0,"n":387}},{"type":"Feature","geometry":{"type":"LineString","coordinates":[[-4.28466,55.82725],[-4.28561,55.82748]]},"properties":{"c":0,"n":387}},{"type":"Feature","geometry":{"type":"LineString","coordinates":[[-4.28227,55.82664],[-4.28334,55.82704]]},"properties":{"c":0,"n":387}},{"type":"Feature","geometry":{"type":"LineString","coordinates":[[-4.28328,55.82561],[-4.2827,55.82634]]},"properties":{"c":0,"n":387}},{"type":"Feature","geometry":{"type":"LineString","coordinates":[[-4.26046,55.86036],[-4.26197,55.8605]]},"properties":{"c":0,"n":11}},{"type":"Feature","geometry":{"type":"LineString","coordinates":[[-4.26384,55.86067],[-4.26396,55.86068]]},"properties":{"c":0,"n":11}},{"type":"Feature","geometry":{"type":"LineString","coordinates":[[-4.26491,55.86076],[-4.26621,55.86085]]},"properties":{"c":0,"n":11}},{"type":"Feature","geometry":{"type":"LineString","coordinates":[[-4.26343,55.86063],[-4.26384,55.86067]]},"properties":{"c":0,"n":11}},{"type":"Feature","geometry":{"type":"LineString","coordinates":[[-4.26396,55.86068],[-4.26491,55.86076]]},"properties":{"c":0,"n":11}},{"type":"Feature","geometry":{"type":"LineString","coordinates":[[-4.26197,55.8605],[-4.26343,55.86063]]},"properties":{"c":0,"n":11}},{"type":"Feature","geometry":{"type":"LineString","coordinates":[[-4.3002,55.85108],[-4.30017,55.85101]]},"properties":{"c":296,"n":1463}},{"type":"Feature","geometry":{"type":"LineString","coordinates":[[-4.29821,55.85153],[-4.29965,55.85129],[-4.29987,55.85121]]},"properties":{"c":0,"n":1149}},{"type":"Feature","geometry":{"type":"LineString","coordinates":[[-4.29462,55.852],[-4.2952,55.85205],[-4.29573,55.85202],[-4.2966,55.85177],[-4.29692,55.85175]]},"properties":{"c":1134,"n":1709}},{"type":"Feature","geometry":{"type":"LineString","coordinates":[[-4.30023,55.85113],[-4.3002,55.85108]]},"properties":{"c":556,"n":2214}},{"type":"Feature","geometry":{"type":"LineString","coordinates":[[-4.29692,55.85175],[-4.29821,55.85153]]},"properties":{"c":0,"n":1149}},{"type":"Feature","geometry":{"type":"LineString","coordinates":[[-4.29987,55.85121],[-4.30023,55.85113]]},"properties":{"c":556,"n":2214}},{"type":"Feature","geometry":{"type":"LineString","coordinates":[[-4.30521,55.85045],[-4.30521,55.8504]]},"properties":{"c":0,"n":1808}},{"type":"Feature","geometry":{"type":"LineString","coordinates":[[-4.29823,55.85226],[-4.29948,55.85241]]},"properties":{"c":1134,"n":560}},{"type":"Feature","geometry":{"type":"LineString","coordinates":[[-4.29948,55.85241],[-4.30112,55.85261]]},"properties":{"c":1690,"n":1625}},{"type":"Feature","geometry":{"type":"LineString","coordinates":[[-4.29969,55.85625],[-4.29947,55.85674]]},"properties":{"c":1203,"n":1936}},{"type":"Feature","geometry":{"type":"LineString","coordinates":[[-4.30102,55.8529],[-4.30074,55.85369]]},"properties":{"c":1824,"n":1798}},{"type":"Feature","geometry":{"type":"LineString","coordinates":[[-4.29694,55.85194],[-4.29778,55.85222],[-4.29823,55.85226]]},"properties":{"c":1134,"n":560}},{"type":"Feature","geometry":{"type":"LineString","coordinates":[[-4.29692,55.85175],[-4.29694,55.85194]]},"properties":{"c":1134,"n":560}},{"type":"Feature","geometry":{"type":"LineString","coordinates":[[-4.30074,55.85369],[-4.30061,55.85401]]},"properties":{"c":1824,"n":2249}},{"type":"Feature","geometry":{"type":"LineString","coordinates":[[-4.29966,55.85586],[-4.29969,55.85625]]},"properties":{"c":1203,"n":1936}},{"type":"Feature","geometry":{"type":"LineString","coordinates":[[-4.30112,55.85261],[-4.30102,55.8529]]},"properties":{"c":1824,"n":1798}},{"type":"Feature","geometry":{"type":"LineString","coordinates":[[-4.28103,55.87274],[-4.28002,55.87327],[-4.27988,55.87362]]},"properties":{"c":0,"n":1313}},{"type":"Feature","geometry":{"type":"LineString","coordinates":[[-4.28036,55.86571],[-4.28051,55.86623]]},"properties":{"c":0,"n":1303}},{"type":"Feature","geometry":{"type":"LineString","coordinates":[[-4.27988,55.87362],[-4.27886,55.87332]]},"properties":{"c":0,"n":1088}},{"type":"Feature","geometry":{"type":"LineString","coordinates":[[-4.28051,55.86623],[-4.28063,55.8667]]},"properties":{"c":0,"n":1303}},{"type":"Feature","geometry":{"type":"LineString","coordinates":[[-4.28063,55.8667],[-4.28064,55.86685],[-4.28094,55.86685],[-4.28103,55.86698],[-4.28132,55.86705],[-4.28132,55.86725],[-4.28152,55.86736],[-4.28282,55.86771],[-4.28302,55.86818],[-4.28388,55.86891],[-4.28403,55.86939],[-4.28401,55.87019],[-4.28391,55.87037],[-4.28399,55.87065],[-4.28363,55.87121],[-4.28314,55.87147],[-4.28146,55.87187],[-4.28122,55.87207],[-4.28103,55.87274]]},"properties":{"c":0,"n":1313}},{"type":"Feature","geometry":{"type":"LineString","coordinates":[[-4.28323,55.87641],[-4.28282,55.87698]]},"properties":{"c":297,"n":4016}},{"type":"Feature","geometry":{"type":"LineString","coordinates":[[-4.28649,55.87807],[-4.2869,55.8782]]},"properties":{"c":297,"n":4331}},{"type":"Feature","geometry":{"type":"LineString","coordinates":[[-4.28282,55.87698],[-4.28501,55.87763]]},"properties":{"c":297,"n":4331}},{"type":"Feature","geometry":{"type":"LineString","coordinates":[[-4.28501,55.87763],[-4.28649,55.87807]]},"properties":{"c":297,"n":4331}},{"type":"Feature","geometry":{"type":"LineString","coordinates":[[-4.28794,55.8783],[-4.28799,55.87829]]},"properties":{"c":297,"n":6680}},{"type":"Feature","geometry":{"type":"LineString","coordinates":[[-4.28748,55.87829],[-4.28794,55.8783]]},"properties":{"c":297,"n":1816}},{"type":"Feature","geometry":{"type":"LineString","coordinates":[[-4.2869,55.8782],[-4.28712,55.87826]]},"properties":{"c":297,"n":4331}},{"type":"Feature","geometry":{"type":"LineString","coordinates":[[-4.28799,55.87829],[-4.28811,55.87833],[-4.28812,55.87841]]},"properties":{"c":297,"n":1501}},{"type":"Feature","geometry":{"type":"LineString","coordinates":[[-4.28712,55.87826],[-4.28748,55.87829]]},"properties":{"c":297,"n":4331}},{"type":"Feature","geometry":{"type":"LineString","coordinates":[[-4.29845,55.82622],[-4.29837,55.82617]]},"properties":{"c":0,"n":185}},{"type":"Feature","geometry":{"type":"LineString","coordinates":[[-4.30736,55.85193],[-4.31227,55.85274]]},"properties":{"c":0,"n":329}},{"type":"Feature","geometry":{"type":"LineString","coordinates":[[-4.31235,55.85271],[-4.31262,55.85271]]},"properties":{"c":0,"n":329}},{"type":"Feature","geometry":{"type":"LineString","coordinates":[[-4.30594,55.85168],[-4.30647,55.85176]]},"properties":{"c":0,"n":329}},{"type":"Feature","geometry":{"type":"LineString","coordinates":[[-4.30647,55.85176],[-4.30736,55.85193]]},"properties":{"c":0,"n":329}},{"type":"Feature","geometry":{"type":"LineString","coordinates":[[-4.30537,55.85163],[-4.3055,55.8516],[-4.30594,55.85168]]},"properties":{"c":0,"n":329}},{"type":"Feature","geometry":{"type":"LineString","coordinates":[[-4.28768,55.85643],[-4.28766,55.85649],[-4.28775,55.8565]]},"properties":{"c":0,"n":837}},{"type":"Feature","geometry":{"type":"LineString","coordinates":[[-4.28775,55.8565],[-4.28773,55.85656]]},"properties":{"c":0,"n":837}},{"type":"Feature","geometry":{"type":"LineString","coordinates":[[-4.28836,55.85418],[-4.288,55.85589],[-4.28784,55.8563],[-4.28768,55.85643]]},"properties":{"c":0,"n":837}},{"type":"Feature","geometry":{"type":"LineString","coordinates":[[-4.27882,55.86604],[-4.27636,55.86621]]},"properties":{"c":560,"n":1769}},{"type":"Feature","geometry":{"type":"LineString","coordinates":[[-4.27052,55.85677],[-4.27043,55.85678]]},"properties":{"c":4498,"n":4831}},{"type":"Feature","geometry":{"type":"LineString","coordinates":[[-4.27043,55.85678],[-4.26991,55.85678]]},"properties":{"c":4498,"n":4831}},{"type":"Feature","geometry":{"type":"LineString","coordinates":[[-4.28632,55.8646],[-4.28646,55.86477]]},"properties":{"c":0,"n":1411}},{"type":"Feature","geometry":{"type":"LineString","coordinates":[[-4.28646,55.86477],[-4.28664,55.86475],[-4.28692,55.86494]]},"properties":{"c":0,"n":1411}},{"type":"Feature","geometry":{"type":"LineString","coordinates":[[-4.2852,55.86444],[-4.28632,55.8646]]},"properties":{"c":0,"n":1411}},{"type":"Feature","geometry":{"type":"LineString","coordinates":[[-4.26845,55.86447],[-4.26841,55.86457]]},"properties":{"c":1201,"n":2167}},{"type":"Feature","geometry":{"type":"LineString","coordinates":[[-4.26841,55.86457],[-4.26836,55.86473]]},"properties":{"c":1201,"n":2167}},{"type":"Feature","geometry":{"type":"LineString","coordinates":[[-4.26836,55.86473],[-4.2682,55.86479]]},"properties":{"c":1201,"n":2167}},{"type":"Feature","geometry":{"type":"LineString","coordinates":[[-4.26675,55.86468],[-4.26661,55.86505]]},"properties":{"c":0,"n":445}},{"type":"Feature","geometry":{"type":"LineString","coordinates":[[-4.26648,55.8654],[-4.26485,55.86521]]},"properties":{"c":0,"n":303}},{"type":"Feature","geometry":{"type":"LineString","coordinates":[[-4.26661,55.86505],[-4.26648,55.8654]]},"properties":{"c":0,"n":445}},{"type":"Feature","geometry":{"type":"LineString","coordinates":[[-4.2703,55.8645],[-4.27057,55.86436]]},"properties":{"c":1019,"n":2883}},{"type":"Feature","geometry":{"type":"LineString","coordinates":[[-4.26648,55.8654],[-4.26635,55.86574]]},"properties":{"c":0,"n":142}},{"type":"Feature","geometry":{"type":"LineString","coordinates":[[-4.26441,55.8663],[-4.26428,55.86665]]},"properties":{"c":0,"n":982}},{"type":"Feature","geometry":{"type":"LineString","coordinates":[[-4.26464,55.86561],[-4.26441,55.8663]]},"properties":{"c":0,"n":982}},{"type":"Feature","geometry":{"type":"LineString","coordinates":[[-4.26388,55.86773],[-4.26376,55.86807]]},"properties":{"c":0,"n":982}},{"type":"Feature","geometry":{"type":"LineString","coordinates":[[-4.26076,55.86813],[-4.26032,55.86825]]},"properties":{"c":0,"n":11}},{"type":"Feature","geometry":{"type":"LineString","coordinates":[[-4.26401,55.86737],[-4.26388,55.86773]]},"properties":{"c":0,"n":982}},{"type":"Feature","geometry":{"type":"LineString","coordinates":[[-4.26376,55.86807],[-4.26364,55.86839]]},"properties":{"c":0,"n":982}},{"type":"Feature","geometry":{"type":"LineString","coordinates":[[-4.26414,55.86702],[-4.26401,55.86737]]},"properties":{"c":0,"n":982}},{"type":"Feature","geometry":{"type":"LineString","coordinates":[[-4.26428,55.86665],[-4.26414,55.86702]]},"properties":{"c":0,"n":982}},{"type":"Feature","geometry":{"type":"LineString","coordinates":[[-4.24726,55.85134],[-4.24709,55.85154]]},"properties":{"c":8009,"n":2920}},{"type":"Feature","geometry":{"type":"LineString","coordinates":[[-4.24709,55.85154],[-4.24689,55.85176]]},"properties":{"c":8009,"n":2920}},{"type":"Feature","geometry":{"type":"LineString","coordinates":[[-4.24758,55.85098],[-4.24741,55.85117]]},"properties":{"c":8009,"n":2920}},{"type":"Feature","geometry":{"type":"LineString","coordinates":[[-4.24741,55.85117],[-4.24726,55.85134]]},"properties":{"c":8009,"n":2920}},{"type":"Feature","geometry":{"type":"LineString","coordinates":[[-4.24689,55.85176],[-4.24683,55.85183]]},"properties":{"c":8009,"n":2920}},{"type":"Feature","geometry":{"type":"LineString","coordinates":[[-4.24683,55.85183],[-4.2478,55.85209]]},"properties":{"c":8009,"n":2920}},{"type":"Feature","geometry":{"type":"LineString","coordinates":[[-4.24804,55.85045],[-4.24771,55.85083]]},"properties":{"c":8009,"n":2920}},{"type":"Feature","geometry":{"type":"LineString","coordinates":[[-4.24771,55.85083],[-4.24758,55.85098]]},"properties":{"c":8009,"n":2920}},{"type":"Feature","geometry":{"type":"LineString","coordinates":[[-4.24737,55.85491],[-4.24709,55.85535]]},"properties":{"c":683,"n":1269}},{"type":"Feature","geometry":{"type":"LineString","coordinates":[[-4.24893,55.85383],[-4.24873,55.85417],[-4.24904,55.85482]]},"properties":{"c":0,"n":98}},{"type":"Feature","geometry":{"type":"LineString","coordinates":[[-4.23824,55.86155],[-4.23837,55.86156]]},"properties":{"c":102,"n":173}},{"type":"Feature","geometry":{"type":"LineString","coordinates":[[-4.23837,55.86156],[-4.23867,55.86157]]},"properties":{"c":102,"n":173}},{"type":"Feature","geometry":{"type":"LineString","coordinates":[[-4.24076,55.86215],[-4.24078,55.8623]]},"properties":{"c":102,"n":173}},{"type":"Feature","geometry":{"type":"LineString","coordinates":[[-4.23867,55.86157],[-4.23938,55.86162]]},"properties":{"c":102,"n":173}},{"type":"Feature","geometry":{"type":"LineString","coordinates":[[-4.23681,55.86141],[-4.23824,55.86155]]},"properties":{"c":102,"n":173}},{"type":"Feature","geometry":{"type":"LineString","coordinates":[[-4.24078,55.8623],[-4.24077,55.86281]]},"properties":{"c":102,"n":173}},{"type":"Feature","geometry":{"type":"LineString","coordinates":[[-4.24077,55.86281],[-4.24068,55.86309]]},"properties":{"c":102,"n":173}},{"type":"Feature","geometry":{"type":"LineString","coordinates":[[-4.2409,55.86174],[-4.24076,55.86215]]},"properties":{"c":102,"n":173}},{"type":"Feature","geometry":{"type":"LineString","coordinates":[[-4.23938,55.86162],[-4.2409,55.86174]]},"properties":{"c":102,"n":173}},{"type":"Feature","geometry":{"type":"LineString","coordinates":[[-4.27229,55.86686],[-4.2723,55.867]]},"properties":{"c":0,"n":475}},{"type":"Feature","geometry":{"type":"LineString","coordinates":[[-4.26872,55.86681],[-4.26746,55.86666]]},"properties":{"c":0,"n":475}},{"type":"Feature","geometry":{"type":"LineString","coordinates":[[-4.26746,55.86666],[-4.26566,55.86645]]},"properties":{"c":0,"n":475}},{"type":"Feature","geometry":{"type":"LineString","coordinates":[[-4.2584,55.86558],[-4.25795,55.86554]]},"properties":{"c":0,"n":1842}},{"type":"Feature","geometry":{"type":"LineString","coordinates":[[-4.26294,55.86613],[-4.26151,55.86595]]},"properties":{"c":0,"n":475}},{"type":"Feature","geometry":{"type":"LineString","coordinates":[[-4.27002,55.86697],[-4.26872,55.86681]]},"properties":{"c":0,"n":475}},{"type":"Feature","geometry":{"type":"LineString","coordinates":[[-4.26441,55.8663],[-4.26294,55.86613]]},"properties":{"c":0,"n":475}},{"type":"Feature","geometry":{"type":"LineString","coordinates":[[-4.26002,55.86577],[-4.2584,55.86558]]},"properties":{"c":0,"n":1443}},{"type":"Feature","geometry":{"type":"LineString","coordinates":[[-4.26151,55.86595],[-4.26002,55.86577]]},"properties":{"c":0,"n":475}},{"type":"Feature","geometry":{"type":"LineString","coordinates":[[-4.26528,55.86641],[-4.26441,55.8663]]},"properties":{"c":0,"n":475}},{"type":"Feature","geometry":{"type":"LineString","coordinates":[[-4.26566,55.86645],[-4.26528,55.86641]]},"properties":{"c":0,"n":475}},{"type":"Feature","geometry":{"type":"LineString","coordinates":[[-4.27644,55.86658],[-4.27229,55.86686]]},"properties":{"c":0,"n":475}},{"type":"Feature","geometry":{"type":"LineString","coordinates":[[-4.27899,55.86681],[-4.28052,55.86669]]},"properties":{"c":49,"n":3884}},{"type":"Feature","geometry":{"type":"LineString","coordinates":[[-4.28052,55.86669],[-4.28063,55.8667]]},"properties":{"c":49,"n":3884}},{"type":"Feature","geometry":{"type":"LineString","coordinates":[[-4.28063,55.8667],[-4.28357,55.86676]]},"properties":{"c":49,"n":3308}},{"type":"Feature","geometry":{"type":"LineString","coordinates":[[-4.28427,55.86655],[-4.28615,55.86709]]},"properties":{"c":49,"n":2154}},{"type":"Feature","geometry":{"type":"LineString","coordinates":[[-4.28615,55.86709],[-4.28641,55.86683]]},"properties":{"c":49,"n":2154}},{"type":"Feature","geometry":{"type":"LineString","coordinates":[[-4.28402,55.86681],[-4.28427,55.86655]]},"properties":{"c":49,"n":3308}},{"type":"Feature","geometry":{"type":"LineString","coordinates":[[-4.28357,55.86676],[-4.28402,55.86681]]},"properties":{"c":49,"n":3308}},{"type":"Feature","geometry":{"type":"LineString","coordinates":[[-4.28118,55.86399],[-4.2814,55.86384]]},"properties":{"c":0,"n":508}},{"type":"Feature","geometry":{"type":"LineString","coordinates":[[-4.27911,55.86792],[-4.27911,55.86802]]},"properties":{"c":0,"n":516}},{"type":"Feature","geometry":{"type":"LineString","coordinates":[[-4.27899,55.86681],[-4.2791,55.86753]]},"properties":{"c":0,"n":516}},{"type":"Feature","geometry":{"type":"LineString","coordinates":[[-4.27911,55.86802],[-4.27807,55.868],[-4.27673,55.86789]]},"properties":{"c":0,"n":516}},{"type":"Feature","geometry":{"type":"LineString","coordinates":[[-4.2791,55.86753],[-4.27911,55.86792]]},"properties":{"c":0,"n":516}},{"type":"Feature","geometry":{"type":"LineString","coordinates":[[-4.27673,55.86789],[-4.27472,55.86803]]},"properties":{"c":0,"n":516}},{"type":"Feature","geometry":{"type":"LineString","coordinates":[[-4.28905,55.86658],[-4.2893,55.86632]]},"properties":{"c":57,"n":3783}},{"type":"Feature","geometry":{"type":"LineString","coordinates":[[-4.28722,55.866],[-4.28905,55.86658]]},"properties":{"c":57,"n":8298}},{"type":"Feature","geometry":{"type":"LineString","coordinates":[[-4.28692,55.86631],[-4.28722,55.866]]},"properties":{"c":57,"n":807}},{"type":"Feature","geometry":{"type":"LineString","coordinates":[[-4.28508,55.86573],[-4.28537,55.86542]]},"properties":{"c":1571,"n":7366}},{"type":"Feature","geometry":{"type":"LineString","coordinates":[[-4.28537,55.86542],[-4.28562,55.86516]]},"properties":{"c":1571,"n":7366}},{"type":"Feature","geometry":{"type":"LineString","coordinates":[[-4.28427,55.86655],[-4.28454,55.86628]]},"properties":{"c":0,"n":1154}},{"type":"Feature","geometry":{"type":"LineString","coordinates":[[-4.28454,55.86628],[-4.2848,55.86601]]},"properties":{"c":0,"n":1244}},{"type":"Feature","geometry":{"type":"LineString","coordinates":[[-4.2848,55.86601],[-4.28508,55.86573]]},"properties":{"c":0,"n":1244}},{"type":"Feature","geometry":{"type":"LineString","coordinates":[[-4.28744,55.83506],[-4.28753,55.83428]]},"properties":{"c":204,"n":787}},{"type":"Feature","geometry":{"type":"LineString","coordinates":[[-4.27978,55.84104],[-4.28042,55.84036],[-4.28062,55.83985]]},"properties":{"c":204,"n":787}},{"type":"Feature","geometry":{"type":"LineString","coordinates":[[-4.28167,55.83777],[-4.28387,55.83783]]},"properties":{"c":204,"n":787}},{"type":"Feature","geometry":{"type":"LineString","coordinates":[[-4.2807,55.83874],[-4.28077,55.83775]]},"properties":{"c":204,"n":787}},{"type":"Feature","geometry":{"type":"LineString","coordinates":[[-4.28719,55.83747],[-4.28725,55.83696]]},"properties":{"c":204,"n":787}},{"type":"Feature","geometry":{"type":"LineString","coordinates":[[-4.28387,55.83783],[-4.28391,55.83741]]},"properties":{"c":204,"n":1028}},{"type":"Feature","geometry":{"type":"LineString","coordinates":[[-4.28725,55.83696],[-4.28729,55.83656]]},"properties":{"c":204,"n":787}},{"type":"Feature","geometry":{"type":"LineString","coordinates":[[-4.28077,55.83775],[-4.28116,55.83776]]},"properties":{"c":204,"n":787}},{"type":"Feature","geometry":{"type":"LineString","coordinates":[[-4.28062,55.83985],[-4.2807,55.83874]]},"properties":{"c":204,"n":787}},{"type":"Feature","geometry":{"type":"LineString","coordinates":[[-4.28729,55.83656],[-4.28744,55.83506]]},"properties":{"c":204,"n":787}},{"type":"Feature","geometry":{"type":"LineString","coordinates":[[-4.28116,55.83776],[-4.28167,55.83777]]},"properties":{"c":204,"n":787}},{"type":"Feature","geometry":{"type":"LineString","coordinates":[[-4.28391,55.83741],[-4.28719,55.83747]]},"properties":{"c":204,"n":787}},{"type":"Feature","geometry":{"type":"LineString","coordinates":[[-4.25988,55.85496],[-4.25982,55.85643]]},"properties":{"c":0,"n":28}},{"type":"Feature","geometry":{"type":"LineString","coordinates":[[-4.33077,55.84659],[-4.3308,55.84667]]},"properties":{"c":0,"n":364}},{"type":"Feature","geometry":{"type":"LineString","coordinates":[[-4.33533,55.83659],[-4.33524,55.83696]]},"properties":{"c":0,"n":487}},{"type":"Feature","geometry":{"type":"LineString","coordinates":[[-4.32533,55.84746],[-4.32332,55.84772]]},"properties":{"c":0,"n":950}},{"type":"Feature","geometry":{"type":"LineString","coordinates":[[-4.32332,55.84772],[-4.32238,55.84785]]},"properties":{"c":0,"n":950}},{"type":"Feature","geometry":{"type":"LineString","coordinates":[[-4.31826,55.85395],[-4.3179,55.85421]]},"properties":{"c":0,"n":149}},{"type":"Feature","geometry":{"type":"LineString","coordinates":[[-4.3308,55.84667],[-4.33061,55.8467]]},"properties":{"c":0,"n":950}},{"type":"Feature","geometry":{"type":"LineString","coordinates":[[-4.3183,55.85394],[-4.31826,55.85395]]},"properties":{"c":34,"n":766}},{"type":"Feature","geometry":{"type":"LineString","coordinates":[[-4.32645,55.84732],[-4.32533,55.84746]]},"properties":{"c":0,"n":950}},{"type":"Feature","geometry":{"type":"LineString","coordinates":[[-4.31838,55.85376],[-4.3183,55.85394]]},"properties":{"c":0,"n":149}},{"type":"Feature","geometry":{"type":"LineString","coordinates":[[-4.32125,55.84802],[-4.3201,55.84822],[-4.31967,55.84847]]},"properties":{"c":0,"n":950}},{"type":"Feature","geometry":{"type":"LineString","coordinates":[[-4.32852,55.84703],[-4.32749,55.84718]]},"properties":{"c":0,"n":950}},{"type":"Feature","geometry":{"type":"LineString","coordinates":[[-4.33545,55.83625],[-4.33533,55.83659]]},"properties":{"c":0,"n":487}},{"type":"Feature","geometry":{"type":"LineString","coordinates":[[-4.31871,55.85269],[-4.31836,55.85374]]},"properties":{"c":0,"n":149}},{"type":"Feature","geometry":{"type":"LineString","coordinates":[[-4.33061,55.8467],[-4.32852,55.84703]]},"properties":{"c":0,"n":950}},{"type":"Feature","geometry":{"type":"LineString","coordinates":[[-4.32238,55.84785],[-4.32125,55.84802]]},"properties":{"c":0,"n":950}},{"type":"Feature","geometry":{"type":"LineString","coordinates":[[-4.33073,55.84638],[-4.33077,55.84659]]},"properties":{"c":0,"n":364}},{"type":"Feature","geometry":{"type":"LineString","coordinates":[[-4.32749,55.84718],[-4.32645,55.84732]]},"properties":{"c":0,"n":950}},{"type":"Feature","geometry":{"type":"LineString","coordinates":[[-4.33524,55.83696],[-4.33499,55.83756]]},"properties":{"c":0,"n":487}},{"type":"Feature","geometry":{"type":"LineString","coordinates":[[-4.31861,55.84848],[-4.31795,55.8486]]},"properties":{"c":0,"n":824}},{"type":"Feature","geometry":{"type":"LineString","coordinates":[[-4.31965,55.8485],[-4.31939,55.84851]]},"properties":{"c":0,"n":801}},{"type":"Feature","geometry":{"type":"LineString","coordinates":[[-4.31733,55.84871],[-4.31112,55.84981]]},"properties":{"c":0,"n":731}},{"type":"Feature","geometry":{"type":"LineString","coordinates":[[-4.31795,55.8486],[-4.31733,55.84871]]},"properties":{"c":0,"n":824}},{"type":"Feature","geometry":{"type":"LineString","coordinates":[[-4.31936,55.84848],[-4.31903,55.84841],[-4.31861,55.84848]]},"properties":{"c":0,"n":824}},{"type":"Feature","geometry":{"type":"LineString","coordinates":[[-4.30983,55.84131],[-4.30926,55.84141]]},"properties":{"c":0,"n":116}},{"type":"Feature","geometry":{"type":"LineString","coordinates":[[-4.30907,55.84144],[-4.30886,55.84138]]},"properties":{"c":0,"n":106}},{"type":"Feature","geometry":{"type":"LineString","coordinates":[[-4.31054,55.84115],[-4.30983,55.84131]]},"properties":{"c":0,"n":159}},{"type":"Feature","geometry":{"type":"LineString","coordinates":[[-4.30926,55.84141],[-4.30907,55.84144]]},"properties":{"c":0,"n":106}},{"type":"Feature","geometry":{"type":"LineString","coordinates":[[-4.31986,55.8284],[-4.31966,55.82848]]},"properties":{"c":0,"n":97}},{"type":"Feature","geometry":{"type":"LineString","coordinates":[[-4.31104,55.82867],[-4.31057,55.82967],[-4.31026,55.82984]]},"properties":{"c":0,"n":97}},{"type":"Feature","geometry":{"type":"LineString","coordinates":[[-4.30837,55.83],[-4.30733,55.82999]]},"properties":{"c":0,"n":23}},{"type":"Feature","geometry":{"type":"LineString","coordinates":[[-4.33528,55.83623],[-4.33618,55.83313],[-4.33652,55.83273],[-4.33697,55.83243]]},"properties":{"c":0,"n":97}},{"type":"Feature","geometry":{"type":"LineString","coordinates":[[-4.30733,55.82999],[-4.30666,55.82999],[-4.30641,55.83003]]},"properties":{"c":0,"n":23}},{"type":"Feature","geometry":{"type":"LineString","coordinates":[[-4.32005,55.82843],[-4.31986,55.8284]]},"properties":{"c":0,"n":97}},{"type":"Feature","geometry":{"type":"LineString","coordinates":[[-4.32015,55.82854],[-4.32005,55.82843]]},"properties":{"c":0,"n":97}},{"type":"Feature","geometry":{"type":"LineString","coordinates":[[-4.30837,55.82989],[-4.30837,55.83]]},"properties":{"c":0,"n":23}},{"type":"Feature","geometry":{"type":"LineString","coordinates":[[-4.30887,55.82989],[-4.30837,55.82989]]},"properties":{"c":0,"n":97}},{"type":"Feature","geometry":{"type":"LineString","coordinates":[[-4.31026,55.82984],[-4.3098,55.8299],[-4.30887,55.82989]]},"properties":{"c":0,"n":97}},{"type":"Feature","geometry":{"type":"LineString","coordinates":[[-4.30729,55.82988],[-4.30615,55.82988]]},"properties":{"c":0,"n":74}},{"type":"Feature","geometry":{"type":"LineString","coordinates":[[-4.30791,55.82988],[-4.30729,55.82988]]},"properties":{"c":0,"n":74}},{"type":"Feature","geometry":{"type":"LineString","coordinates":[[-4.30837,55.82989],[-4.30791,55.82988]]},"properties":{"c":0,"n":74}},{"type":"Feature","geometry":{"type":"LineString","coordinates":[[-4.30983,55.84131],[-4.30975,55.84148]]},"properties":{"c":0,"n":43}},{"type":"Feature","geometry":{"type":"LineString","coordinates":[[-4.30924,55.84155],[-4.30914,55.84158]]},"properties":{"c":0,"n":165}},{"type":"Feature","geometry":{"type":"LineString","coordinates":[[-4.30583,55.84282],[-4.30379,55.84382],[-4.3028,55.84439]]},"properties":{"c":0,"n":197}},{"type":"Feature","geometry":{"type":"LineString","coordinates":[[-4.30805,55.84181],[-4.30583,55.84282]]},"properties":{"c":0,"n":197}},{"type":"Feature","geometry":{"type":"LineString","coordinates":[[-4.30893,55.84155],[-4.30872,55.84152],[-4.30805,55.84181]]},"properties":{"c":0,"n":197}},{"type":"Feature","geometry":{"type":"LineString","coordinates":[[-4.30975,55.84148],[-4.30924,55.84155]]},"properties":{"c":0,"n":165}},{"type":"Feature","geometry":{"type":"LineString","coordinates":[[-4.30914,55.84158],[-4.30893,55.84155]]},"properties":{"c":0,"n":165}},{"type":"Feature","geometry":{"type":"LineString","coordinates":[[-4.27231,55.87549],[-4.27212,55.87576]]},"properties":{"c":0,"n":785}},{"type":"Feature","geometry":{"type":"LineString","coordinates":[[-4.27212,55.87576],[-4.27179,55.87624],[-4.2716,55.87632],[-4.27113,55.87637]]},"properties":{"c":0,"n":785}},{"type":"Feature","geometry":{"type":"LineString","coordinates":[[-4.21643,55.86041],[-4.21642,55.86104]]},"properties":{"c":0,"n":226}},{"type":"Feature","geometry":{"type":"LineString","coordinates":[[-4.21783,55.84265],[-4.21851,55.84255],[-4.21946,55.8425],[-4.22112,55.8426]]},"properties":{"c":1399,"n":4816}},{"type":"Feature","geometry":{"type":"LineString","coordinates":[[-4.21558,55.85418],[-4.21587,55.85424]]},"properties":{"c":0,"n":3342}},{"type":"Feature","geometry":{"type":"LineString","coordinates":[[-4.21637,55.86236],[-4.21636,55.86295]]},"properties":{"c":0,"n":226}},{"type":"Feature","geometry":{"type":"LineString","coordinates":[[-4.22258,55.84273],[-4.22263,55.84282],[-4.22247,55.843]]},"properties":{"c":0,"n":789}},{"type":"Feature","geometry":{"type":"LineString","coordinates":[[-4.21649,55.85847],[-4.21646,55.85916]]},"properties":{"c":0,"n":226}},{"type":"Feature","geometry":{"type":"LineString","coordinates":[[-4.22112,55.8426],[-4.2215,55.84261]]},"properties":{"c":1399,"n":4816}},{"type":"Feature","geometry":{"type":"LineString","coordinates":[[-4.2164,55.86167],[-4.21638,55.86232]]},"properties":{"c":0,"n":226}},{"type":"Feature","geometry":{"type":"LineString","coordinates":[[-4.21636,55.86295],[-4.21633,55.86351]]},"properties":{"c":0,"n":226}},{"type":"Feature","geometry":{"type":"LineString","coordinates":[[-4.21523,55.85392],[-4.21558,55.85418]]},"properties":{"c":0,"n":26}},{"type":"Feature","geometry":{"type":"LineString","coordinates":[[-4.21638,55.86232],[-4.21637,55.86236]]},"properties":{"c":0,"n":226}},{"type":"Feature","geometry":{"type":"LineString","coordinates":[[-4.2215,55.84261],[-4.22258,55.84261]]},"properties":{"c":979,"n":4495}},{"type":"Feature","geometry":{"type":"LineString","coordinates":[[-4.21642,55.86104],[-4.2164,55.86167]]},"properties":{"c":0,"n":226}},{"type":"Feature","geometry":{"type":"LineString","coordinates":[[-4.22606,55.84241],[-4.2264,55.84254],[-4.2268,55.84257]]},"properties":{"c":979,"n":2791}},{"type":"Feature","geometry":{"type":"LineString","coordinates":[[-4.2259,55.84233],[-4.22606,55.84241]]},"properties":{"c":979,"n":2791}},{"type":"Feature","geometry":{"type":"LineString","coordinates":[[-4.2268,55.84257],[-4.22793,55.84261]]},"properties":{"c":979,"n":2791}},{"type":"Feature","geometry":{"type":"LineString","coordinates":[[-4.23491,55.84738],[-4.23578,55.84825]]},"properties":{"c":979,"n":1070}},{"type":"Feature","geometry":{"type":"LineString","coordinates":[[-4.23415,55.84668],[-4.23491,55.84738]]},"properties":{"c":979,"n":1070}},{"type":"Feature","geometry":{"type":"LineString","coordinates":[[-4.2411,55.85494],[-4.24148,55.85515]]},"properties":{"c":9589,"n":6593}},{"type":"Feature","geometry":{"type":"LineString","coordinates":[[-4.23057,55.84375],[-4.23054,55.84554],[-4.23063,55.84575],[-4.23191,55.84727]]},"properties":{"c":0,"n":1211}},{"type":"Feature","geometry":{"type":"LineString","coordinates":[[-4.24148,55.85515],[-4.24144,55.85518]]},"properties":{"c":9589,"n":4214}},{"type":"Feature","geometry":{"type":"LineString","coordinates":[[-4.26372,55.83771],[-4.26421,55.83779]]},"properties":{"c":0,"n":254}},{"type":"Feature","geometry":{"type":"LineString","coordinates":[[-4.26421,55.83779],[-4.26435,55.8378]]},"properties":{"c":0,"n":254}},{"type":"Feature","geometry":{"type":"LineString","coordinates":[[-4.26274,55.83757],[-4.26372,55.83771]]},"properties":{"c":0,"n":254}},{"type":"Feature","geometry":{"type":"LineString","coordinates":[[-4.26678,55.83812],[-4.26805,55.83827]]},"properties":{"c":0,"n":189}},{"type":"Feature","geometry":{"type":"LineString","coordinates":[[-4.26446,55.83781],[-4.26557,55.83796]]},"properties":{"c":0,"n":254}},{"type":"Feature","geometry":{"type":"LineString","coordinates":[[-4.26435,55.8378],[-4.26446,55.83781]]},"properties":{"c":0,"n":254}},{"type":"Feature","geometry":{"type":"LineString","coordinates":[[-4.26557,55.83796],[-4.26678,55.83812]]},"properties":{"c":0,"n":189}},{"type":"Feature","geometry":{"type":"LineString","coordinates":[[-4.2215,55.84261],[-4.2215,55.84271]]},"properties":{"c":420,"n":321}},{"type":"Feature","geometry":{"type":"LineString","coordinates":[[-4.2597,55.83836],[-4.26091,55.83851]]},"properties":{"c":0,"n":39}},{"type":"Feature","geometry":{"type":"LineString","coordinates":[[-4.26367,55.83926],[-4.26378,55.83927]]},"properties":{"c":0,"n":39}},{"type":"Feature","geometry":{"type":"LineString","coordinates":[[-4.2614,55.83898],[-4.26187,55.83904]]},"properties":{"c":0,"n":39}},{"type":"Feature","geometry":{"type":"LineString","coordinates":[[-4.26378,55.83927],[-4.2639,55.83929]]},"properties":{"c":0,"n":39}},{"type":"Feature","geometry":{"type":"LineString","coordinates":[[-4.26077,55.8389],[-4.2614,55.83898]]},"properties":{"c":0,"n":469}},{"type":"Feature","geometry":{"type":"LineString","coordinates":[[-4.26279,55.83915],[-4.26367,55.83926]]},"properties":{"c":0,"n":39}},{"type":"Feature","geometry":{"type":"LineString","coordinates":[[-4.26187,55.83904],[-4.26279,55.83915]]},"properties":{"c":0,"n":39}},{"type":"Feature","geometry":{"type":"LineString","coordinates":[[-4.25697,55.838],[-4.25852,55.83822]]},"properties":{"c":0,"n":39}},{"type":"Feature","geometry":{"type":"LineString","coordinates":[[-4.26588,55.83769],[-4.26706,55.83784]]},"properties":{"c":0,"n":65}},{"type":"Feature","geometry":{"type":"LineString","coordinates":[[-4.27,55.83605],[-4.27006,55.83602]]},"properties":{"c":0,"n":65}},{"type":"Feature","geometry":{"type":"LineString","coordinates":[[-4.26706,55.83784],[-4.26799,55.83698]]},"properties":{"c":0,"n":65}},{"type":"Feature","geometry":{"type":"LineString","coordinates":[[-4.26958,55.83581],[-4.27,55.83605]]},"properties":{"c":1076,"n":2684}},{"type":"Feature","geometry":{"type":"LineString","coordinates":[[-4.26557,55.83796],[-4.26588,55.83769]]},"properties":{"c":0,"n":65}},{"type":"Feature","geometry":{"type":"LineString","coordinates":[[-4.26799,55.83698],[-4.26841,55.83659]]},"properties":{"c":0,"n":142}},{"type":"Feature","geometry":{"type":"LineString","coordinates":[[-4.26864,55.83637],[-4.26958,55.83581]]},"properties":{"c":0,"n":142}},{"type":"Feature","geometry":{"type":"LineString","coordinates":[[-4.30886,55.84137],[-4.30904,55.84137]]},"properties":{"c":0,"n":32}},{"type":"Feature","geometry":{"type":"LineString","coordinates":[[-4.30904,55.84137],[-4.3093,55.84132]]},"properties":{"c":0,"n":32}},{"type":"Feature","geometry":{"type":"LineString","coordinates":[[-4.2962,55.85504],[-4.29623,55.85517]]},"properties":{"c":69,"n":925}},{"type":"Feature","geometry":{"type":"LineString","coordinates":[[-4.28983,55.85366],[-4.29023,55.85374]]},"properties":{"c":69,"n":925}},{"type":"Feature","geometry":{"type":"LineString","coordinates":[[-4.28955,55.85325],[-4.28966,55.85332],[-4.28964,55.85348],[-4.28985,55.8536],[-4.28983,55.85366]]},"properties":{"c":69,"n":925}},{"type":"Feature","geometry":{"type":"LineString","coordinates":[[-4.29023,55.85374],[-4.29349,55.85441]]},"properties":{"c":69,"n":925}},{"type":"Feature","geometry":{"type":"LineString","coordinates":[[-4.29349,55.85441],[-4.29508,55.85474]]},"properties":{"c":69,"n":925}},{"type":"Feature","geometry":{"type":"LineString","coordinates":[[-4.29508,55.85474],[-4.29586,55.8549],[-4.2962,55.85504]]},"properties":{"c":69,"n":925}},{"type":"Feature","geometry":{"type":"LineString","coordinates":[[-4.29623,55.85517],[-4.29625,55.85522]]},"properties":{"c":69,"n":925}},{"type":"Feature","geometry":{"type":"LineString","coordinates":[[-4.26296,55.84125],[-4.2621,55.84105]]},"properties":{"c":0,"n":105}},{"type":"Feature","geometry":{"type":"LineString","coordinates":[[-4.25911,55.84043],[-4.2589,55.84039]]},"properties":{"c":0,"n":105}},{"type":"Feature","geometry":{"type":"LineString","coordinates":[[-4.25762,55.84019],[-4.25648,55.83998]]},"properties":{"c":0,"n":105}},{"type":"Feature","geometry":{"type":"LineString","coordinates":[[-4.2612,55.84085],[-4.26105,55.84081]]},"properties":{"c":0,"n":105}},{"type":"Feature","geometry":{"type":"LineString","coordinates":[[-4.2621,55.84105],[-4.2612,55.84085]]},"properties":{"c":0,"n":105}},{"type":"Feature","geometry":{"type":"LineString","coordinates":[[-4.26105,55.84081],[-4.26055,55.8407]]},"properties":{"c":0,"n":105}},{"type":"Feature","geometry":{"type":"LineString","coordinates":[[-4.2601,55.8406],[-4.25911,55.84043]]},"properties":{"c":0,"n":105}},{"type":"Feature","geometry":{"type":"LineString","coordinates":[[-4.26055,55.8407],[-4.2601,55.8406]]},"properties":{"c":0,"n":105}},{"type":"Feature","geometry":{"type":"LineString","coordinates":[[-4.30809,55.84475],[-4.30964,55.84459]]},"properties":{"c":0,"n":124}},{"type":"Feature","geometry":{"type":"LineString","coordinates":[[-4.30964,55.84459],[-4.31455,55.84421],[-4.31606,55.84432]]},"properties":{"c":0,"n":124}},{"type":"Feature","geometry":{"type":"LineString","coordinates":[[-4.30525,55.84463],[-4.3067,55.84475]]},"properties":{"c":0,"n":124}},{"type":"Feature","geometry":{"type":"LineString","coordinates":[[-4.3067,55.84475],[-4.30809,55.84475]]},"properties":{"c":0,"n":124}},{"type":"Feature","geometry":{"type":"LineString","coordinates":[[-4.30382,55.84449],[-4.30525,55.84463]]},"properties":{"c":0,"n":124}},{"type":"Feature","geometry":{"type":"LineString","coordinates":[[-4.26902,55.85291],[-4.26984,55.85298]]},"properties":{"c":0,"n":290}},{"type":"Feature","geometry":{"type":"LineString","coordinates":[[-4.27009,55.8537],[-4.27038,55.85394]]},"properties":{"c":0,"n":302}},{"type":"Feature","geometry":{"type":"LineString","coordinates":[[-4.27019,55.85336],[-4.27009,55.8537]]},"properties":{"c":0,"n":302}},{"type":"Feature","geometry":{"type":"LineString","coordinates":[[-4.27028,55.85309],[-4.27019,55.85336]]},"properties":{"c":0,"n":302}},{"type":"Feature","geometry":{"type":"LineString","coordinates":[[-4.2677,55.85274],[-4.26868,55.85286]]},"properties":{"c":0,"n":290}},{"type":"Feature","geometry":{"type":"LineString","coordinates":[[-4.27029,55.85303],[-4.27028,55.85309]]},"properties":{"c":0,"n":302}},{"type":"Feature","geometry":{"type":"LineString","coordinates":[[-4.26516,55.85227],[-4.26536,55.85246],[-4.26643,55.85259]]},"properties":{"c":0,"n":290}},{"type":"Feature","geometry":{"type":"LineString","coordinates":[[-4.26643,55.85259],[-4.2677,55.85274]]},"properties":{"c":0,"n":290}},{"type":"Feature","geometry":{"type":"LineString","coordinates":[[-4.26868,55.85286],[-4.26902,55.85291]]},"properties":{"c":0,"n":290}},{"type":"Feature","geometry":{"type":"LineString","coordinates":[[-4.26984,55.85298],[-4.27029,55.85303]]},"properties":{"c":0,"n":290}},{"type":"Feature","geometry":{"type":"LineString","coordinates":[[-4.2756,55.84267],[-4.27563,55.84268]]},"properties":{"c":0,"n":623}},{"type":"Feature","geometry":{"type":"LineString","coordinates":[[-4.27169,55.84195],[-4.27278,55.84215]]},"properties":{"c":0,"n":623}},{"type":"Feature","geometry":{"type":"LineString","coordinates":[[-4.27508,55.84258],[-4.2756,55.84267]]},"properties":{"c":0,"n":623}},{"type":"Feature","geometry":{"type":"LineString","coordinates":[[-4.27626,55.8428],[-4.2768,55.84287]]},"properties":{"c":0,"n":623}},{"type":"Feature","geometry":{"type":"LineString","coordinates":[[-4.27793,55.84302],[-4.2785,55.8431]]},"properties":{"c":0,"n":623}},{"type":"Feature","geometry":{"type":"LineString","coordinates":[[-4.27278,55.84215],[-4.27394,55.84237]]},"properties":{"c":0,"n":623}},{"type":"Feature","geometry":{"type":"LineString","coordinates":[[-4.2768,55.84287],[-4.27793,55.84302]]},"properties":{"c":0,"n":623}},{"type":"Feature","geometry":{"type":"LineString","coordinates":[[-4.2785,55.8431],[-4.28094,55.84342]]},"properties":{"c":0,"n":623}},{"type":"Feature","geometry":{"type":"LineString","coordinates":[[-4.27563,55.84268],[-4.27626,55.8428]]},"properties":{"c":0,"n":623}},{"type":"Feature","geometry":{"type":"LineString","coordinates":[[-4.27394,55.84237],[-4.27508,55.84258]]},"properties":{"c":0,"n":623}},{"type":"Feature","geometry":{"type":"LineString","coordinates":[[-4.21413,55.85408],[-4.21501,55.85413]]},"properties":{"c":0,"n":3659}},{"type":"Feature","geometry":{"type":"LineString","coordinates":[[-4.21518,55.85415],[-4.21558,55.85418]]},"properties":{"c":0,"n":3316}},{"type":"Feature","geometry":{"type":"LineString","coordinates":[[-4.20908,55.84627],[-4.2092,55.84634]]},"properties":{"c":866,"n":4162}},{"type":"Feature","geometry":{"type":"LineString","coordinates":[[-4.20974,55.84644],[-4.20997,55.84632]]},"properties":{"c":866,"n":4162}},{"type":"Feature","geometry":{"type":"LineString","coordinates":[[-4.21013,55.8537],[-4.21111,55.85375]]},"properties":{"c":0,"n":3659}},{"type":"Feature","geometry":{"type":"LineString","coordinates":[[-4.20889,55.85288],[-4.20898,55.85322],[-4.20927,55.85346]]},"properties":{"c":0,"n":745}},{"type":"Feature","geometry":{"type":"LineString","coordinates":[[-4.2092,55.84634],[-4.2094,55.84625],[-4.20974,55.84644]]},"properties":{"c":866,"n":4162}},{"type":"Feature","geometry":{"type":"LineString","coordinates":[[-4.21501,55.85413],[-4.21518,55.85415]]},"properties":{"c":0,"n":3316}},{"type":"Feature","geometry":{"type":"LineString","coordinates":[[-4.20927,55.85346],[-4.21006,55.85369]]},"properties":{"c":0,"n":4192}},{"type":"Feature","geometry":{"type":"LineString","coordinates":[[-4.21006,55.85369],[-4.21013,55.8537]]},"properties":{"c":0,"n":4192}},{"type":"Feature","geometry":{"type":"LineString","coordinates":[[-4.21157,55.85487],[-4.21213,55.85551]]},"properties":{"c":0,"n":533}},{"type":"Feature","geometry":{"type":"LineString","coordinates":[[-4.21138,55.85454],[-4.21138,55.85457]]},"properties":{"c":0,"n":533}},{"type":"Feature","geometry":{"type":"LineString","coordinates":[[-4.21151,55.85481],[-4.21157,55.85487]]},"properties":{"c":0,"n":533}},{"type":"Feature","geometry":{"type":"LineString","coordinates":[[-4.21032,55.85393],[-4.21093,55.8543]]},"properties":{"c":0,"n":533}},{"type":"Feature","geometry":{"type":"LineString","coordinates":[[-4.2114,55.85441],[-4.21138,55.85454]]},"properties":{"c":0,"n":533}},{"type":"Feature","geometry":{"type":"LineString","coordinates":[[-4.2114,55.85468],[-4.21151,55.85481]]},"properties":{"c":0,"n":533}},{"type":"Feature","geometry":{"type":"LineString","coordinates":[[-4.21013,55.8537],[-4.21032,55.85378],[-4.21034,55.8539]]},"properties":{"c":0,"n":533}},{"type":"Feature","geometry":{"type":"LineString","coordinates":[[-4.21093,55.8543],[-4.21124,55.85442]]},"properties":{"c":0,"n":533}},{"type":"Feature","geometry":{"type":"LineString","coordinates":[[-4.21124,55.85442],[-4.2114,55.85441]]},"properties":{"c":0,"n":533}},{"type":"Feature","geometry":{"type":"LineString","coordinates":[[-4.21138,55.85457],[-4.2114,55.85468]]},"properties":{"c":0,"n":533}},{"type":"Feature","geometry":{"type":"LineString","coordinates":[[-4.21492,55.84872],[-4.21557,55.84877]]},"properties":{"c":340,"n":3415}},{"type":"Feature","geometry":{"type":"LineString","coordinates":[[-4.21623,55.84882],[-4.21652,55.84883]]},"properties":{"c":340,"n":3415}},{"type":"Feature","geometry":{"type":"LineString","coordinates":[[-4.21401,55.84865],[-4.21419,55.84867]]},"properties":{"c":340,"n":3415}},{"type":"Feature","geometry":{"type":"LineString","coordinates":[[-4.21249,55.84854],[-4.21314,55.84859]]},"properties":{"c":340,"n":3415}},{"type":"Feature","geometry":{"type":"LineString","coordinates":[[-4.21198,55.8485],[-4.21249,55.84854]]},"properties":{"c":340,"n":3415}},{"type":"Feature","geometry":{"type":"LineString","coordinates":[[-4.21557,55.84877],[-4.21623,55.84882]]},"properties":{"c":340,"n":3415}},{"type":"Feature","geometry":{"type":"LineString","coordinates":[[-4.21927,55.84904],[-4.2193,55.8491]]},"properties":{"c":340,"n":2450}},{"type":"Feature","geometry":{"type":"LineString","coordinates":[[-4.21061,55.84677],[-4.2102,55.84776],[-4.21009,55.84829],[-4.2102,55.84836]]},"properties":{"c":340,"n":3100}},{"type":"Feature","geometry":{"type":"LineString","coordinates":[[-4.21314,55.84859],[-4.21401,55.84865]]},"properties":{"c":340,"n":3415}},{"type":"Feature","geometry":{"type":"LineString","coordinates":[[-4.2102,55.84836],[-4.21198,55.8485]]},"properties":{"c":340,"n":3415}},{"type":"Feature","geometry":{"type":"LineString","coordinates":[[-4.21419,55.84867],[-4.21492,55.84872]]},"properties":{"c":340,"n":3415}},{"type":"Feature","geometry":{"type":"LineString","coordinates":[[-4.2112,55.84603],[-4.21322,55.84498],[-4.21611,55.84334]]},"properties":{"c":526,"n":888}},{"type":"Feature","geometry":{"type":"LineString","coordinates":[[-4.21055,55.84659],[-4.21104,55.84615]]},"properties":{"c":526,"n":888}},{"type":"Feature","geometry":{"type":"LineString","coordinates":[[-4.21104,55.84615],[-4.2112,55.84603]]},"properties":{"c":526,"n":888}},{"type":"Feature","geometry":{"type":"LineString","coordinates":[[-4.21611,55.84334],[-4.21671,55.84298],[-4.2175,55.84271]]},"properties":{"c":526,"n":888}},{"type":"Feature","geometry":{"type":"LineString","coordinates":[[-4.23163,55.85683],[-4.23255,55.85688]]},"properties":{"c":0,"n":1408}},{"type":"Feature","geometry":{"type":"LineString","coordinates":[[-4.23013,55.85581],[-4.23163,55.85683]]},"properties":{"c":0,"n":1408}},{"type":"Feature","geometry":{"type":"LineString","coordinates":[[-4.23065,55.85025],[-4.23111,55.85021],[-4.23189,55.84992]]},"properties":{"c":0,"n":317}},{"type":"Feature","geometry":{"type":"LineString","coordinates":[[-4.26374,55.86396],[-4.26227,55.86378]]},"properties":{"c":0,"n":25}},{"type":"Feature","geometry":{"type":"LineString","coordinates":[[-4.29594,55.82771],[-4.29616,55.82739]]},"properties":{"c":0,"n":12}},{"type":"Feature","geometry":{"type":"LineString","coordinates":[[-4.29668,55.82707],[-4.29691,55.82691]]},"properties":{"c":0,"n":89}},{"type":"Feature","geometry":{"type":"LineString","coordinates":[[-4.29616,55.82739],[-4.29668,55.82707]]},"properties":{"c":0,"n":12}},{"type":"Feature","geometry":{"type":"LineString","coordinates":[[-4.25142,55.86979],[-4.25119,55.86926]]},"properties":{"c":0,"n":1272}},{"type":"Feature","geometry":{"type":"LineString","coordinates":[[-4.25141,55.86982],[-4.25142,55.86979]]},"properties":{"c":0,"n":1272}},{"type":"Feature","geometry":{"type":"LineString","coordinates":[[-4.2526,55.86993],[-4.25156,55.86985]]},"properties":{"c":0,"n":613}},{"type":"Feature","geometry":{"type":"LineString","coordinates":[[-4.26167,55.87426],[-4.26148,55.87402]]},"properties":{"c":1185,"n":8740}},{"type":"Feature","geometry":{"type":"LineString","coordinates":[[-4.26221,55.87459],[-4.26204,55.87447]]},"properties":{"c":1185,"n":8891}},{"type":"Feature","geometry":{"type":"LineString","coordinates":[[-4.25156,55.86985],[-4.25141,55.86982]]},"properties":{"c":0,"n":613}},{"type":"Feature","geometry":{"type":"LineString","coordinates":[[-4.26204,55.87447],[-4.2619,55.8744]]},"properties":{"c":1185,"n":8891}},{"type":"Feature","geometry":{"type":"LineString","coordinates":[[-4.2619,55.8744],[-4.26167,55.87426]]},"properties":{"c":1185,"n":8740}},{"type":"Feature","geometry":{"type":"LineString","coordinates":[[-4.25532,55.86523],[-4.25544,55.86486]]},"properties":{"c":0,"n":1367}},{"type":"Feature","geometry":{"type":"LineString","coordinates":[[-4.2557,55.86413],[-4.25583,55.86377]]},"properties":{"c":0,"n":1367}},{"type":"Feature","geometry":{"type":"LineString","coordinates":[[-4.25555,55.8645],[-4.2557,55.86413]]},"properties":{"c":0,"n":1367}},{"type":"Feature","geometry":{"type":"LineString","coordinates":[[-4.25544,55.86486],[-4.25555,55.8645]]},"properties":{"c":0,"n":1367}},{"type":"Feature","geometry":{"type":"LineString","coordinates":[[-4.28262,55.87724],[-4.28282,55.87698]]},"properties":{"c":0,"n":315}},{"type":"Feature","geometry":{"type":"LineString","coordinates":[[-4.2713,55.87711],[-4.27144,55.87704],[-4.27252,55.87706]]},"properties":{"c":0,"n":1847}},{"type":"Feature","geometry":{"type":"LineString","coordinates":[[-4.27734,55.87759],[-4.27712,55.87795]]},"properties":{"c":0,"n":315}},{"type":"Feature","geometry":{"type":"LineString","coordinates":[[-4.27347,55.87706],[-4.27625,55.87724]]},"properties":{"c":0,"n":315}},{"type":"Feature","geometry":{"type":"LineString","coordinates":[[-4.27252,55.87706],[-4.27274,55.87702],[-4.27347,55.87706]]},"properties":{"c":0,"n":315}},{"type":"Feature","geometry":{"type":"LineString","coordinates":[[-4.27625,55.87724],[-4.27631,55.87734],[-4.27734,55.87759]]},"properties":{"c":0,"n":315}},{"type":"Feature","geometry":{"type":"LineString","coordinates":[[-4.27997,55.87721],[-4.2807,55.87738],[-4.28184,55.87752],[-4.28236,55.87746],[-4.28262,55.87724]]},"properties":{"c":0,"n":315}},{"type":"Feature","geometry":{"type":"LineString","coordinates":[[-4.28799,55.87829],[-4.28873,55.87814]]},"properties":{"c":0,"n":5179}},{"type":"Feature","geometry":{"type":"LineString","coordinates":[[-4.27889,55.8783],[-4.27914,55.87803]]},"properties":{"c":0,"n":1378}},{"type":"Feature","geometry":{"type":"LineString","coordinates":[[-4.27712,55.87795],[-4.27889,55.8783]]},"properties":{"c":0,"n":315}},{"type":"Feature","geometry":{"type":"LineString","coordinates":[[-4.27914,55.87803],[-4.27997,55.87721]]},"properties":{"c":0,"n":1378}},{"type":"Feature","geometry":{"type":"LineString","coordinates":[[-4.28196,55.8743],[-4.28183,55.87423]]},"properties":{"c":237,"n":8751}},{"type":"Feature","geometry":{"type":"LineString","coordinates":[[-4.27271,55.8764],[-4.27273,55.87636]]},"properties":{"c":0,"n":1532}},{"type":"Feature","geometry":{"type":"LineString","coordinates":[[-4.28218,55.87372],[-4.28258,55.87318]]},"properties":{"c":237,"n":8751}},{"type":"Feature","geometry":{"type":"LineString","coordinates":[[-4.2827,55.87301],[-4.28301,55.8726]]},"properties":{"c":237,"n":8751}},{"type":"Feature","geometry":{"type":"LineString","coordinates":[[-4.28048,55.87499],[-4.28072,55.8748],[-4.28132,55.87477]]},"properties":{"c":237,"n":7353}},{"type":"Feature","geometry":{"type":"LineString","coordinates":[[-4.2726,55.87694],[-4.27266,55.87672]]},"properties":{"c":0,"n":1532}},{"type":"Feature","geometry":{"type":"LineString","coordinates":[[-4.28132,55.87477],[-4.28166,55.87484]]},"properties":{"c":237,"n":7353}},{"type":"Feature","geometry":{"type":"LineString","coordinates":[[-4.28183,55.87423],[-4.28218,55.87372]]},"properties":{"c":237,"n":8751}},{"type":"Feature","geometry":{"type":"LineString","coordinates":[[-4.27266,55.87672],[-4.27271,55.8764]]},"properties":{"c":0,"n":1532}},{"type":"Feature","geometry":{"type":"LineString","coordinates":[[-4.28166,55.87484],[-4.28196,55.8743]]},"properties":{"c":237,"n":8751}},{"type":"Feature","geometry":{"type":"LineString","coordinates":[[-4.27273,55.87636],[-4.27319,55.87567]]},"properties":{"c":0,"n":1532}},{"type":"Feature","geometry":{"type":"LineString","coordinates":[[-4.28258,55.87318],[-4.2827,55.87301]]},"properties":{"c":237,"n":8751}},{"type":"Feature","geometry":{"type":"LineString","coordinates":[[-4.27252,55.87706],[-4.2726,55.87694]]},"properties":{"c":0,"n":1532}},{"type":"Feature","geometry":{"type":"LineString","coordinates":[[-4.27089,55.86903],[-4.27177,55.86819],[-4.27212,55.86802]]},"properties":{"c":49,"n":1261}},{"type":"Feature","geometry":{"type":"LineString","coordinates":[[-4.27007,55.86876],[-4.27089,55.86903]]},"properties":{"c":49,"n":1308}},{"type":"Feature","geometry":{"type":"LineString","coordinates":[[-4.28496,55.87199],[-4.2851,55.8718]]},"properties":{"c":272,"n":8022}},{"type":"Feature","geometry":{"type":"LineString","coordinates":[[-4.27738,55.8754],[-4.27819,55.87486],[-4.27914,55.8746],[-4.27988,55.87362]]},"properties":{"c":0,"n":225}},{"type":"Feature","geometry":{"type":"LineString","coordinates":[[-4.27734,55.87533],[-4.27738,55.8754]]},"properties":{"c":0,"n":225}},{"type":"Feature","geometry":{"type":"LineString","coordinates":[[-4.26774,55.87821],[-4.26683,55.87786]]},"properties":{"c":0,"n":701}},{"type":"Feature","geometry":{"type":"LineString","coordinates":[[-4.26852,55.8786],[-4.26774,55.87821]]},"properties":{"c":0,"n":701}},{"type":"Feature","geometry":{"type":"LineString","coordinates":[[-4.26188,55.87452],[-4.26178,55.87451]]},"properties":{"c":0,"n":701}},{"type":"Feature","geometry":{"type":"LineString","coordinates":[[-4.26397,55.87596],[-4.26325,55.87542]]},"properties":{"c":0,"n":701}},{"type":"Feature","geometry":{"type":"LineString","coordinates":[[-4.26178,55.87451],[-4.26168,55.87446]]},"properties":{"c":0,"n":701}},{"type":"Feature","geometry":{"type":"LineString","coordinates":[[-4.26478,55.87657],[-4.26397,55.87596]]},"properties":{"c":0,"n":701}},{"type":"Feature","geometry":{"type":"LineString","coordinates":[[-4.26325,55.87542],[-4.26301,55.87524]]},"properties":{"c":0,"n":701}},{"type":"Feature","geometry":{"type":"LineString","coordinates":[[-4.26894,55.87877],[-4.26852,55.8786]]},"properties":{"c":0,"n":701}},{"type":"Feature","geometry":{"type":"LineString","coordinates":[[-4.26301,55.87524],[-4.26188,55.87452]]},"properties":{"c":0,"n":701}},{"type":"Feature","geometry":{"type":"LineString","coordinates":[[-4.26683,55.87786],[-4.26613,55.87762],[-4.26564,55.87722]]},"properties":{"c":0,"n":701}},{"type":"Feature","geometry":{"type":"LineString","coordinates":[[-4.26564,55.87722],[-4.26478,55.87657]]},"properties":{"c":0,"n":701}},{"type":"Feature","geometry":{"type":"LineString","coordinates":[[-4.26243,55.86756],[-4.26257,55.86721]]},"properties":{"c":0,"n":791}},{"type":"Feature","geometry":{"type":"LineString","coordinates":[[-4.2895,55.86612],[-4.28973,55.86595],[-4.29071,55.86558]]},"properties":{"c":0,"n":2976}},{"type":"Feature","geometry":{"type":"LineString","coordinates":[[-4.29209,55.86503],[-4.29308,55.86469]]},"properties":{"c":0,"n":2976}},{"type":"Feature","geometry":{"type":"LineString","coordinates":[[-4.28875,55.86688],[-4.28905,55.86658]]},"properties":{"c":0,"n":10467}},{"type":"Feature","geometry":{"type":"LineString","coordinates":[[-4.2893,55.86632],[-4.2895,55.86612]]},"properties":{"c":0,"n":2976}},{"type":"Feature","geometry":{"type":"LineString","coordinates":[[-4.29071,55.86558],[-4.29209,55.86503]]},"properties":{"c":0,"n":2976}},{"type":"Feature","geometry":{"type":"LineString","coordinates":[[-4.20802,55.8627],[-4.20853,55.86254]]},"properties":{"c":0,"n":332}},{"type":"Feature","geometry":{"type":"LineString","coordinates":[[-4.17246,55.83761],[-4.17243,55.83772]]},"properties":{"c":0,"n":230}},{"type":"Feature","geometry":{"type":"LineString","coordinates":[[-4.20787,55.8622],[-4.20792,55.86264],[-4.20802,55.8627]]},"properties":{"c":0,"n":33}},{"type":"Feature","geometry":{"type":"LineString","coordinates":[[-4.2077,55.861],[-4.20782,55.86111]]},"properties":{"c":0,"n":33}},{"type":"Feature","geometry":{"type":"LineString","coordinates":[[-4.20766,55.86044],[-4.20778,55.86091],[-4.2077,55.861]]},"properties":{"c":0,"n":33}},{"type":"Feature","geometry":{"type":"LineString","coordinates":[[-4.17081,55.83703],[-4.1712,55.8373]]},"properties":{"c":0,"n":423}},{"type":"Feature","geometry":{"type":"LineString","coordinates":[[-4.20782,55.86111],[-4.20782,55.86165]]},"properties":{"c":0,"n":33}},{"type":"Feature","geometry":{"type":"LineString","coordinates":[[-4.19917,55.85539],[-4.19949,55.85549]]},"properties":{"c":0,"n":83}},{"type":"Feature","geometry":{"type":"LineString","coordinates":[[-4.17025,55.83677],[-4.17044,55.83678]]},"properties":{"c":0,"n":499}},{"type":"Feature","geometry":{"type":"LineString","coordinates":[[-4.16993,55.83702],[-4.17001,55.8368]]},"properties":{"c":0,"n":431}},{"type":"Feature","geometry":{"type":"LineString","coordinates":[[-4.17001,55.8368],[-4.17025,55.83677]]},"properties":{"c":0,"n":499}},{"type":"Feature","geometry":{"type":"LineString","coordinates":[[-4.1712,55.8373],[-4.17246,55.83761]]},"properties":{"c":0,"n":423}},{"type":"Feature","geometry":{"type":"LineString","coordinates":[[-4.20658,55.86018],[-4.20766,55.86044]]},"properties":{"c":0,"n":33}},{"type":"Feature","geometry":{"type":"LineString","coordinates":[[-4.20782,55.86165],[-4.20787,55.8622]]},"properties":{"c":0,"n":33}},{"type":"Feature","geometry":{"type":"LineString","coordinates":[[-4.19949,55.85549],[-4.19962,55.85553]]},"properties":{"c":0,"n":88}},{"type":"Feature","geometry":{"type":"LineString","coordinates":[[-4.17044,55.83678],[-4.17079,55.83688]]},"properties":{"c":0,"n":486}},{"type":"Feature","geometry":{"type":"LineString","coordinates":[[-4.19762,55.85448],[-4.1981,55.85504]]},"properties":{"c":0,"n":83}},{"type":"Feature","geometry":{"type":"LineString","coordinates":[[-4.19962,55.85553],[-4.1995,55.85564],[-4.19953,55.85576]]},"properties":{"c":0,"n":87}},{"type":"Feature","geometry":{"type":"LineString","coordinates":[[-4.19155,55.84359],[-4.19162,55.84362]]},"properties":{"c":0,"n":193}},{"type":"Feature","geometry":{"type":"LineString","coordinates":[[-4.18403,55.84089],[-4.18452,55.84103]]},"properties":{"c":0,"n":193}},{"type":"Feature","geometry":{"type":"LineString","coordinates":[[-4.18006,55.83959],[-4.18081,55.8398]]},"properties":{"c":0,"n":193}},{"type":"Feature","geometry":{"type":"LineString","coordinates":[[-4.18452,55.84103],[-4.18626,55.84151]]},"properties":{"c":0,"n":193}},{"type":"Feature","geometry":{"type":"LineString","coordinates":[[-4.18982,55.84281],[-4.19155,55.84359]]},"properties":{"c":0,"n":193}},{"type":"Feature","geometry":{"type":"LineString","coordinates":[[-4.18133,55.83996],[-4.18183,55.84014]]},"properties":{"c":0,"n":193}},{"type":"Feature","geometry":{"type":"LineString","coordinates":[[-4.1929,55.84423],[-4.19307,55.84431]]},"properties":{"c":0,"n":193}},{"type":"Feature","geometry":{"type":"LineString","coordinates":[[-4.19443,55.84494],[-4.19582,55.84555]]},"properties":{"c":0,"n":193}},{"type":"Feature","geometry":{"type":"LineString","coordinates":[[-4.18183,55.84014],[-4.18232,55.84033]]},"properties":{"c":0,"n":193}},{"type":"Feature","geometry":{"type":"LineString","coordinates":[[-4.17622,55.83861],[-4.17656,55.8387]]},"properties":{"c":0,"n":193}},{"type":"Feature","geometry":{"type":"LineString","coordinates":[[-4.19307,55.84431],[-4.19426,55.84486]]},"properties":{"c":0,"n":193}},{"type":"Feature","geometry":{"type":"LineString","coordinates":[[-4.18776,55.84196],[-4.18791,55.84202]]},"properties":{"c":0,"n":193}},{"type":"Feature","geometry":{"type":"LineString","coordinates":[[-4.17246,55.83761],[-4.17622,55.83861]]},"properties":{"c":0,"n":193}},{"type":"Feature","geometry":{"type":"LineString","coordinates":[[-4.18232,55.84033],[-4.18403,55.84089]]},"properties":{"c":0,"n":193}},{"type":"Feature","geometry":{"type":"LineString","coordinates":[[-4.19608,55.84567],[-4.19642,55.84582]]},"properties":{"c":0,"n":155}},{"type":"Feature","geometry":{"type":"LineString","coordinates":[[-4.17731,55.83889],[-4.1799,55.83955]]},"properties":{"c":0,"n":193}},{"type":"Feature","geometry":{"type":"LineString","coordinates":[[-4.19582,55.84555],[-4.19608,55.84567]]},"properties":{"c":0,"n":155}},{"type":"Feature","geometry":{"type":"LineString","coordinates":[[-4.18081,55.8398],[-4.18133,55.83996]]},"properties":{"c":0,"n":193}},{"type":"Feature","geometry":{"type":"LineString","coordinates":[[-4.19749,55.84629],[-4.19784,55.84644]]},"properties":{"c":0,"n":155}},{"type":"Feature","geometry":{"type":"LineString","coordinates":[[-4.19867,55.84688],[-4.19891,55.84701]]},"properties":{"c":0,"n":669}},{"type":"Feature","geometry":{"type":"LineString","coordinates":[[-4.19642,55.84582],[-4.19706,55.8461]]},"properties":{"c":0,"n":155}},{"type":"Feature","geometry":{"type":"LineString","coordinates":[[-4.19426,55.84486],[-4.19443,55.84494]]},"properties":{"c":0,"n":193}},{"type":"Feature","geometry":{"type":"LineString","coordinates":[[-4.18791,55.84202],[-4.18982,55.84281]]},"properties":{"c":0,"n":193}},{"type":"Feature","geometry":{"type":"LineString","coordinates":[[-4.19706,55.8461],[-4.1973,55.8462]]},"properties":{"c":0,"n":155}},{"type":"Feature","geometry":{"type":"LineString","coordinates":[[-4.19162,55.84362],[-4.1929,55.84423]]},"properties":{"c":0,"n":193}},{"type":"Feature","geometry":{"type":"LineString","coordinates":[[-4.17656,55.8387],[-4.17731,55.83889]]},"properties":{"c":0,"n":193}},{"type":"Feature","geometry":{"type":"LineString","coordinates":[[-4.1973,55.8462],[-4.19737,55.84623]]},"properties":{"c":0,"n":155}},{"type":"Feature","geometry":{"type":"LineString","coordinates":[[-4.19833,55.8467],[-4.19867,55.84688]]},"properties":{"c":0,"n":669}},{"type":"Feature","geometry":{"type":"LineString","coordinates":[[-4.1799,55.83955],[-4.18006,55.83959]]},"properties":{"c":0,"n":193}},{"type":"Feature","geometry":{"type":"LineString","coordinates":[[-4.18626,55.84151],[-4.18776,55.84196]]},"properties":{"c":0,"n":193}},{"type":"Feature","geometry":{"type":"LineString","coordinates":[[-4.19827,55.84667],[-4.19833,55.8467]]},"properties":{"c":0,"n":669}},{"type":"Feature","geometry":{"type":"LineString","coordinates":[[-4.19784,55.84644],[-4.19827,55.84667]]},"properties":{"c":0,"n":669}},{"type":"Feature","geometry":{"type":"LineString","coordinates":[[-4.19737,55.84623],[-4.19749,55.84629]]},"properties":{"c":0,"n":155}},{"type":"Feature","geometry":{"type":"LineString","coordinates":[[-4.17557,55.83016],[-4.17563,55.83024]]},"properties":{"c":0,"n":13}},{"type":"Feature","geometry":{"type":"LineString","coordinates":[[-4.17289,55.83311],[-4.17291,55.83301]]},"properties":{"c":0,"n":13}},{"type":"Feature","geometry":{"type":"LineString","coordinates":[[-4.18783,55.82557],[-4.18971,55.82577]]},"properties":{"c":0,"n":13}},{"type":"Feature","geometry":{"type":"LineString","coordinates":[[-4.19171,55.82597],[-4.19249,55.8261]]},"properties":{"c":0,"n":13}},{"type":"Feature","geometry":{"type":"LineString","coordinates":[[-4.17291,55.83301],[-4.17316,55.83273]]},"properties":{"c":0,"n":13}},{"type":"Feature","geometry":{"type":"LineString","coordinates":[[-4.25307,55.82876],[-4.25319,55.82868],[-4.25439,55.82869],[-4.25491,55.82861],[-4.25628,55.82815]]},"properties":{"c":0,"n":166}},{"type":"Feature","geometry":{"type":"LineString","coordinates":[[-4.17169,55.83494],[-4.17214,55.83457],[-4.17287,55.83352],[-4.17289,55.83311]]},"properties":{"c":0,"n":13}},{"type":"Feature","geometry":{"type":"LineString","coordinates":[[-4.18762,55.82564],[-4.18767,55.82556]]},"properties":{"c":0,"n":13}},{"type":"Feature","geometry":{"type":"LineString","coordinates":[[-4.17328,55.8327],[-4.17352,55.83254],[-4.17496,55.83058],[-4.17501,55.83036]]},"properties":{"c":0,"n":13}},{"type":"Feature","geometry":{"type":"LineString","coordinates":[[-4.18767,55.82556],[-4.18778,55.82557]]},"properties":{"c":0,"n":13}},{"type":"Feature","geometry":{"type":"LineString","coordinates":[[-4.18346,55.82903],[-4.18379,55.82859]]},"properties":{"c":0,"n":13}},{"type":"Feature","geometry":{"type":"LineString","coordinates":[[-4.19137,55.82594],[-4.19171,55.82597]]},"properties":{"c":0,"n":13}},{"type":"Feature","geometry":{"type":"LineString","coordinates":[[-4.17563,55.83024],[-4.17613,55.83039]]},"properties":{"c":0,"n":13}},{"type":"Feature","geometry":{"type":"LineString","coordinates":[[-4.1838,55.82846],[-4.18394,55.82835],[-4.18416,55.82831]]},"properties":{"c":0,"n":13}},{"type":"Feature","geometry":{"type":"LineString","coordinates":[[-4.18721,55.82607],[-4.18762,55.82564]]},"properties":{"c":0,"n":13}},{"type":"Feature","geometry":{"type":"LineString","coordinates":[[-4.25628,55.82815],[-4.25667,55.82806],[-4.25734,55.828],[-4.25938,55.82796]]},"properties":{"c":0,"n":166}},{"type":"Feature","geometry":{"type":"LineString","coordinates":[[-4.21057,55.82837],[-4.21081,55.82836]]},"properties":{"c":0,"n":11}},{"type":"Feature","geometry":{"type":"LineString","coordinates":[[-4.18416,55.82831],[-4.18447,55.82821],[-4.18721,55.82607]]},"properties":{"c":0,"n":13}},{"type":"Feature","geometry":{"type":"LineString","coordinates":[[-4.20939,55.82842],[-4.21039,55.82837]]},"properties":{"c":0,"n":11}},{"type":"Feature","geometry":{"type":"LineString","coordinates":[[-4.17501,55.83036],[-4.17502,55.83019]]},"properties":{"c":0,"n":13}},{"type":"Feature","geometry":{"type":"LineString","coordinates":[[-4.19411,55.82658],[-4.19482,55.82677]]},"properties":{"c":0,"n":11}},{"type":"Feature","geometry":{"type":"LineString","coordinates":[[-4.17044,55.83678],[-4.17094,55.83633],[-4.17108,55.83594]]},"properties":{"c":0,"n":13}},{"type":"Feature","geometry":{"type":"LineString","coordinates":[[-4.18379,55.82859],[-4.1838,55.82846]]},"properties":{"c":0,"n":13}},{"type":"Feature","geometry":{"type":"LineString","coordinates":[[-4.17502,55.83019],[-4.17521,55.8301]]},"properties":{"c":0,"n":13}},{"type":"Feature","geometry":{"type":"LineString","coordinates":[[-4.18971,55.82577],[-4.19137,55.82594]]},"properties":{"c":0,"n":13}},{"type":"Feature","geometry":{"type":"LineString","coordinates":[[-4.17316,55.83273],[-4.17328,55.8327]]},"properties":{"c":0,"n":13}},{"type":"Feature","geometry":{"type":"LineString","coordinates":[[-4.21039,55.82837],[-4.21057,55.82837]]},"properties":{"c":0,"n":11}},{"type":"Feature","geometry":{"type":"LineString","coordinates":[[-4.21081,55.82836],[-4.21363,55.82835]]},"properties":{"c":0,"n":11}},{"type":"Feature","geometry":{"type":"LineString","coordinates":[[-4.17108,55.83594],[-4.17099,55.8357],[-4.17119,55.83524],[-4.17141,55.83505],[-4.17169,55.83494]]},"properties":{"c":0,"n":13}},{"type":"Feature","geometry":{"type":"LineString","coordinates":[[-4.18778,55.82557],[-4.18783,55.82557]]},"properties":{"c":0,"n":13}},{"type":"Feature","geometry":{"type":"LineString","coordinates":[[-4.19398,55.82655],[-4.19411,55.82658]]},"properties":{"c":0,"n":11}},{"type":"Feature","geometry":{"type":"LineString","coordinates":[[-4.19249,55.8261],[-4.19398,55.82655]]},"properties":{"c":0,"n":11}},{"type":"Feature","geometry":{"type":"LineString","coordinates":[[-4.17521,55.8301],[-4.17557,55.83016]]},"properties":{"c":0,"n":13}},{"type":"Feature","geometry":{"type":"LineString","coordinates":[[-4.2086,55.85336],[-4.20877,55.85338]]},"properties":{"c":0,"n":3447}},{"type":"Feature","geometry":{"type":"LineString","coordinates":[[-4.20877,55.85338],[-4.20927,55.85346]]},"properties":{"c":0,"n":3447}},{"type":"Feature","geometry":{"type":"LineString","coordinates":[[-4.20783,55.85333],[-4.2086,55.85336]]},"properties":{"c":0,"n":3447}},{"type":"Feature","geometry":{"type":"LineString","coordinates":[[-4.19732,55.84619],[-4.19738,55.84622]]},"properties":{"c":0,"n":38}},{"type":"Feature","geometry":{"type":"LineString","coordinates":[[-4.20739,55.84816],[-4.20749,55.84817]]},"properties":{"c":0,"n":713}},{"type":"Feature","geometry":{"type":"LineString","coordinates":[[-4.2066,55.8481],[-4.20706,55.84813]]},"properties":{"c":0,"n":713}},{"type":"Feature","geometry":{"type":"LineString","coordinates":[[-4.20788,55.8482],[-4.20814,55.84821]]},"properties":{"c":0,"n":713}},{"type":"Feature","geometry":{"type":"LineString","coordinates":[[-4.20576,55.84803],[-4.20605,55.84806]]},"properties":{"c":0,"n":919}},{"type":"Feature","geometry":{"type":"LineString","coordinates":[[-4.19831,55.84664],[-4.19836,55.84667]]},"properties":{"c":0,"n":146}},{"type":"Feature","geometry":{"type":"LineString","coordinates":[[-4.19708,55.84609],[-4.19732,55.84619]]},"properties":{"c":0,"n":38}},{"type":"Feature","geometry":{"type":"LineString","coordinates":[[-4.20123,55.84764],[-4.20142,55.84767]]},"properties":{"c":0,"n":146}},{"type":"Feature","geometry":{"type":"LineString","coordinates":[[-4.20862,55.84825],[-4.20948,55.84831]]},"properties":{"c":0,"n":713}},{"type":"Feature","geometry":{"type":"LineString","coordinates":[[-4.19751,55.84627],[-4.19786,55.84643]]},"properties":{"c":0,"n":38}},{"type":"Feature","geometry":{"type":"LineString","coordinates":[[-4.20997,55.84835],[-4.2102,55.84836]]},"properties":{"c":0,"n":315}},{"type":"Feature","geometry":{"type":"LineString","coordinates":[[-4.20009,55.84739],[-4.20087,55.84758]]},"properties":{"c":0,"n":146}},{"type":"Feature","geometry":{"type":"LineString","coordinates":[[-4.19612,55.84564],[-4.19631,55.84573]]},"properties":{"c":0,"n":38}},{"type":"Feature","geometry":{"type":"LineString","coordinates":[[-4.20205,55.84775],[-4.20221,55.84776]]},"properties":{"c":0,"n":150}},{"type":"Feature","geometry":{"type":"LineString","coordinates":[[-4.19836,55.84667],[-4.19871,55.84685]]},"properties":{"c":0,"n":146}},{"type":"Feature","geometry":{"type":"LineString","coordinates":[[-4.20087,55.84758],[-4.20123,55.84764]]},"properties":{"c":0,"n":146}},{"type":"Feature","geometry":{"type":"LineString","coordinates":[[-4.19738,55.84622],[-4.19751,55.84627]]},"properties":{"c":0,"n":38}},{"type":"Feature","geometry":{"type":"LineString","coordinates":[[-4.19786,55.84643],[-4.19831,55.84664]]},"properties":{"c":0,"n":146}},{"type":"Feature","geometry":{"type":"LineString","coordinates":[[-4.20948,55.84831],[-4.20974,55.84833]]},"properties":{"c":0,"n":315}},{"type":"Feature","geometry":{"type":"LineString","coordinates":[[-4.20749,55.84817],[-4.20788,55.8482]]},"properties":{"c":0,"n":713}},{"type":"Feature","geometry":{"type":"LineString","coordinates":[[-4.19645,55.8458],[-4.19708,55.84609]]},"properties":{"c":0,"n":38}},{"type":"Feature","geometry":{"type":"LineString","coordinates":[[-4.19904,55.847],[-4.20009,55.84739]]},"properties":{"c":0,"n":146}},{"type":"Feature","geometry":{"type":"LineString","coordinates":[[-4.20974,55.84833],[-4.20997,55.84835]]},"properties":{"c":0,"n":315}},{"type":"Feature","geometry":{"type":"LineString","coordinates":[[-4.19594,55.84556],[-4.19612,55.84564]]},"properties":{"c":0,"n":38}},{"type":"Feature","geometry":{"type":"LineString","coordinates":[[-4.19631,55.84573],[-4.19645,55.8458]]},"properties":{"c":0,"n":38}},{"type":"Feature","geometry":{"type":"LineString","coordinates":[[-4.19871,55.84685],[-4.19904,55.847]]},"properties":{"c":0,"n":146}},{"type":"Feature","geometry":{"type":"LineString","coordinates":[[-4.20245,55.84778],[-4.20275,55.8478]]},"properties":{"c":0,"n":616}},{"type":"Feature","geometry":{"type":"LineString","coordinates":[[-4.20837,55.84823],[-4.20862,55.84825]]},"properties":{"c":0,"n":713}},{"type":"Feature","geometry":{"type":"LineString","coordinates":[[-4.19582,55.84555],[-4.19594,55.84556]]},"properties":{"c":0,"n":38}},{"type":"Feature","geometry":{"type":"LineString","coordinates":[[-4.20405,55.8479],[-4.20576,55.84803]]},"properties":{"c":0,"n":919}},{"type":"Feature","geometry":{"type":"LineString","coordinates":[[-4.20814,55.84821],[-4.20837,55.84823]]},"properties":{"c":0,"n":713}},{"type":"Feature","geometry":{"type":"LineString","coordinates":[[-4.20275,55.8478],[-4.20405,55.8479]]},"properties":{"c":0,"n":919}},{"type":"Feature","geometry":{"type":"LineString","coordinates":[[-4.20142,55.84767],[-4.20205,55.84775]]},"properties":{"c":0,"n":146}},{"type":"Feature","geometry":{"type":"LineString","coordinates":[[-4.20232,55.84777],[-4.20245,55.84778]]},"properties":{"c":0,"n":616}},{"type":"Feature","geometry":{"type":"LineString","coordinates":[[-4.20605,55.84806],[-4.2066,55.8481]]},"properties":{"c":0,"n":713}},{"type":"Feature","geometry":{"type":"LineString","coordinates":[[-4.20706,55.84813],[-4.20739,55.84816]]},"properties":{"c":0,"n":713}},{"type":"Feature","geometry":{"type":"LineString","coordinates":[[-4.20221,55.84776],[-4.20232,55.84777]]},"properties":{"c":0,"n":133}},{"type":"Feature","geometry":{"type":"LineString","coordinates":[[-4.20948,55.84831],[-4.20967,55.84826],[-4.20996,55.84737],[-4.21026,55.84687],[-4.21036,55.84683]]},"properties":{"c":0,"n":398}},{"type":"Feature","geometry":{"type":"LineString","coordinates":[[-4.20221,55.84776],[-4.20236,55.84775]]},"properties":{"c":0,"n":17}},{"type":"Feature","geometry":{"type":"LineString","coordinates":[[-4.19784,55.84644],[-4.19771,55.84651]]},"properties":{"c":0,"n":668}},{"type":"Feature","geometry":{"type":"LineString","coordinates":[[-4.19771,55.84651],[-4.19761,55.84656]]},"properties":{"c":0,"n":668}},{"type":"Feature","geometry":{"type":"LineString","coordinates":[[-4.26342,55.83425],[-4.26536,55.83461]]},"properties":{"c":0,"n":278}},{"type":"Feature","geometry":{"type":"LineString","coordinates":[[-4.25568,55.83287],[-4.25615,55.83291],[-4.26286,55.83413]]},"properties":{"c":0,"n":278}},{"type":"Feature","geometry":{"type":"LineString","coordinates":[[-4.26286,55.83413],[-4.26342,55.83425]]},"properties":{"c":0,"n":278}},{"type":"Feature","geometry":{"type":"LineString","coordinates":[[-4.26536,55.83461],[-4.26551,55.83462]]},"properties":{"c":0,"n":278}},{"type":"Feature","geometry":{"type":"LineString","coordinates":[[-4.26551,55.83462],[-4.2654,55.83489]]},"properties":{"c":0,"n":278}},{"type":"Feature","geometry":{"type":"LineString","coordinates":[[-4.17652,55.85022],[-4.17652,55.85026]]},"properties":{"c":0,"n":12}},{"type":"Feature","geometry":{"type":"LineString","coordinates":[[-4.17501,55.84814],[-4.17474,55.84884]]},"properties":{"c":0,"n":12}},{"type":"Feature","geometry":{"type":"LineString","coordinates":[[-4.17577,55.84591],[-4.1757,55.84628]]},"properties":{"c":0,"n":12}},{"type":"Feature","geometry":{"type":"LineString","coordinates":[[-4.17801,55.85436],[-4.17807,55.85498],[-4.17815,55.85506]]},"properties":{"c":0,"n":13}},{"type":"Feature","geometry":{"type":"LineString","coordinates":[[-4.1757,55.84628],[-4.17559,55.84658]]},"properties":{"c":0,"n":12}},{"type":"Feature","geometry":{"type":"LineString","coordinates":[[-4.18026,55.85788],[-4.18047,55.85857]]},"properties":{"c":0,"n":13}},{"type":"Feature","geometry":{"type":"LineString","coordinates":[[-4.18214,55.86281],[-4.1822,55.86297]]},"properties":{"c":0,"n":13}},{"type":"Feature","geometry":{"type":"LineString","coordinates":[[-4.17609,55.84416],[-4.176,55.84475]]},"properties":{"c":0,"n":12}},{"type":"Feature","geometry":{"type":"LineString","coordinates":[[-4.17474,55.84884],[-4.17462,55.84916]]},"properties":{"c":0,"n":12}},{"type":"Feature","geometry":{"type":"LineString","coordinates":[[-4.17737,55.85273],[-4.17775,55.85349]]},"properties":{"c":0,"n":12}},{"type":"Feature","geometry":{"type":"LineString","coordinates":[[-4.1822,55.86297],[-4.18254,55.86372]]},"properties":{"c":0,"n":13}},{"type":"Feature","geometry":{"type":"LineString","coordinates":[[-4.18185,55.86216],[-4.18214,55.86281]]},"properties":{"c":0,"n":13}},{"type":"Feature","geometry":{"type":"LineString","coordinates":[[-4.18254,55.86372],[-4.18285,55.86439]]},"properties":{"c":0,"n":13}},{"type":"Feature","geometry":{"type":"LineString","coordinates":[[-4.18333,55.86539],[-4.18341,55.86561]]},"properties":{"c":0,"n":13}},{"type":"Feature","geometry":{"type":"LineString","coordinates":[[-4.17462,55.84916],[-4.17446,55.84944]]},"properties":{"c":0,"n":12}},{"type":"Feature","geometry":{"type":"LineString","coordinates":[[-4.18454,55.8666],[-4.18547,55.86654]]},"properties":{"c":0,"n":13}},{"type":"Feature","geometry":{"type":"LineString","coordinates":[[-4.1801,55.85735],[-4.18022,55.85773]]},"properties":{"c":0,"n":13}},{"type":"Feature","geometry":{"type":"LineString","coordinates":[[-4.18857,55.86682],[-4.19049,55.86711],[-4.19127,55.86728],[-4.19139,55.86735]]},"properties":{"c":0,"n":13}},{"type":"Feature","geometry":{"type":"LineString","coordinates":[[-4.17775,55.85349],[-4.17791,55.85391]]},"properties":{"c":0,"n":13}},{"type":"Feature","geometry":{"type":"LineString","coordinates":[[-4.17595,55.845],[-4.17577,55.84591]]},"properties":{"c":0,"n":12}},{"type":"Feature","geometry":{"type":"LineString","coordinates":[[-4.18341,55.86561],[-4.18362,55.86607]]},"properties":{"c":0,"n":13}},{"type":"Feature","geometry":{"type":"LineString","coordinates":[[-4.18547,55.86654],[-4.18617,55.86658]]},"properties":{"c":0,"n":13}},{"type":"Feature","geometry":{"type":"LineString","coordinates":[[-4.17988,55.85672],[-4.1801,55.85735]]},"properties":{"c":0,"n":13}},{"type":"Feature","geometry":{"type":"LineString","coordinates":[[-4.18223,55.86202],[-4.18185,55.86216]]},"properties":{"c":0,"n":10}},{"type":"Feature","geometry":{"type":"LineString","coordinates":[[-4.18285,55.86439],[-4.18302,55.86475]]},"properties":{"c":0,"n":13}},{"type":"Feature","geometry":{"type":"LineString","coordinates":[[-4.17647,55.85074],[-4.17646,55.85127]]},"properties":{"c":0,"n":12}},{"type":"Feature","geometry":{"type":"LineString","coordinates":[[-4.17646,55.85212],[-4.17721,55.85219]]},"properties":{"c":0,"n":12}},{"type":"Feature","geometry":{"type":"LineString","coordinates":[[-4.17559,55.84658],[-4.1751,55.84786]]},"properties":{"c":0,"n":12}},{"type":"Feature","geometry":{"type":"LineString","coordinates":[[-4.17446,55.84944],[-4.17654,55.84968]]},"properties":{"c":0,"n":12}},{"type":"Feature","geometry":{"type":"LineString","coordinates":[[-4.17694,55.84294],[-4.17639,55.84346]]},"properties":{"c":0,"n":395}},{"type":"Feature","geometry":{"type":"LineString","coordinates":[[-4.17654,55.84968],[-4.17652,55.85022]]},"properties":{"c":0,"n":12}},{"type":"Feature","geometry":{"type":"LineString","coordinates":[[-4.18617,55.86658],[-4.18857,55.86682]]},"properties":{"c":0,"n":13}},{"type":"Feature","geometry":{"type":"LineString","coordinates":[[-4.19139,55.86735],[-4.19242,55.86718],[-4.19274,55.86729]]},"properties":{"c":0,"n":13}},{"type":"Feature","geometry":{"type":"LineString","coordinates":[[-4.17646,55.85127],[-4.17646,55.85212]]},"properties":{"c":0,"n":12}},{"type":"Feature","geometry":{"type":"LineString","coordinates":[[-4.17794,55.85404],[-4.17801,55.85436]]},"properties":{"c":0,"n":13}},{"type":"Feature","geometry":{"type":"LineString","coordinates":[[-4.18171,55.86153],[-4.18216,55.86166],[-4.18229,55.86188],[-4.18223,55.86202]]},"properties":{"c":0,"n":10}},{"type":"Feature","geometry":{"type":"LineString","coordinates":[[-4.17791,55.85391],[-4.17794,55.85404]]},"properties":{"c":0,"n":13}},{"type":"Feature","geometry":{"type":"LineString","coordinates":[[-4.18022,55.85773],[-4.18026,55.85788]]},"properties":{"c":0,"n":13}},{"type":"Feature","geometry":{"type":"LineString","coordinates":[[-4.18157,55.86123],[-4.18155,55.86142],[-4.18171,55.86153]]},"properties":{"c":0,"n":10}},{"type":"Feature","geometry":{"type":"LineString","coordinates":[[-4.18321,55.86513],[-4.18333,55.86539]]},"properties":{"c":0,"n":13}},{"type":"Feature","geometry":{"type":"LineString","coordinates":[[-4.18362,55.86607],[-4.18377,55.86648]]},"properties":{"c":0,"n":13}},{"type":"Feature","geometry":{"type":"LineString","coordinates":[[-4.17721,55.85219],[-4.17737,55.85273]]},"properties":{"c":0,"n":12}},{"type":"Feature","geometry":{"type":"LineString","coordinates":[[-4.18377,55.86648],[-4.18392,55.86657]]},"properties":{"c":0,"n":13}},{"type":"Feature","geometry":{"type":"LineString","coordinates":[[-4.18106,55.86047],[-4.1813,55.86106]]},"properties":{"c":0,"n":13}},{"type":"Feature","geometry":{"type":"LineString","coordinates":[[-4.18302,55.86475],[-4.18321,55.86513]]},"properties":{"c":0,"n":13}},{"type":"Feature","geometry":{"type":"LineString","coordinates":[[-4.18068,55.85926],[-4.18106,55.86047]]},"properties":{"c":0,"n":13}},{"type":"Feature","geometry":{"type":"LineString","coordinates":[[-4.18047,55.85857],[-4.18068,55.85926]]},"properties":{"c":0,"n":13}},{"type":"Feature","geometry":{"type":"LineString","coordinates":[[-4.17639,55.84346],[-4.17619,55.84371],[-4.17609,55.84416]]},"properties":{"c":0,"n":395}},{"type":"Feature","geometry":{"type":"LineString","coordinates":[[-4.17652,55.85026],[-4.17647,55.85074]]},"properties":{"c":0,"n":12}},{"type":"Feature","geometry":{"type":"LineString","coordinates":[[-4.1751,55.84786],[-4.17501,55.84814]]},"properties":{"c":0,"n":12}},{"type":"Feature","geometry":{"type":"LineString","coordinates":[[-4.18392,55.86657],[-4.18454,55.8666]]},"properties":{"c":0,"n":13}},{"type":"Feature","geometry":{"type":"LineString","coordinates":[[-4.1813,55.86106],[-4.18157,55.86111]]},"properties":{"c":0,"n":10}},{"type":"Feature","geometry":{"type":"LineString","coordinates":[[-4.17815,55.85506],[-4.17923,55.85533],[-4.17988,55.85672]]},"properties":{"c":0,"n":13}},{"type":"Feature","geometry":{"type":"LineString","coordinates":[[-4.18157,55.86111],[-4.18157,55.86123]]},"properties":{"c":0,"n":10}},{"type":"Feature","geometry":{"type":"LineString","coordinates":[[-4.176,55.84475],[-4.17595,55.845]]},"properties":{"c":0,"n":12}},{"type":"Feature","geometry":{"type":"LineString","coordinates":[[-4.25187,55.86011],[-4.2518,55.86028]]},"properties":{"c":0,"n":306}},{"type":"Feature","geometry":{"type":"LineString","coordinates":[[-4.2518,55.86028],[-4.25157,55.8609]]},"properties":{"c":0,"n":306}},{"type":"Feature","geometry":{"type":"LineString","coordinates":[[-4.30046,55.8704],[-4.30031,55.87024]]},"properties":{"c":48,"n":1216}},{"type":"Feature","geometry":{"type":"LineString","coordinates":[[-4.31452,55.88408],[-4.31519,55.88415]]},"properties":{"c":42,"n":146}},{"type":"Feature","geometry":{"type":"LineString","coordinates":[[-4.31519,55.88415],[-4.31624,55.88424]]},"properties":{"c":42,"n":146}},{"type":"Feature","geometry":{"type":"LineString","coordinates":[[-4.31236,55.88417],[-4.31357,55.88412]]},"properties":{"c":42,"n":146}},{"type":"Feature","geometry":{"type":"LineString","coordinates":[[-4.31054,55.88405],[-4.31095,55.88421]]},"properties":{"c":42,"n":146}},{"type":"Feature","geometry":{"type":"LineString","coordinates":[[-4.31624,55.88424],[-4.31661,55.88427]]},"properties":{"c":42,"n":146}},{"type":"Feature","geometry":{"type":"LineString","coordinates":[[-4.32424,55.88485],[-4.32424,55.88537]]},"properties":{"c":42,"n":146}},{"type":"Feature","geometry":{"type":"LineString","coordinates":[[-4.31095,55.88421],[-4.31236,55.88417]]},"properties":{"c":42,"n":146}},{"type":"Feature","geometry":{"type":"LineString","coordinates":[[-4.3251,55.88541],[-4.32564,55.88541]]},"properties":{"c":42,"n":158}},{"type":"Feature","geometry":{"type":"LineString","coordinates":[[-4.31383,55.88411],[-4.31452,55.88408]]},"properties":{"c":42,"n":146}},{"type":"Feature","geometry":{"type":"LineString","coordinates":[[-4.32493,55.88542],[-4.3251,55.88541]]},"properties":{"c":42,"n":158}},{"type":"Feature","geometry":{"type":"LineString","coordinates":[[-4.31661,55.88427],[-4.31952,55.88456],[-4.32424,55.88485]]},"properties":{"c":42,"n":146}},{"type":"Feature","geometry":{"type":"LineString","coordinates":[[-4.31357,55.88412],[-4.31383,55.88411]]},"properties":{"c":42,"n":146}},{"type":"Feature","geometry":{"type":"LineString","coordinates":[[-4.32424,55.88537],[-4.32444,55.88545],[-4.32493,55.88542]]},"properties":{"c":42,"n":158}},{"type":"Feature","geometry":{"type":"LineString","coordinates":[[-4.30859,55.87851],[-4.30864,55.87837]]},"properties":{"c":0,"n":19}},{"type":"Feature","geometry":{"type":"LineString","coordinates":[[-4.30873,55.87835],[-4.30931,55.87842]]},"properties":{"c":0,"n":19}},{"type":"Feature","geometry":{"type":"LineString","coordinates":[[-4.30931,55.87842],[-4.30972,55.87735]]},"properties":{"c":0,"n":19}},{"type":"Feature","geometry":{"type":"LineString","coordinates":[[-4.30793,55.87843],[-4.30859,55.87851]]},"properties":{"c":0,"n":19}},{"type":"Feature","geometry":{"type":"LineString","coordinates":[[-4.30733,55.87836],[-4.30793,55.87843]]},"properties":{"c":0,"n":338}},{"type":"Feature","geometry":{"type":"LineString","coordinates":[[-4.30864,55.87837],[-4.30873,55.87835]]},"properties":{"c":0,"n":19}},{"type":"Feature","geometry":{"type":"LineString","coordinates":[[-4.30957,55.87111],[-4.30942,55.87077]]},"properties":{"c":0,"n":507}},{"type":"Feature","geometry":{"type":"LineString","coordinates":[[-4.30716,55.87021],[-4.3069,55.87013]]},"properties":{"c":0,"n":471}},{"type":"Feature","geometry":{"type":"LineString","coordinates":[[-4.31006,55.87619],[-4.31089,55.87596],[-4.31134,55.87564]]},"properties":{"c":0,"n":507}},{"type":"Feature","geometry":{"type":"LineString","coordinates":[[-4.31134,55.87564],[-4.31152,55.87521],[-4.31155,55.87486],[-4.31128,55.87427]]},"properties":{"c":0,"n":507}},{"type":"Feature","geometry":{"type":"LineString","coordinates":[[-4.30809,55.87079],[-4.30792,55.87051]]},"properties":{"c":0,"n":471}},{"type":"Feature","geometry":{"type":"LineString","coordinates":[[-4.30955,55.87619],[-4.31006,55.87619]]},"properties":{"c":0,"n":507}},{"type":"Feature","geometry":{"type":"LineString","coordinates":[[-4.30944,55.87618],[-4.30955,55.87619]]},"properties":{"c":0,"n":507}},{"type":"Feature","geometry":{"type":"LineString","coordinates":[[-4.3078,55.87038],[-4.30759,55.87026]]},"properties":{"c":0,"n":471}},{"type":"Feature","geometry":{"type":"LineString","coordinates":[[-4.30912,55.87704],[-4.30944,55.87618]]},"properties":{"c":0,"n":507}},{"type":"Feature","geometry":{"type":"LineString","coordinates":[[-4.30619,55.8697],[-4.30603,55.8695],[-4.30606,55.86935]]},"properties":{"c":0,"n":471}},{"type":"Feature","geometry":{"type":"LineString","coordinates":[[-4.30759,55.87026],[-4.30727,55.87035],[-4.30716,55.87021]]},"properties":{"c":0,"n":471}},{"type":"Feature","geometry":{"type":"LineString","coordinates":[[-4.30975,55.87144],[-4.30957,55.87111]]},"properties":{"c":0,"n":507}},{"type":"Feature","geometry":{"type":"LineString","coordinates":[[-4.31128,55.87427],[-4.31096,55.87398]]},"properties":{"c":0,"n":507}},{"type":"Feature","geometry":{"type":"LineString","coordinates":[[-4.30788,55.87047],[-4.3078,55.87038]]},"properties":{"c":0,"n":471}},{"type":"Feature","geometry":{"type":"LineString","coordinates":[[-4.31096,55.87398],[-4.31039,55.87353],[-4.31042,55.87325]]},"properties":{"c":0,"n":507}},{"type":"Feature","geometry":{"type":"LineString","coordinates":[[-4.31042,55.87325],[-4.31046,55.87313],[-4.30975,55.87144]]},"properties":{"c":0,"n":507}},{"type":"Feature","geometry":{"type":"LineString","coordinates":[[-4.30792,55.87051],[-4.30788,55.87047]]},"properties":{"c":0,"n":471}},{"type":"Feature","geometry":{"type":"LineString","coordinates":[[-4.30899,55.87727],[-4.30912,55.87704]]},"properties":{"c":0,"n":507}},{"type":"Feature","geometry":{"type":"LineString","coordinates":[[-4.30657,55.86975],[-4.3063,55.86983],[-4.30619,55.8697]]},"properties":{"c":0,"n":471}},{"type":"Feature","geometry":{"type":"LineString","coordinates":[[-4.3069,55.87013],[-4.30657,55.86975]]},"properties":{"c":0,"n":471}},{"type":"Feature","geometry":{"type":"LineString","coordinates":[[-4.30793,55.87843],[-4.3084,55.8772]]},"properties":{"c":0,"n":319}},{"type":"Feature","geometry":{"type":"LineString","coordinates":[[-4.27521,55.88713],[-4.27493,55.88724],[-4.27364,55.88751]]},"properties":{"c":0,"n":21}},{"type":"Feature","geometry":{"type":"LineString","coordinates":[[-4.26918,55.88838],[-4.26819,55.88859]]},"properties":{"c":0,"n":246}},{"type":"Feature","geometry":{"type":"LineString","coordinates":[[-4.2707,55.88809],[-4.26918,55.88838]]},"properties":{"c":0,"n":246}},{"type":"Feature","geometry":{"type":"LineString","coordinates":[[-4.23058,55.8871],[-4.23074,55.88746]]},"properties":{"c":0,"n":12}},{"type":"Feature","geometry":{"type":"LineString","coordinates":[[-4.2425,55.88703],[-4.24011,55.88723],[-4.23953,55.88721]]},"properties":{"c":0,"n":72}},{"type":"Feature","geometry":{"type":"LineString","coordinates":[[-4.22715,55.88752],[-4.22453,55.88756]]},"properties":{"c":0,"n":12}},{"type":"Feature","geometry":{"type":"LineString","coordinates":[[-4.23464,55.88635],[-4.23403,55.88631]]},"properties":{"c":0,"n":38}},{"type":"Feature","geometry":{"type":"LineString","coordinates":[[-4.25546,55.88657],[-4.25494,55.88656]]},"properties":{"c":0,"n":65}},{"type":"Feature","geometry":{"type":"LineString","coordinates":[[-4.25725,55.88664],[-4.25629,55.8866]]},"properties":{"c":0,"n":65}},{"type":"Feature","geometry":{"type":"LineString","coordinates":[[-4.24945,55.88649],[-4.24698,55.88666]]},"properties":{"c":0,"n":72}},{"type":"Feature","geometry":{"type":"LineString","coordinates":[[-4.26498,55.88874],[-4.26398,55.8886]]},"properties":{"c":0,"n":246}},{"type":"Feature","geometry":{"type":"LineString","coordinates":[[-4.23055,55.88869],[-4.22875,55.88858],[-4.22863,55.88852],[-4.22867,55.88801]]},"properties":{"c":0,"n":12}},{"type":"Feature","geometry":{"type":"LineString","coordinates":[[-4.26017,55.88776],[-4.25984,55.88759]]},"properties":{"c":0,"n":246}},{"type":"Feature","geometry":{"type":"LineString","coordinates":[[-4.22453,55.88756],[-4.22227,55.88757]]},"properties":{"c":0,"n":12}},{"type":"Feature","geometry":{"type":"LineString","coordinates":[[-4.25862,55.88661],[-4.25725,55.88664]]},"properties":{"c":0,"n":246}},{"type":"Feature","geometry":{"type":"LineString","coordinates":[[-4.22227,55.88757],[-4.22117,55.88759]]},"properties":{"c":0,"n":12}},{"type":"Feature","geometry":{"type":"LineString","coordinates":[[-4.22825,55.88752],[-4.22779,55.88752]]},"properties":{"c":0,"n":12}},{"type":"Feature","geometry":{"type":"LineString","coordinates":[[-4.25629,55.8866],[-4.25593,55.88659]]},"properties":{"c":0,"n":65}},{"type":"Feature","geometry":{"type":"LineString","coordinates":[[-4.22779,55.88752],[-4.22715,55.88752]]},"properties":{"c":0,"n":12}},{"type":"Feature","geometry":{"type":"LineString","coordinates":[[-4.25063,55.8865],[-4.24945,55.88649]]},"properties":{"c":0,"n":65}},{"type":"Feature","geometry":{"type":"LineString","coordinates":[[-4.23343,55.88619],[-4.233,55.88604]]},"properties":{"c":0,"n":38}},{"type":"Feature","geometry":{"type":"LineString","coordinates":[[-4.23059,55.8885],[-4.23055,55.88869]]},"properties":{"c":0,"n":12}},{"type":"Feature","geometry":{"type":"LineString","coordinates":[[-4.23074,55.88791],[-4.23059,55.8885]]},"properties":{"c":0,"n":12}},{"type":"Feature","geometry":{"type":"LineString","coordinates":[[-4.233,55.88604],[-4.23208,55.88552]]},"properties":{"c":0,"n":38}},{"type":"Feature","geometry":{"type":"LineString","coordinates":[[-4.22867,55.88792],[-4.22872,55.88752]]},"properties":{"c":0,"n":12}},{"type":"Feature","geometry":{"type":"LineString","coordinates":[[-4.21858,55.8877],[-4.21833,55.88773]]},"properties":{"c":0,"n":12}},{"type":"Feature","geometry":{"type":"LineString","coordinates":[[-4.23697,55.88674],[-4.23464,55.88635]]},"properties":{"c":0,"n":72}},{"type":"Feature","geometry":{"type":"LineString","coordinates":[[-4.23208,55.88552],[-4.2311,55.88518]]},"properties":{"c":0,"n":38}},{"type":"Feature","geometry":{"type":"LineString","coordinates":[[-4.25175,55.88652],[-4.25063,55.8865]]},"properties":{"c":0,"n":65}},{"type":"Feature","geometry":{"type":"LineString","coordinates":[[-4.23904,55.88712],[-4.23798,55.88693]]},"properties":{"c":0,"n":72}},{"type":"Feature","geometry":{"type":"LineString","coordinates":[[-4.26331,55.88847],[-4.26087,55.888]]},"properties":{"c":0,"n":246}},{"type":"Feature","geometry":{"type":"LineString","coordinates":[[-4.2311,55.88518],[-4.22999,55.88505],[-4.22843,55.88506]]},"properties":{"c":0,"n":38}},{"type":"Feature","geometry":{"type":"LineString","coordinates":[[-4.22872,55.88752],[-4.22825,55.88752]]},"properties":{"c":0,"n":12}},{"type":"Feature","geometry":{"type":"LineString","coordinates":[[-4.24698,55.88666],[-4.24615,55.88673]]},"properties":{"c":0,"n":72}},{"type":"Feature","geometry":{"type":"LineString","coordinates":[[-4.27563,55.88674],[-4.27521,55.88713]]},"properties":{"c":0,"n":21}},{"type":"Feature","geometry":{"type":"LineString","coordinates":[[-4.28027,55.88454],[-4.2797,55.88469]]},"properties":{"c":0,"n":16}},{"type":"Feature","geometry":{"type":"LineString","coordinates":[[-4.22117,55.88759],[-4.22109,55.88759]]},"properties":{"c":0,"n":12}},{"type":"Feature","geometry":{"type":"LineString","coordinates":[[-4.24443,55.88687],[-4.2425,55.88703]]},"properties":{"c":0,"n":72}},{"type":"Feature","geometry":{"type":"LineString","coordinates":[[-4.22829,55.88535],[-4.22881,55.88577],[-4.22982,55.88643]]},"properties":{"c":0,"n":12}},{"type":"Feature","geometry":{"type":"LineString","coordinates":[[-4.26058,55.88792],[-4.26017,55.88776]]},"properties":{"c":0,"n":246}},{"type":"Feature","geometry":{"type":"LineString","coordinates":[[-4.23074,55.88746],[-4.23074,55.88791]]},"properties":{"c":0,"n":12}},{"type":"Feature","geometry":{"type":"LineString","coordinates":[[-4.22982,55.88643],[-4.23058,55.8871]]},"properties":{"c":0,"n":12}},{"type":"Feature","geometry":{"type":"LineString","coordinates":[[-4.22109,55.88759],[-4.21959,55.88762],[-4.21858,55.8877]]},"properties":{"c":0,"n":12}},{"type":"Feature","geometry":{"type":"LineString","coordinates":[[-4.26087,55.888],[-4.26058,55.88792]]},"properties":{"c":0,"n":246}},{"type":"Feature","geometry":{"type":"LineString","coordinates":[[-4.24454,55.88686],[-4.24443,55.88687]]},"properties":{"c":0,"n":72}},{"type":"Feature","geometry":{"type":"LineString","coordinates":[[-4.24615,55.88673],[-4.24454,55.88686]]},"properties":{"c":0,"n":72}},{"type":"Feature","geometry":{"type":"LineString","coordinates":[[-4.23403,55.88631],[-4.23343,55.88619]]},"properties":{"c":0,"n":38}},{"type":"Feature","geometry":{"type":"LineString","coordinates":[[-4.25311,55.88654],[-4.25175,55.88652]]},"properties":{"c":0,"n":65}},{"type":"Feature","geometry":{"type":"LineString","coordinates":[[-4.26398,55.8886],[-4.26331,55.88847]]},"properties":{"c":0,"n":246}},{"type":"Feature","geometry":{"type":"LineString","coordinates":[[-4.28068,55.88441],[-4.28027,55.88454]]},"properties":{"c":0,"n":15}},{"type":"Feature","geometry":{"type":"LineString","coordinates":[[-4.22867,55.88801],[-4.22867,55.88792]]},"properties":{"c":0,"n":12}},{"type":"Feature","geometry":{"type":"LineString","coordinates":[[-4.27364,55.88751],[-4.2707,55.88809]]},"properties":{"c":0,"n":246}},{"type":"Feature","geometry":{"type":"LineString","coordinates":[[-4.25984,55.88759],[-4.25862,55.88661]]},"properties":{"c":0,"n":246}},{"type":"Feature","geometry":{"type":"LineString","coordinates":[[-4.26819,55.88859],[-4.26702,55.88875],[-4.2661,55.88878]]},"properties":{"c":0,"n":246}},{"type":"Feature","geometry":{"type":"LineString","coordinates":[[-4.2661,55.88878],[-4.26605,55.88878]]},"properties":{"c":0,"n":246}},{"type":"Feature","geometry":{"type":"LineString","coordinates":[[-4.25593,55.88659],[-4.25546,55.88657]]},"properties":{"c":0,"n":65}},{"type":"Feature","geometry":{"type":"LineString","coordinates":[[-4.23953,55.88721],[-4.23904,55.88712]]},"properties":{"c":0,"n":72}},{"type":"Feature","geometry":{"type":"LineString","coordinates":[[-4.23798,55.88693],[-4.23697,55.88674]]},"properties":{"c":0,"n":72}},{"type":"Feature","geometry":{"type":"LineString","coordinates":[[-4.25415,55.88655],[-4.25311,55.88654]]},"properties":{"c":0,"n":65}},{"type":"Feature","geometry":{"type":"LineString","coordinates":[[-4.2797,55.88469],[-4.27867,55.88448],[-4.27832,55.88453],[-4.27686,55.88553],[-4.27563,55.88674]]},"properties":{"c":0,"n":21}},{"type":"Feature","geometry":{"type":"LineString","coordinates":[[-4.25494,55.88656],[-4.25415,55.88655]]},"properties":{"c":0,"n":65}},{"type":"Feature","geometry":{"type":"LineString","coordinates":[[-4.26605,55.88878],[-4.26498,55.88874]]},"properties":{"c":0,"n":246}},{"type":"Feature","geometry":{"type":"LineString","coordinates":[[-4.24892,55.86143],[-4.2487,55.8619]]},"properties":{"c":1210,"n":8448}},{"type":"Feature","geometry":{"type":"LineString","coordinates":[[-4.2487,55.8619],[-4.24855,55.86232]]},"properties":{"c":1210,"n":8448}},{"type":"Feature","geometry":{"type":"LineString","coordinates":[[-4.24813,55.86133],[-4.24841,55.86053]]},"properties":{"c":4777,"n":8156}},{"type":"Feature","geometry":{"type":"LineString","coordinates":[[-4.24987,55.85902],[-4.24991,55.85888]]},"properties":{"c":424,"n":408}},{"type":"Feature","geometry":{"type":"LineString","coordinates":[[-4.2492,55.85986],[-4.24936,55.85943],[-4.24977,55.85943]]},"properties":{"c":424,"n":408}},{"type":"Feature","geometry":{"type":"LineString","coordinates":[[-4.24977,55.85943],[-4.24983,55.85917]]},"properties":{"c":424,"n":408}},{"type":"Feature","geometry":{"type":"LineString","coordinates":[[-4.25007,55.8583],[-4.25008,55.85823]]},"properties":{"c":424,"n":408}},{"type":"Feature","geometry":{"type":"LineString","coordinates":[[-4.24983,55.85917],[-4.24987,55.85902]]},"properties":{"c":424,"n":408}},{"type":"Feature","geometry":{"type":"LineString","coordinates":[[-4.25008,55.85823],[-4.25024,55.85759]]},"properties":{"c":424,"n":408}},{"type":"Feature","geometry":{"type":"LineString","coordinates":[[-4.24991,55.85888],[-4.25007,55.8583]]},"properties":{"c":424,"n":408}},{"type":"Feature","geometry":{"type":"LineString","coordinates":[[-4.2527,55.8606],[-4.25405,55.86072]]},"properties":{"c":1733,"n":6576}},{"type":"Feature","geometry":{"type":"LineString","coordinates":[[-4.25253,55.86101],[-4.2527,55.8606]]},"properties":{"c":1733,"n":6576}},{"type":"Feature","geometry":{"type":"LineString","coordinates":[[-4.25062,55.86801],[-4.25074,55.86807]]},"properties":{"c":0,"n":229}},{"type":"Feature","geometry":{"type":"LineString","coordinates":[[-4.25074,55.86807],[-4.2514,55.86841]]},"properties":{"c":0,"n":229}},{"type":"Feature","geometry":{"type":"LineString","coordinates":[[-4.25173,55.86762],[-4.25145,55.8678],[-4.25085,55.86791],[-4.25062,55.86801]]},"properties":{"c":0,"n":229}},{"type":"Feature","geometry":{"type":"LineString","coordinates":[[-4.25214,55.86646],[-4.25216,55.86674],[-4.25189,55.86747],[-4.25173,55.86762]]},"properties":{"c":0,"n":229}},{"type":"Feature","geometry":{"type":"LineString","coordinates":[[-4.25228,55.86604],[-4.25214,55.86646]]},"properties":{"c":0,"n":229}},{"type":"Feature","geometry":{"type":"LineString","coordinates":[[-4.2514,55.86841],[-4.25057,55.86883]]},"properties":{"c":0,"n":229}},{"type":"Feature","geometry":{"type":"LineString","coordinates":[[-4.25148,55.8659],[-4.25145,55.86596]]},"properties":{"c":0,"n":229}},{"type":"Feature","geometry":{"type":"LineString","coordinates":[[-4.26885,55.86981],[-4.26897,55.86984]]},"properties":{"c":0,"n":399}},{"type":"Feature","geometry":{"type":"LineString","coordinates":[[-4.26703,55.87064],[-4.26724,55.87045],[-4.26715,55.87042],[-4.26701,55.87049],[-4.26735,55.87017],[-4.26742,55.86993],[-4.26779,55.86971],[-4.26824,55.86969],[-4.26883,55.86984]]},"properties":{"c":0,"n":399}},{"type":"Feature","geometry":{"type":"LineString","coordinates":[[-4.26883,55.86984],[-4.26885,55.86981]]},"properties":{"c":0,"n":399}},{"type":"Feature","geometry":{"type":"LineString","coordinates":[[-4.26627,55.87039],[-4.26703,55.87064]]},"properties":{"c":0,"n":399}},{"type":"Feature","geometry":{"type":"LineString","coordinates":[[-4.23729,55.86297],[-4.23682,55.86315]]},"properties":{"c":0,"n":541}},{"type":"Feature","geometry":{"type":"LineString","coordinates":[[-4.24671,55.86034],[-4.24684,55.85999]]},"properties":{"c":232,"n":2467}},{"type":"Feature","geometry":{"type":"LineString","coordinates":[[-4.24684,55.85999],[-4.24695,55.85966]]},"properties":{"c":232,"n":2467}},{"type":"Feature","geometry":{"type":"LineString","coordinates":[[-4.2315,55.85848],[-4.23209,55.85795]]},"properties":{"c":126,"n":1169}},{"type":"Feature","geometry":{"type":"LineString","coordinates":[[-4.2309,55.85914],[-4.2315,55.85848]]},"properties":{"c":126,"n":1169}},{"type":"Feature","geometry":{"type":"LineString","coordinates":[[-4.19591,55.84576],[-4.19567,55.84562]]},"properties":{"c":0,"n":118}},{"type":"Feature","geometry":{"type":"LineString","coordinates":[[-4.19675,55.84615],[-4.19591,55.84576]]},"properties":{"c":0,"n":131}},{"type":"Feature","geometry":{"type":"LineString","coordinates":[[-4.19761,55.84656],[-4.19675,55.84615]]},"properties":{"c":0,"n":131}},{"type":"Feature","geometry":{"type":"LineString","coordinates":[[-4.23288,55.85471],[-4.23336,55.8542]]},"properties":{"c":0,"n":1195}},{"type":"Feature","geometry":{"type":"LineString","coordinates":[[-4.23336,55.8542],[-4.23227,55.85398],[-4.23144,55.85374]]},"properties":{"c":0,"n":1195}},{"type":"Feature","geometry":{"type":"LineString","coordinates":[[-4.20806,55.8533],[-4.20844,55.8532],[-4.20871,55.853]]},"properties":{"c":0,"n":190}},{"type":"Feature","geometry":{"type":"LineString","coordinates":[[-4.21943,55.85284],[-4.22124,55.85272]]},"properties":{"c":0,"n":338}},{"type":"Feature","geometry":{"type":"LineString","coordinates":[[-4.22358,55.85227],[-4.22481,55.85205],[-4.22644,55.85204]]},"properties":{"c":0,"n":338}},{"type":"Feature","geometry":{"type":"LineString","coordinates":[[-4.2184,55.85282],[-4.21943,55.85284]]},"properties":{"c":0,"n":338}},{"type":"Feature","geometry":{"type":"LineString","coordinates":[[-4.2171,55.85276],[-4.2184,55.85282]]},"properties":{"c":0,"n":338}},{"type":"Feature","geometry":{"type":"LineString","coordinates":[[-4.22124,55.85272],[-4.22207,55.85262],[-4.22358,55.85227]]},"properties":{"c":0,"n":338}},{"type":"Feature","geometry":{"type":"LineString","coordinates":[[-4.22765,55.85207],[-4.22873,55.85221]]},"properties":{"c":0,"n":338}},{"type":"Feature","geometry":{"type":"LineString","coordinates":[[-4.22644,55.85204],[-4.2274,55.85209]]},"properties":{"c":0,"n":338}},{"type":"Feature","geometry":{"type":"LineString","coordinates":[[-4.2274,55.85209],[-4.22762,55.85211]]},"properties":{"c":0,"n":338}},{"type":"Feature","geometry":{"type":"LineString","coordinates":[[-4.22762,55.85211],[-4.22765,55.85207]]},"properties":{"c":0,"n":338}},{"type":"Feature","geometry":{"type":"LineString","coordinates":[[-4.20037,55.84904],[-4.20069,55.84876]]},"properties":{"c":0,"n":505}},{"type":"Feature","geometry":{"type":"LineString","coordinates":[[-4.19974,55.84965],[-4.20037,55.84904]]},"properties":{"c":0,"n":505}},{"type":"Feature","geometry":{"type":"LineString","coordinates":[[-4.19859,55.85081],[-4.19974,55.84965]]},"properties":{"c":0,"n":592}},{"type":"Feature","geometry":{"type":"LineString","coordinates":[[-4.19797,55.85143],[-4.19859,55.85081]]},"properties":{"c":0,"n":592}},{"type":"Feature","geometry":{"type":"LineString","coordinates":[[-4.19974,55.84965],[-4.19886,55.84933]]},"properties":{"c":0,"n":87}},{"type":"Feature","geometry":{"type":"LineString","coordinates":[[-4.19988,55.85964],[-4.20006,55.86054]]},"properties":{"c":0,"n":22}},{"type":"Feature","geometry":{"type":"LineString","coordinates":[[-4.20006,55.86058],[-4.20027,55.86165]]},"properties":{"c":0,"n":22}},{"type":"Feature","geometry":{"type":"LineString","coordinates":[[-4.19976,55.85902],[-4.19988,55.85964]]},"properties":{"c":0,"n":22}},{"type":"Feature","geometry":{"type":"LineString","coordinates":[[-4.20006,55.86054],[-4.20006,55.86058]]},"properties":{"c":0,"n":22}},{"type":"Feature","geometry":{"type":"LineString","coordinates":[[-4.20027,55.86165],[-4.20035,55.86223]]},"properties":{"c":0,"n":22}},{"type":"Feature","geometry":{"type":"LineString","coordinates":[[-4.19983,55.85754],[-4.19971,55.85834],[-4.19976,55.85902]]},"properties":{"c":0,"n":22}},{"type":"Feature","geometry":{"type":"LineString","coordinates":[[-4.20138,55.8568],[-4.19983,55.85754]]},"properties":{"c":0,"n":22}},{"type":"Feature","geometry":{"type":"LineString","coordinates":[[-4.24517,55.84472],[-4.24564,55.84424]]},"properties":{"c":0,"n":430}},{"type":"Feature","geometry":{"type":"LineString","coordinates":[[-4.24062,55.84697],[-4.24095,55.84671]]},"properties":{"c":0,"n":430}},{"type":"Feature","geometry":{"type":"LineString","coordinates":[[-4.24265,55.84503],[-4.24296,55.84481]]},"properties":{"c":0,"n":430}},{"type":"Feature","geometry":{"type":"LineString","coordinates":[[-4.2435,55.84458],[-4.24389,55.84457],[-4.24421,55.84464],[-4.24481,55.84504]]},"properties":{"c":0,"n":430}},{"type":"Feature","geometry":{"type":"LineString","coordinates":[[-4.24167,55.84609],[-4.2418,55.84597]]},"properties":{"c":0,"n":430}},{"type":"Feature","geometry":{"type":"LineString","coordinates":[[-4.2503,55.84545],[-4.25048,55.84544]]},"properties":{"c":0,"n":561}},{"type":"Feature","geometry":{"type":"LineString","coordinates":[[-4.24261,55.84579],[-4.24263,55.84569],[-4.2423,55.84537],[-4.24265,55.84503]]},"properties":{"c":0,"n":430}},{"type":"Feature","geometry":{"type":"LineString","coordinates":[[-4.24095,55.84671],[-4.24125,55.84646]]},"properties":{"c":0,"n":430}},{"type":"Feature","geometry":{"type":"LineString","coordinates":[[-4.24481,55.84504],[-4.24517,55.84472]]},"properties":{"c":0,"n":430}},{"type":"Feature","geometry":{"type":"LineString","coordinates":[[-4.24564,55.84424],[-4.24867,55.84524]]},"properties":{"c":0,"n":430}},{"type":"Feature","geometry":{"type":"LineString","coordinates":[[-4.23993,55.84757],[-4.24062,55.84697]]},"properties":{"c":0,"n":430}},{"type":"Feature","geometry":{"type":"LineString","coordinates":[[-4.26216,55.83829],[-4.26247,55.83753]]},"properties":{"c":0,"n":430}},{"type":"Feature","geometry":{"type":"LineString","coordinates":[[-4.24296,55.84481],[-4.2433,55.84463]]},"properties":{"c":0,"n":430}},{"type":"Feature","geometry":{"type":"LineString","coordinates":[[-4.2614,55.83898],[-4.2617,55.83823]]},"properties":{"c":0,"n":430}},{"type":"Feature","geometry":{"type":"LineString","coordinates":[[-4.24125,55.84646],[-4.24167,55.84609]]},"properties":{"c":0,"n":430}},{"type":"Feature","geometry":{"type":"LineString","coordinates":[[-4.25048,55.84544],[-4.25495,55.84508]]},"properties":{"c":0,"n":561}},{"type":"Feature","geometry":{"type":"LineString","coordinates":[[-4.24867,55.84524],[-4.24966,55.84541],[-4.2503,55.84545]]},"properties":{"c":0,"n":430}},{"type":"Feature","geometry":{"type":"LineString","coordinates":[[-4.2418,55.84597],[-4.24215,55.84573],[-4.24244,55.84572],[-4.24261,55.84579]]},"properties":{"c":0,"n":430}},{"type":"Feature","geometry":{"type":"LineString","coordinates":[[-4.2433,55.84463],[-4.2435,55.84458]]},"properties":{"c":0,"n":430}},{"type":"Feature","geometry":{"type":"LineString","coordinates":[[-4.2617,55.83823],[-4.26216,55.83829]]},"properties":{"c":0,"n":430}},{"type":"Feature","geometry":{"type":"LineString","coordinates":[[-4.24721,55.85329],[-4.24707,55.8533]]},"properties":{"c":0,"n":38}},{"type":"Feature","geometry":{"type":"LineString","coordinates":[[-4.20298,55.85783],[-4.20313,55.85771]]},"properties":{"c":0,"n":57}},{"type":"Feature","geometry":{"type":"LineString","coordinates":[[-4.26449,55.85692],[-4.2641,55.85694]]},"properties":{"c":3956,"n":4831}},{"type":"Feature","geometry":{"type":"LineString","coordinates":[[-4.29291,55.85748],[-4.29261,55.85742]]},"properties":{"c":12799,"n":4304}},{"type":"Feature","geometry":{"type":"LineString","coordinates":[[-4.28105,55.86069],[-4.2809,55.86072]]},"properties":{"c":81,"n":1496}},{"type":"Feature","geometry":{"type":"LineString","coordinates":[[-4.27208,55.86027],[-4.27203,55.86016],[-4.2716,55.86004],[-4.27093,55.86012]]},"properties":{"c":0,"n":84}},{"type":"Feature","geometry":{"type":"LineString","coordinates":[[-4.2809,55.86072],[-4.2798,55.86043],[-4.27894,55.86032],[-4.27549,55.86039],[-4.27334,55.86037],[-4.27208,55.86027]]},"properties":{"c":741,"n":1671}},{"type":"Feature","geometry":{"type":"LineString","coordinates":[[-4.27093,55.86012],[-4.27074,55.86014],[-4.27066,55.86023]]},"properties":{"c":0,"n":84}},{"type":"Feature","geometry":{"type":"LineString","coordinates":[[-4.28654,55.85941],[-4.2856,55.85921],[-4.28484,55.85918],[-4.28465,55.8591],[-4.28442,55.85887],[-4.28405,55.85884]]},"properties":{"c":235,"n":2596}},{"type":"Feature","geometry":{"type":"LineString","coordinates":[[-4.28665,55.85902],[-4.28684,55.85923],[-4.28675,55.85934],[-4.28654,55.85941]]},"properties":{"c":235,"n":2596}},{"type":"Feature","geometry":{"type":"LineString","coordinates":[[-4.30485,55.85267],[-4.30537,55.85163]]},"properties":{"c":134,"n":1317}},{"type":"Feature","geometry":{"type":"LineString","coordinates":[[-4.30569,55.85096],[-4.30592,55.85046]]},"properties":{"c":134,"n":173}},{"type":"Feature","geometry":{"type":"LineString","coordinates":[[-4.30537,55.85163],[-4.30569,55.85096]]},"properties":{"c":134,"n":173}},{"type":"Feature","geometry":{"type":"LineString","coordinates":[[-4.30592,55.85046],[-4.30592,55.85038]]},"properties":{"c":134,"n":173}},{"type":"Feature","geometry":{"type":"LineString","coordinates":[[-4.30112,55.85261],[-4.30128,55.85213]]},"properties":{"c":134,"n":173}},{"type":"Feature","geometry":{"type":"LineString","coordinates":[[-4.30289,55.85211],[-4.30424,55.85247]]},"properties":{"c":134,"n":173}},{"type":"Feature","geometry":{"type":"LineString","coordinates":[[-4.29296,55.85642],[-4.29308,55.85638],[-4.29318,55.85622],[-4.2931,55.85616]]},"properties":{"c":430,"n":90}},{"type":"Feature","geometry":{"type":"LineString","coordinates":[[-4.30424,55.85247],[-4.30485,55.85267]]},"properties":{"c":134,"n":173}},{"type":"Feature","geometry":{"type":"LineString","coordinates":[[-4.30128,55.85213],[-4.30224,55.85205],[-4.30289,55.85211]]},"properties":{"c":134,"n":173}},{"type":"Feature","geometry":{"type":"LineString","coordinates":[[-4.29496,55.85637],[-4.2951,55.85618]]},"properties":{"c":166,"n":636}},{"type":"Feature","geometry":{"type":"LineString","coordinates":[[-4.29471,55.85645],[-4.29488,55.85649]]},"properties":{"c":166,"n":636}},{"type":"Feature","geometry":{"type":"LineString","coordinates":[[-4.29488,55.85649],[-4.29496,55.85637]]},"properties":{"c":166,"n":636}},{"type":"Feature","geometry":{"type":"LineString","coordinates":[[-4.2951,55.85618],[-4.29519,55.85605]]},"properties":{"c":166,"n":636}},{"type":"Feature","geometry":{"type":"LineString","coordinates":[[-4.29519,55.85605],[-4.29543,55.85573]]},"properties":{"c":166,"n":636}},{"type":"Feature","geometry":{"type":"LineString","coordinates":[[-4.29978,55.85147],[-4.29987,55.85121]]},"properties":{"c":556,"n":1065}},{"type":"Feature","geometry":{"type":"LineString","coordinates":[[-4.29948,55.85241],[-4.29978,55.85147]]},"properties":{"c":556,"n":1065}},{"type":"Feature","geometry":{"type":"LineString","coordinates":[[-4.29499,55.87275],[-4.29408,55.87375]]},"properties":{"c":0,"n":45}},{"type":"Feature","geometry":{"type":"LineString","coordinates":[[-4.27208,55.86027],[-4.2713,55.86055]]},"properties":{"c":741,"n":1587}},{"type":"Feature","geometry":{"type":"LineString","coordinates":[[-4.25156,55.84782],[-4.25169,55.84768]]},"properties":{"c":0,"n":131}},{"type":"Feature","geometry":{"type":"LineString","coordinates":[[-4.2503,55.84555],[-4.2503,55.84545]]},"properties":{"c":0,"n":131}},{"type":"Feature","geometry":{"type":"LineString","coordinates":[[-4.2522,55.84709],[-4.25187,55.84684],[-4.25181,55.84667],[-4.25208,55.84632]]},"properties":{"c":0,"n":131}},{"type":"Feature","geometry":{"type":"LineString","coordinates":[[-4.25112,55.84834],[-4.25156,55.84782]]},"properties":{"c":0,"n":131}},{"type":"Feature","geometry":{"type":"LineString","coordinates":[[-4.25076,55.84874],[-4.25112,55.84834]]},"properties":{"c":0,"n":131}},{"type":"Feature","geometry":{"type":"LineString","coordinates":[[-4.25085,55.84601],[-4.25035,55.84579],[-4.2503,55.84555]]},"properties":{"c":0,"n":131}},{"type":"Feature","geometry":{"type":"LineString","coordinates":[[-4.25208,55.84632],[-4.25187,55.84632],[-4.25085,55.84601]]},"properties":{"c":0,"n":131}},{"type":"Feature","geometry":{"type":"LineString","coordinates":[[-4.25169,55.84768],[-4.2522,55.84709]]},"properties":{"c":0,"n":131}},{"type":"Feature","geometry":{"type":"LineString","coordinates":[[-4.26515,55.85195],[-4.26526,55.85196]]},"properties":{"c":0,"n":104}},{"type":"Feature","geometry":{"type":"LineString","coordinates":[[-4.24546,55.84949],[-4.24545,55.84958]]},"properties":{"c":0,"n":385}},{"type":"Feature","geometry":{"type":"LineString","coordinates":[[-4.25019,55.84939],[-4.25003,55.84953]]},"properties":{"c":0,"n":385}},{"type":"Feature","geometry":{"type":"LineString","coordinates":[[-4.24805,55.84913],[-4.24763,55.84891]]},"properties":{"c":0,"n":385}},{"type":"Feature","geometry":{"type":"LineString","coordinates":[[-4.25003,55.84953],[-4.24805,55.84913]]},"properties":{"c":0,"n":385}},{"type":"Feature","geometry":{"type":"LineString","coordinates":[[-4.27616,55.8498],[-4.27634,55.84979]]},"properties":{"c":0,"n":64}},{"type":"Feature","geometry":{"type":"LineString","coordinates":[[-4.27551,55.84985],[-4.27616,55.8498]]},"properties":{"c":0,"n":72}},{"type":"Feature","geometry":{"type":"LineString","coordinates":[[-4.27634,55.84979],[-4.27645,55.84978]]},"properties":{"c":0,"n":64}},{"type":"Feature","geometry":{"type":"LineString","coordinates":[[-4.27645,55.84978],[-4.27679,55.84976]]},"properties":{"c":0,"n":64}},{"type":"Feature","geometry":{"type":"LineString","coordinates":[[-4.30415,55.86679],[-4.30387,55.86681]]},"properties":{"c":0,"n":1012}},{"type":"Feature","geometry":{"type":"LineString","coordinates":[[-4.30387,55.86681],[-4.30323,55.8667],[-4.30259,55.86643],[-4.30127,55.86509]]},"properties":{"c":0,"n":1012}},{"type":"Feature","geometry":{"type":"LineString","coordinates":[[-4.30428,55.86674],[-4.30415,55.86679]]},"properties":{"c":0,"n":1012}},{"type":"Feature","geometry":{"type":"LineString","coordinates":[[-4.30467,55.86638],[-4.30428,55.86674]]},"properties":{"c":0,"n":1012}},{"type":"Feature","geometry":{"type":"LineString","coordinates":[[-4.28155,55.86071],[-4.28117,55.86073]]},"properties":{"c":0,"n":300}},{"type":"Feature","geometry":{"type":"LineString","coordinates":[[-4.28113,55.86071],[-4.28105,55.86069]]},"properties":{"c":0,"n":547}},{"type":"Feature","geometry":{"type":"LineString","coordinates":[[-4.28117,55.86073],[-4.28113,55.86071]]},"properties":{"c":0,"n":1156}},{"type":"Feature","geometry":{"type":"LineString","coordinates":[[-4.29916,55.85361],[-4.29784,55.85356]]},"properties":{"c":0,"n":451}},{"type":"Feature","geometry":{"type":"LineString","coordinates":[[-4.30074,55.85369],[-4.29955,55.85363]]},"properties":{"c":0,"n":451}},{"type":"Feature","geometry":{"type":"LineString","coordinates":[[-4.29403,55.85341],[-4.29409,55.85274]]},"properties":{"c":0,"n":451}},{"type":"Feature","geometry":{"type":"LineString","coordinates":[[-4.29784,55.85356],[-4.29765,55.85356]]},"properties":{"c":0,"n":451}},{"type":"Feature","geometry":{"type":"LineString","coordinates":[[-4.29516,55.85344],[-4.29403,55.85341]]},"properties":{"c":0,"n":451}},{"type":"Feature","geometry":{"type":"LineString","coordinates":[[-4.29409,55.85274],[-4.29412,55.85203]]},"properties":{"c":0,"n":451}},{"type":"Feature","geometry":{"type":"LineString","coordinates":[[-4.29955,55.85363],[-4.29916,55.85361]]},"properties":{"c":0,"n":451}},{"type":"Feature","geometry":{"type":"LineString","coordinates":[[-4.29765,55.85356],[-4.29679,55.85351]]},"properties":{"c":0,"n":451}},{"type":"Feature","geometry":{"type":"LineString","coordinates":[[-4.29679,55.85351],[-4.29516,55.85344]]},"properties":{"c":0,"n":451}},{"type":"Feature","geometry":{"type":"LineString","coordinates":[[-4.28955,55.85325],[-4.28851,55.85321]]},"properties":{"c":33,"n":401}},{"type":"Feature","geometry":{"type":"LineString","coordinates":[[-4.28851,55.85321],[-4.28838,55.8532]]},"properties":{"c":33,"n":401}},{"type":"Feature","geometry":{"type":"LineString","coordinates":[[-4.24825,55.83155],[-4.24847,55.83199]]},"properties":{"c":0,"n":798}},{"type":"Feature","geometry":{"type":"LineString","coordinates":[[-4.25566,55.84071],[-4.25616,55.84087]]},"properties":{"c":0,"n":798}},{"type":"Feature","geometry":{"type":"LineString","coordinates":[[-4.25831,55.84857],[-4.25889,55.84864]]},"properties":{"c":0,"n":185}},{"type":"Feature","geometry":{"type":"LineString","coordinates":[[-4.25889,55.84864],[-4.26035,55.84881]]},"properties":{"c":0,"n":185}},{"type":"Feature","geometry":{"type":"LineString","coordinates":[[-4.26548,55.8349],[-4.26745,55.83531]]},"properties":{"c":1076,"n":5588}},{"type":"Feature","geometry":{"type":"LineString","coordinates":[[-4.26745,55.83531],[-4.26874,55.83545],[-4.2692,55.83555],[-4.26964,55.83578]]},"properties":{"c":1076,"n":5588}},{"type":"Feature","geometry":{"type":"LineString","coordinates":[[-4.27,55.83605],[-4.27046,55.83631]]},"properties":{"c":1076,"n":2619}},{"type":"Feature","geometry":{"type":"LineString","coordinates":[[-4.26964,55.83578],[-4.26958,55.83581]]},"properties":{"c":1076,"n":2696}},{"type":"Feature","geometry":{"type":"LineString","coordinates":[[-4.26206,55.85276],[-4.26193,55.85308]]},"properties":{"c":0,"n":15}},{"type":"Feature","geometry":{"type":"LineString","coordinates":[[-4.2623,55.8521],[-4.26206,55.85276]]},"properties":{"c":0,"n":15}},{"type":"Feature","geometry":{"type":"LineString","coordinates":[[-4.26265,55.85113],[-4.2623,55.8521]]},"properties":{"c":0,"n":15}},{"type":"Feature","geometry":{"type":"LineString","coordinates":[[-4.25877,55.81737],[-4.2588,55.81741]]},"properties":{"c":0,"n":66}},{"type":"Feature","geometry":{"type":"LineString","coordinates":[[-4.25169,55.81923],[-4.25286,55.81919]]},"properties":{"c":0,"n":66}},{"type":"Feature","geometry":{"type":"LineString","coordinates":[[-4.25969,55.8174],[-4.25998,55.81735]]},"properties":{"c":0,"n":66}},{"type":"Feature","geometry":{"type":"LineString","coordinates":[[-4.25666,55.8186],[-4.25748,55.81815]]},"properties":{"c":0,"n":66}},{"type":"Feature","geometry":{"type":"LineString","coordinates":[[-4.24874,55.8243],[-4.24912,55.824]]},"properties":{"c":0,"n":64}},{"type":"Feature","geometry":{"type":"LineString","coordinates":[[-4.26162,55.81703],[-4.26226,55.81691]]},"properties":{"c":0,"n":66}},{"type":"Feature","geometry":{"type":"LineString","coordinates":[[-4.24998,55.82221],[-4.2502,55.82156]]},"properties":{"c":0,"n":64}},{"type":"Feature","geometry":{"type":"LineString","coordinates":[[-4.25748,55.81815],[-4.25818,55.81765]]},"properties":{"c":0,"n":66}},{"type":"Feature","geometry":{"type":"LineString","coordinates":[[-4.2588,55.81741],[-4.25893,55.81744]]},"properties":{"c":0,"n":66}},{"type":"Feature","geometry":{"type":"LineString","coordinates":[[-4.2583,55.81757],[-4.25857,55.81741]]},"properties":{"c":0,"n":66}},{"type":"Feature","geometry":{"type":"LineString","coordinates":[[-4.25039,55.81917],[-4.25169,55.81923]]},"properties":{"c":0,"n":66}},{"type":"Feature","geometry":{"type":"LineString","coordinates":[[-4.24752,55.82493],[-4.24874,55.8243]]},"properties":{"c":0,"n":64}},{"type":"Feature","geometry":{"type":"LineString","coordinates":[[-4.24682,55.82592],[-4.24687,55.82555],[-4.2471,55.8252]]},"properties":{"c":0,"n":64}},{"type":"Feature","geometry":{"type":"LineString","coordinates":[[-4.2502,55.82156],[-4.25038,55.82029]]},"properties":{"c":0,"n":64}},{"type":"Feature","geometry":{"type":"LineString","coordinates":[[-4.26226,55.81691],[-4.26241,55.81694]]},"properties":{"c":0,"n":66}},{"type":"Feature","geometry":{"type":"LineString","coordinates":[[-4.25858,55.81739],[-4.25877,55.81737]]},"properties":{"c":0,"n":66}},{"type":"Feature","geometry":{"type":"LineString","coordinates":[[-4.261,55.81715],[-4.26162,55.81703]]},"properties":{"c":0,"n":66}},{"type":"Feature","geometry":{"type":"LineString","coordinates":[[-4.25557,55.81863],[-4.25666,55.8186]]},"properties":{"c":0,"n":66}},{"type":"Feature","geometry":{"type":"LineString","coordinates":[[-4.24686,55.82732],[-4.24676,55.8271]]},"properties":{"c":0,"n":64}},{"type":"Feature","geometry":{"type":"LineString","coordinates":[[-4.25857,55.81741],[-4.25858,55.81739]]},"properties":{"c":0,"n":66}},{"type":"Feature","geometry":{"type":"LineString","coordinates":[[-4.24674,55.8267],[-4.24675,55.82653]]},"properties":{"c":0,"n":64}},{"type":"Feature","geometry":{"type":"LineString","coordinates":[[-4.24719,55.82805],[-4.24686,55.82732]]},"properties":{"c":0,"n":64}},{"type":"Feature","geometry":{"type":"LineString","coordinates":[[-4.25818,55.81765],[-4.2583,55.81757]]},"properties":{"c":0,"n":66}},{"type":"Feature","geometry":{"type":"LineString","coordinates":[[-4.25998,55.81735],[-4.261,55.81715]]},"properties":{"c":0,"n":66}},{"type":"Feature","geometry":{"type":"LineString","coordinates":[[-4.24942,55.8234],[-4.24968,55.82284]]},"properties":{"c":0,"n":64}},{"type":"Feature","geometry":{"type":"LineString","coordinates":[[-4.24674,55.82705],[-4.24674,55.8267]]},"properties":{"c":0,"n":64}},{"type":"Feature","geometry":{"type":"LineString","coordinates":[[-4.24676,55.8271],[-4.24674,55.82705]]},"properties":{"c":0,"n":64}},{"type":"Feature","geometry":{"type":"LineString","coordinates":[[-4.24677,55.82631],[-4.24682,55.82592]]},"properties":{"c":0,"n":64}},{"type":"Feature","geometry":{"type":"LineString","coordinates":[[-4.2471,55.8252],[-4.24752,55.82493]]},"properties":{"c":0,"n":64}},{"type":"Feature","geometry":{"type":"LineString","coordinates":[[-4.24968,55.82284],[-4.24998,55.82221]]},"properties":{"c":0,"n":64}},{"type":"Feature","geometry":{"type":"LineString","coordinates":[[-4.24675,55.82653],[-4.24677,55.82631]]},"properties":{"c":0,"n":64}},{"type":"Feature","geometry":{"type":"LineString","coordinates":[[-4.24912,55.824],[-4.24942,55.8234]]},"properties":{"c":0,"n":64}},{"type":"Feature","geometry":{"type":"LineString","coordinates":[[-4.25478,55.81884],[-4.25557,55.81863]]},"properties":{"c":0,"n":66}},{"type":"Feature","geometry":{"type":"LineString","coordinates":[[-4.25286,55.81919],[-4.25399,55.81903],[-4.25478,55.81884]]},"properties":{"c":0,"n":66}},{"type":"Feature","geometry":{"type":"LineString","coordinates":[[-4.25038,55.82029],[-4.25046,55.81963],[-4.25039,55.81917]]},"properties":{"c":0,"n":64}},{"type":"Feature","geometry":{"type":"LineString","coordinates":[[-4.25905,55.81745],[-4.25969,55.8174]]},"properties":{"c":0,"n":66}},{"type":"Feature","geometry":{"type":"LineString","coordinates":[[-4.25893,55.81744],[-4.25905,55.81745]]},"properties":{"c":0,"n":66}},{"type":"Feature","geometry":{"type":"LineString","coordinates":[[-4.26158,55.83977],[-4.26251,55.83987]]},"properties":{"c":0,"n":127}},{"type":"Feature","geometry":{"type":"LineString","coordinates":[[-4.26321,55.84086],[-4.26332,55.84087]]},"properties":{"c":0,"n":100}},{"type":"Feature","geometry":{"type":"LineString","coordinates":[[-4.25672,55.83918],[-4.25804,55.83935]]},"properties":{"c":0,"n":127}},{"type":"Feature","geometry":{"type":"LineString","coordinates":[[-4.26152,55.83976],[-4.26158,55.83977]]},"properties":{"c":0,"n":127}},{"type":"Feature","geometry":{"type":"LineString","coordinates":[[-4.26048,55.83963],[-4.26111,55.83972]]},"properties":{"c":0,"n":127}},{"type":"Feature","geometry":{"type":"LineString","coordinates":[[-4.25804,55.83935],[-4.25921,55.83948]]},"properties":{"c":0,"n":127}},{"type":"Feature","geometry":{"type":"LineString","coordinates":[[-4.26111,55.83972],[-4.26152,55.83976]]},"properties":{"c":0,"n":127}},{"type":"Feature","geometry":{"type":"LineString","coordinates":[[-4.26353,55.83999],[-4.26321,55.84086]]},"properties":{"c":0,"n":100}},{"type":"Feature","geometry":{"type":"LineString","coordinates":[[-4.26251,55.83987],[-4.26343,55.83998]]},"properties":{"c":0,"n":127}},{"type":"Feature","geometry":{"type":"LineString","coordinates":[[-4.25357,55.82781],[-4.25363,55.82781]]},"properties":{"c":0,"n":78}},{"type":"Feature","geometry":{"type":"LineString","coordinates":[[-4.25229,55.82865],[-4.25204,55.82795]]},"properties":{"c":0,"n":78}},{"type":"Feature","geometry":{"type":"LineString","coordinates":[[-4.25618,55.82741],[-4.25875,55.82708]]},"properties":{"c":0,"n":78}},{"type":"Feature","geometry":{"type":"LineString","coordinates":[[-4.25363,55.82781],[-4.25618,55.82741]]},"properties":{"c":0,"n":78}},{"type":"Feature","geometry":{"type":"LineString","coordinates":[[-4.25204,55.82795],[-4.25357,55.82781]]},"properties":{"c":0,"n":78}},{"type":"Feature","geometry":{"type":"LineString","coordinates":[[-4.25544,55.83193],[-4.25566,55.83192]]},"properties":{"c":0,"n":66}},{"type":"Feature","geometry":{"type":"LineString","coordinates":[[-4.25566,55.83192],[-4.2558,55.83198],[-4.26384,55.83338]]},"properties":{"c":0,"n":66}},{"type":"Feature","geometry":{"type":"LineString","coordinates":[[-4.26402,55.83305],[-4.26421,55.83293]]},"properties":{"c":0,"n":66}},{"type":"Feature","geometry":{"type":"LineString","coordinates":[[-4.30558,55.85591],[-4.30502,55.85682]]},"properties":{"c":0,"n":1144}},{"type":"Feature","geometry":{"type":"LineString","coordinates":[[-4.30871,55.85842],[-4.30894,55.85847]]},"properties":{"c":0,"n":1144}},{"type":"Feature","geometry":{"type":"LineString","coordinates":[[-4.30606,55.85779],[-4.30671,55.85795]]},"properties":{"c":0,"n":1144}},{"type":"Feature","geometry":{"type":"LineString","coordinates":[[-4.30566,55.85769],[-4.30606,55.85779]]},"properties":{"c":0,"n":1144}},{"type":"Feature","geometry":{"type":"LineString","coordinates":[[-4.30502,55.85682],[-4.30462,55.85743]]},"properties":{"c":0,"n":1144}},{"type":"Feature","geometry":{"type":"LineString","coordinates":[[-4.30818,55.85829],[-4.30871,55.85842]]},"properties":{"c":0,"n":1144}},{"type":"Feature","geometry":{"type":"LineString","coordinates":[[-4.30462,55.85743],[-4.30516,55.85757]]},"properties":{"c":0,"n":1144}},{"type":"Feature","geometry":{"type":"LineString","coordinates":[[-4.30378,55.85534],[-4.30369,55.85546]]},"properties":{"c":0,"n":1144}},{"type":"Feature","geometry":{"type":"LineString","coordinates":[[-4.30369,55.85546],[-4.30434,55.85562]]},"properties":{"c":0,"n":1144}},{"type":"Feature","geometry":{"type":"LineString","coordinates":[[-4.30434,55.85562],[-4.30558,55.85591]]},"properties":{"c":0,"n":1144}},{"type":"Feature","geometry":{"type":"LineString","coordinates":[[-4.30485,55.85267],[-4.30568,55.85293]]},"properties":{"c":0,"n":1144}},{"type":"Feature","geometry":{"type":"LineString","coordinates":[[-4.3081,55.85827],[-4.30818,55.85829]]},"properties":{"c":0,"n":1144}},{"type":"Feature","geometry":{"type":"LineString","coordinates":[[-4.30671,55.85795],[-4.3081,55.85827]]},"properties":{"c":0,"n":1144}},{"type":"Feature","geometry":{"type":"LineString","coordinates":[[-4.30894,55.85847],[-4.30956,55.85862]]},"properties":{"c":0,"n":1144}},{"type":"Feature","geometry":{"type":"LineString","coordinates":[[-4.3042,55.85475],[-4.30378,55.85534]]},"properties":{"c":0,"n":1144}},{"type":"Feature","geometry":{"type":"LineString","coordinates":[[-4.30516,55.85757],[-4.30566,55.85769]]},"properties":{"c":0,"n":1144}},{"type":"Feature","geometry":{"type":"LineString","coordinates":[[-4.28722,55.866],[-4.28746,55.86574]]},"properties":{"c":0,"n":7491}},{"type":"Feature","geometry":{"type":"LineString","coordinates":[[-4.27902,55.87874],[-4.28005,55.87895]]},"properties":{"c":0,"n":1063}},{"type":"Feature","geometry":{"type":"LineString","coordinates":[[-4.28353,55.87953],[-4.28435,55.87981],[-4.28493,55.88014]]},"properties":{"c":0,"n":1063}},{"type":"Feature","geometry":{"type":"LineString","coordinates":[[-4.28061,55.87655],[-4.27997,55.87721]]},"properties":{"c":0,"n":1063}},{"type":"Feature","geometry":{"type":"LineString","coordinates":[[-4.28114,55.87601],[-4.28087,55.87629]]},"properties":{"c":0,"n":1063}},{"type":"Feature","geometry":{"type":"LineString","coordinates":[[-4.27889,55.8783],[-4.27902,55.87874]]},"properties":{"c":0,"n":1063}},{"type":"Feature","geometry":{"type":"LineString","coordinates":[[-4.28181,55.87541],[-4.28114,55.87601]]},"properties":{"c":0,"n":1063}},{"type":"Feature","geometry":{"type":"LineString","coordinates":[[-4.28064,55.87905],[-4.28247,55.87915],[-4.28328,55.87956]]},"properties":{"c":0,"n":1063}},{"type":"Feature","geometry":{"type":"LineString","coordinates":[[-4.28328,55.87956],[-4.28353,55.87953]]},"properties":{"c":0,"n":1063}},{"type":"Feature","geometry":{"type":"LineString","coordinates":[[-4.28087,55.87629],[-4.28061,55.87655]]},"properties":{"c":0,"n":1063}},{"type":"Feature","geometry":{"type":"LineString","coordinates":[[-4.28005,55.87895],[-4.28064,55.87905]]},"properties":{"c":0,"n":1063}},{"type":"Feature","geometry":{"type":"LineString","coordinates":[[-4.29746,55.87003],[-4.29736,55.87054]]},"properties":{"c":0,"n":11}},{"type":"Feature","geometry":{"type":"LineString","coordinates":[[-4.2973,55.87092],[-4.29716,55.87219]]},"properties":{"c":0,"n":11}},{"type":"Feature","geometry":{"type":"LineString","coordinates":[[-4.29727,55.87211],[-4.29734,55.87214]]},"properties":{"c":0,"n":11}},{"type":"Feature","geometry":{"type":"LineString","coordinates":[[-4.29736,55.87054],[-4.2973,55.87092]]},"properties":{"c":0,"n":11}},{"type":"Feature","geometry":{"type":"LineString","coordinates":[[-4.24933,55.8564],[-4.24971,55.8565]]},"properties":{"c":0,"n":3066}},{"type":"Feature","geometry":{"type":"LineString","coordinates":[[-4.2431,55.85526],[-4.24247,55.85564]]},"properties":{"c":0,"n":2379}},{"type":"Feature","geometry":{"type":"LineString","coordinates":[[-4.24225,55.85557],[-4.24148,55.85515]]},"properties":{"c":0,"n":2379}},{"type":"Feature","geometry":{"type":"LineString","coordinates":[[-4.24337,55.85516],[-4.2433,55.85514],[-4.2431,55.85526]]},"properties":{"c":0,"n":2379}},{"type":"Feature","geometry":{"type":"LineString","coordinates":[[-4.24454,55.85583],[-4.24385,55.85541]]},"properties":{"c":0,"n":2379}},{"type":"Feature","geometry":{"type":"LineString","coordinates":[[-4.24452,55.85595],[-4.24454,55.85583]]},"properties":{"c":0,"n":2379}},{"type":"Feature","geometry":{"type":"LineString","coordinates":[[-4.24385,55.85541],[-4.24337,55.85516]]},"properties":{"c":0,"n":2379}},{"type":"Feature","geometry":{"type":"LineString","coordinates":[[-4.24247,55.85564],[-4.24225,55.85557]]},"properties":{"c":0,"n":2379}},{"type":"Feature","geometry":{"type":"LineString","coordinates":[[-4.24751,55.856],[-4.24731,55.85656]]},"properties":{"c":0,"n":20}},{"type":"Feature","geometry":{"type":"LineString","coordinates":[[-4.24657,55.85423],[-4.246,55.85423]]},"properties":{"c":683,"n":786}},{"type":"Feature","geometry":{"type":"LineString","coordinates":[[-4.24661,55.85488],[-4.24657,55.85423]]},"properties":{"c":683,"n":786}},{"type":"Feature","geometry":{"type":"LineString","coordinates":[[-4.24473,55.854],[-4.24263,55.85359]]},"properties":{"c":0,"n":385}},{"type":"Feature","geometry":{"type":"LineString","coordinates":[[-4.24563,55.85473],[-4.2444,55.85439]]},"properties":{"c":0,"n":385}},{"type":"Feature","geometry":{"type":"LineString","coordinates":[[-4.24263,55.85359],[-4.24202,55.85347]]},"properties":{"c":0,"n":385}},{"type":"Feature","geometry":{"type":"LineString","coordinates":[[-4.24202,55.85347],[-4.24096,55.85328]]},"properties":{"c":0,"n":385}},{"type":"Feature","geometry":{"type":"LineString","coordinates":[[-4.24048,55.85274],[-4.23842,55.8508]]},"properties":{"c":0,"n":383}},{"type":"Feature","geometry":{"type":"LineString","coordinates":[[-4.2444,55.85439],[-4.24459,55.85418]]},"properties":{"c":0,"n":385}},{"type":"Feature","geometry":{"type":"LineString","coordinates":[[-4.24459,55.85418],[-4.24473,55.854]]},"properties":{"c":0,"n":385}},{"type":"Feature","geometry":{"type":"LineString","coordinates":[[-4.24096,55.85328],[-4.24106,55.85302]]},"properties":{"c":0,"n":385}},{"type":"Feature","geometry":{"type":"LineString","coordinates":[[-4.34072,55.89454],[-4.34054,55.8945]]},"properties":{"c":0,"n":130}},{"type":"Feature","geometry":{"type":"LineString","coordinates":[[-4.33244,55.89293],[-4.32999,55.89201]]},"properties":{"c":0,"n":130}},{"type":"Feature","geometry":{"type":"LineString","coordinates":[[-4.33454,55.89365],[-4.33244,55.89293]]},"properties":{"c":0,"n":130}},{"type":"Feature","geometry":{"type":"LineString","coordinates":[[-4.34205,55.89456],[-4.34181,55.8947]]},"properties":{"c":0,"n":135}},{"type":"Feature","geometry":{"type":"LineString","coordinates":[[-4.34181,55.8947],[-4.34158,55.89484]]},"properties":{"c":0,"n":135}},{"type":"Feature","geometry":{"type":"LineString","coordinates":[[-4.32662,55.89077],[-4.32607,55.89055]]},"properties":{"c":0,"n":89}},{"type":"Feature","geometry":{"type":"LineString","coordinates":[[-4.34143,55.89478],[-4.34072,55.89454]]},"properties":{"c":0,"n":135}},{"type":"Feature","geometry":{"type":"LineString","coordinates":[[-4.33706,55.89404],[-4.33554,55.89386],[-4.33454,55.89365]]},"properties":{"c":0,"n":130}},{"type":"Feature","geometry":{"type":"LineString","coordinates":[[-4.34158,55.89484],[-4.34143,55.89478]]},"properties":{"c":0,"n":135}},{"type":"Feature","geometry":{"type":"LineString","coordinates":[[-4.32686,55.89086],[-4.32662,55.89077]]},"properties":{"c":0,"n":89}},{"type":"Feature","geometry":{"type":"LineString","coordinates":[[-4.32812,55.8913],[-4.32686,55.89086]]},"properties":{"c":0,"n":89}},{"type":"Feature","geometry":{"type":"LineString","coordinates":[[-4.34054,55.8945],[-4.33939,55.89428],[-4.33706,55.89404]]},"properties":{"c":0,"n":130}},{"type":"Feature","geometry":{"type":"LineString","coordinates":[[-4.32999,55.89201],[-4.32812,55.8913]]},"properties":{"c":0,"n":130}},{"type":"Feature","geometry":{"type":"LineString","coordinates":[[-4.32695,55.89078],[-4.32611,55.89041]]},"properties":{"c":0,"n":41}},{"type":"Feature","geometry":{"type":"LineString","coordinates":[[-4.32611,55.89041],[-4.32587,55.89023]]},"properties":{"c":0,"n":41}},{"type":"Feature","geometry":{"type":"LineString","coordinates":[[-4.32812,55.8913],[-4.32781,55.89111],[-4.32695,55.89078]]},"properties":{"c":0,"n":41}},{"type":"Feature","geometry":{"type":"LineString","coordinates":[[-4.32585,55.89007],[-4.32568,55.88949]]},"properties":{"c":0,"n":41}},{"type":"Feature","geometry":{"type":"LineString","coordinates":[[-4.32587,55.89023],[-4.32585,55.89007]]},"properties":{"c":0,"n":41}},{"type":"Feature","geometry":{"type":"LineString","coordinates":[[-4.32896,55.86156],[-4.32897,55.86087]]},"properties":{"c":0,"n":60}},{"type":"Feature","geometry":{"type":"LineString","coordinates":[[-4.32897,55.86087],[-4.32802,55.86086]]},"properties":{"c":0,"n":60}},{"type":"Feature","geometry":{"type":"LineString","coordinates":[[-4.32174,55.85476],[-4.32189,55.8544]]},"properties":{"c":0,"n":60}},{"type":"Feature","geometry":{"type":"LineString","coordinates":[[-4.32896,55.86317],[-4.32896,55.86156]]},"properties":{"c":0,"n":60}},{"type":"Feature","geometry":{"type":"LineString","coordinates":[[-4.32577,55.85739],[-4.32582,55.85717]]},"properties":{"c":0,"n":60}},{"type":"Feature","geometry":{"type":"LineString","coordinates":[[-4.32454,55.85606],[-4.32356,55.85591]]},"properties":{"c":0,"n":60}},{"type":"Feature","geometry":{"type":"LineString","coordinates":[[-4.34674,55.8775],[-4.34502,55.87694],[-4.34451,55.87688]]},"properties":{"c":0,"n":21}},{"type":"Feature","geometry":{"type":"LineString","coordinates":[[-4.31791,55.85388],[-4.31732,55.85373],[-4.31396,55.85316]]},"properties":{"c":34,"n":594}},{"type":"Feature","geometry":{"type":"LineString","coordinates":[[-4.32791,55.85778],[-4.327,55.8576]]},"properties":{"c":0,"n":60}},{"type":"Feature","geometry":{"type":"LineString","coordinates":[[-4.32026,55.85407],[-4.31865,55.85392],[-4.3183,55.85394]]},"properties":{"c":34,"n":617}},{"type":"Feature","geometry":{"type":"LineString","coordinates":[[-4.32825,55.85925],[-4.32773,55.85921]]},"properties":{"c":0,"n":60}},{"type":"Feature","geometry":{"type":"LineString","coordinates":[[-4.32802,55.86086],[-4.32807,55.86051]]},"properties":{"c":0,"n":60}},{"type":"Feature","geometry":{"type":"LineString","coordinates":[[-4.3444,55.87687],[-4.34433,55.87676]]},"properties":{"c":0,"n":15}},{"type":"Feature","geometry":{"type":"LineString","coordinates":[[-4.32189,55.8544],[-4.32188,55.85423]]},"properties":{"c":0,"n":60}},{"type":"Feature","geometry":{"type":"LineString","coordinates":[[-4.32278,55.85579],[-4.32146,55.85559]]},"properties":{"c":0,"n":60}},{"type":"Feature","geometry":{"type":"LineString","coordinates":[[-4.32807,55.86051],[-4.32825,55.85925]]},"properties":{"c":0,"n":60}},{"type":"Feature","geometry":{"type":"LineString","coordinates":[[-4.32602,55.85636],[-4.3249,55.85612]]},"properties":{"c":0,"n":60}},{"type":"Feature","geometry":{"type":"LineString","coordinates":[[-4.32773,55.85921],[-4.32776,55.85895]]},"properties":{"c":0,"n":60}},{"type":"Feature","geometry":{"type":"LineString","coordinates":[[-4.32163,55.85502],[-4.32174,55.85476]]},"properties":{"c":0,"n":60}},{"type":"Feature","geometry":{"type":"LineString","coordinates":[[-4.32876,55.86343],[-4.32896,55.86317]]},"properties":{"c":0,"n":60}},{"type":"Feature","geometry":{"type":"LineString","coordinates":[[-4.32188,55.85423],[-4.32026,55.85407]]},"properties":{"c":34,"n":617}},{"type":"Feature","geometry":{"type":"LineString","coordinates":[[-4.32146,55.85559],[-4.32163,55.85502]]},"properties":{"c":0,"n":60}},{"type":"Feature","geometry":{"type":"LineString","coordinates":[[-4.31826,55.85395],[-4.31794,55.8539]]},"properties":{"c":34,"n":617}},{"type":"Feature","geometry":{"type":"LineString","coordinates":[[-4.32356,55.85591],[-4.32278,55.85579]]},"properties":{"c":0,"n":60}},{"type":"Feature","geometry":{"type":"LineString","coordinates":[[-4.32776,55.85895],[-4.32783,55.8584]]},"properties":{"c":0,"n":60}},{"type":"Feature","geometry":{"type":"LineString","coordinates":[[-4.34433,55.87676],[-4.34436,55.87673]]},"properties":{"c":0,"n":22}},{"type":"Feature","geometry":{"type":"LineString","coordinates":[[-4.34451,55.87688],[-4.3444,55.87687]]},"properties":{"c":0,"n":21}},{"type":"Feature","geometry":{"type":"LineString","coordinates":[[-4.3249,55.85612],[-4.32454,55.85606]]},"properties":{"c":0,"n":60}},{"type":"Feature","geometry":{"type":"LineString","coordinates":[[-4.31396,55.85316],[-4.31266,55.85297]]},"properties":{"c":34,"n":594}},{"type":"Feature","geometry":{"type":"LineString","coordinates":[[-4.327,55.8576],[-4.32603,55.85742]]},"properties":{"c":0,"n":60}},{"type":"Feature","geometry":{"type":"LineString","coordinates":[[-4.34435,55.87655],[-4.34427,55.87651]]},"properties":{"c":0,"n":15}},{"type":"Feature","geometry":{"type":"LineString","coordinates":[[-4.31262,55.85299],[-4.3124,55.853],[-4.31226,55.85294]]},"properties":{"c":34,"n":594}},{"type":"Feature","geometry":{"type":"LineString","coordinates":[[-4.32603,55.85742],[-4.32577,55.85739]]},"properties":{"c":0,"n":60}},{"type":"Feature","geometry":{"type":"LineString","coordinates":[[-4.32582,55.85717],[-4.32602,55.85636]]},"properties":{"c":0,"n":60}},{"type":"Feature","geometry":{"type":"LineString","coordinates":[[-4.3292,55.87245],[-4.32861,55.87301]]},"properties":{"c":0,"n":191}},{"type":"Feature","geometry":{"type":"LineString","coordinates":[[-4.34436,55.87673],[-4.34435,55.87655]]},"properties":{"c":0,"n":15}},{"type":"Feature","geometry":{"type":"LineString","coordinates":[[-4.32783,55.8584],[-4.32791,55.85778]]},"properties":{"c":0,"n":60}},{"type":"Feature","geometry":{"type":"LineString","coordinates":[[-4.3388,55.89519],[-4.33649,55.89575]]},"properties":{"c":0,"n":13}},{"type":"Feature","geometry":{"type":"LineString","coordinates":[[-4.32348,55.89388],[-4.32331,55.89384]]},"properties":{"c":0,"n":13}},{"type":"Feature","geometry":{"type":"LineString","coordinates":[[-4.33053,55.89581],[-4.32978,55.8956]]},"properties":{"c":0,"n":13}},{"type":"Feature","geometry":{"type":"LineString","coordinates":[[-4.33109,55.89597],[-4.33053,55.89581]]},"properties":{"c":0,"n":13}},{"type":"Feature","geometry":{"type":"LineString","coordinates":[[-4.32446,55.89414],[-4.32348,55.89388]]},"properties":{"c":0,"n":13}},{"type":"Feature","geometry":{"type":"LineString","coordinates":[[-4.33649,55.89575],[-4.33542,55.89602]]},"properties":{"c":0,"n":13}},{"type":"Feature","geometry":{"type":"LineString","coordinates":[[-4.33542,55.89602],[-4.33426,55.89622],[-4.33345,55.89625],[-4.33249,55.89625],[-4.3313,55.89602]]},"properties":{"c":0,"n":13}},{"type":"Feature","geometry":{"type":"LineString","coordinates":[[-4.32978,55.8956],[-4.32831,55.89521]]},"properties":{"c":0,"n":13}},{"type":"Feature","geometry":{"type":"LineString","coordinates":[[-4.32638,55.89467],[-4.32542,55.89441]]},"properties":{"c":0,"n":13}},{"type":"Feature","geometry":{"type":"LineString","coordinates":[[-4.34049,55.8948],[-4.34045,55.8949]]},"properties":{"c":0,"n":13}},{"type":"Feature","geometry":{"type":"LineString","coordinates":[[-4.32542,55.89441],[-4.32446,55.89414]]},"properties":{"c":0,"n":13}},{"type":"Feature","geometry":{"type":"LineString","coordinates":[[-4.32831,55.89521],[-4.32782,55.89508]]},"properties":{"c":0,"n":13}},{"type":"Feature","geometry":{"type":"LineString","coordinates":[[-4.32782,55.89508],[-4.32737,55.89494]]},"properties":{"c":0,"n":13}},{"type":"Feature","geometry":{"type":"LineString","coordinates":[[-4.3313,55.89602],[-4.33109,55.89597]]},"properties":{"c":0,"n":13}},{"type":"Feature","geometry":{"type":"LineString","coordinates":[[-4.32737,55.89494],[-4.32638,55.89467]]},"properties":{"c":0,"n":13}},{"type":"Feature","geometry":{"type":"LineString","coordinates":[[-4.34045,55.8949],[-4.33999,55.89491],[-4.3388,55.89519]]},"properties":{"c":0,"n":13}},{"type":"Feature","geometry":{"type":"LineString","coordinates":[[-4.27473,55.83406],[-4.27468,55.83419],[-4.27484,55.83431]]},"properties":{"c":1801,"n":2707}},{"type":"Feature","geometry":{"type":"LineString","coordinates":[[-4.27246,55.83566],[-4.27197,55.83594]]},"properties":{"c":1801,"n":2707}},{"type":"Feature","geometry":{"type":"LineString","coordinates":[[-4.27197,55.83594],[-4.27148,55.83621]]},"properties":{"c":1801,"n":2707}},{"type":"Feature","geometry":{"type":"LineString","coordinates":[[-4.27341,55.83512],[-4.27294,55.83539]]},"properties":{"c":1801,"n":2707}},{"type":"Feature","geometry":{"type":"LineString","coordinates":[[-4.27438,55.83457],[-4.2739,55.83485]]},"properties":{"c":1801,"n":2707}},{"type":"Feature","geometry":{"type":"LineString","coordinates":[[-4.27484,55.83431],[-4.27438,55.83457]]},"properties":{"c":1801,"n":2707}},{"type":"Feature","geometry":{"type":"LineString","coordinates":[[-4.27294,55.83539],[-4.27246,55.83566]]},"properties":{"c":1801,"n":2707}},{"type":"Feature","geometry":{"type":"LineString","coordinates":[[-4.27148,55.83621],[-4.27097,55.83649]]},"properties":{"c":1801,"n":2707}},{"type":"Feature","geometry":{"type":"LineString","coordinates":[[-4.2739,55.83485],[-4.27341,55.83512]]},"properties":{"c":1801,"n":2707}},{"type":"Feature","geometry":{"type":"LineString","coordinates":[[-4.27886,55.83156],[-4.27716,55.83247]]},"properties":{"c":0,"n":4159}},{"type":"Feature","geometry":{"type":"LineString","coordinates":[[-4.27716,55.83247],[-4.27683,55.83236],[-4.27657,55.83234]]},"properties":{"c":0,"n":4159}},{"type":"Feature","geometry":{"type":"LineString","coordinates":[[-4.27657,55.83234],[-4.27525,55.8325],[-4.27466,55.83225]]},"properties":{"c":0,"n":4159}},{"type":"Feature","geometry":{"type":"LineString","coordinates":[[-4.27301,55.83301],[-4.27214,55.83326],[-4.27092,55.83347]]},"properties":{"c":0,"n":4159}},{"type":"Feature","geometry":{"type":"LineString","coordinates":[[-4.27092,55.83347],[-4.27087,55.83359]]},"properties":{"c":0,"n":4300}},{"type":"Feature","geometry":{"type":"LineString","coordinates":[[-4.26945,55.8345],[-4.26903,55.83473]]},"properties":{"c":0,"n":3158}},{"type":"Feature","geometry":{"type":"LineString","coordinates":[[-4.27466,55.83225],[-4.27301,55.83301]]},"properties":{"c":0,"n":4159}},{"type":"Feature","geometry":{"type":"LineString","coordinates":[[-4.27087,55.83359],[-4.27072,55.83376]]},"properties":{"c":0,"n":4300}},{"type":"Feature","geometry":{"type":"LineString","coordinates":[[-4.27072,55.83376],[-4.2704,55.83398]]},"properties":{"c":0,"n":4300}},{"type":"Feature","geometry":{"type":"LineString","coordinates":[[-4.27946,55.83673],[-4.27948,55.83727]]},"properties":{"c":0,"n":241}},{"type":"Feature","geometry":{"type":"LineString","coordinates":[[-4.27948,55.83727],[-4.28013,55.83729]]},"properties":{"c":0,"n":241}},{"type":"Feature","geometry":{"type":"LineString","coordinates":[[-4.28081,55.83624],[-4.27946,55.83673]]},"properties":{"c":0,"n":134}},{"type":"Feature","geometry":{"type":"LineString","coordinates":[[-4.28039,55.83583],[-4.28053,55.83597]]},"properties":{"c":0,"n":134}},{"type":"Feature","geometry":{"type":"LineString","coordinates":[[-4.28387,55.83783],[-4.28387,55.83822],[-4.284,55.83844],[-4.28475,55.83888]]},"properties":{"c":0,"n":241}},{"type":"Feature","geometry":{"type":"LineString","coordinates":[[-4.28053,55.83597],[-4.28081,55.83624]]},"properties":{"c":0,"n":134}},{"type":"Feature","geometry":{"type":"LineString","coordinates":[[-4.28014,55.83558],[-4.28039,55.83583]]},"properties":{"c":0,"n":134}},{"type":"Feature","geometry":{"type":"LineString","coordinates":[[-4.28013,55.83729],[-4.28391,55.83741]]},"properties":{"c":0,"n":241}},{"type":"Feature","geometry":{"type":"LineString","coordinates":[[-4.28117,55.86073],[-4.28118,55.86077],[-4.28199,55.86096],[-4.28263,55.86133],[-4.28296,55.86125]]},"properties":{"c":0,"n":856}},{"type":"Feature","geometry":{"type":"LineString","coordinates":[[-4.28296,55.86125],[-4.28317,55.86146]]},"properties":{"c":0,"n":856}},{"type":"Feature","geometry":{"type":"LineString","coordinates":[[-4.20278,55.84755],[-4.20268,55.84761]]},"properties":{"c":0,"n":303}},{"type":"Feature","geometry":{"type":"LineString","coordinates":[[-4.20268,55.84761],[-4.20275,55.8478]]},"properties":{"c":0,"n":303}},{"type":"Feature","geometry":{"type":"LineString","coordinates":[[-4.20605,55.84806],[-4.20608,55.8481]]},"properties":{"c":0,"n":206}},{"type":"Feature","geometry":{"type":"LineString","coordinates":[[-4.28107,55.8846],[-4.28083,55.88453],[-4.28068,55.88441]]},"properties":{"c":727,"n":8241}},{"type":"Feature","geometry":{"type":"LineString","coordinates":[[-4.28063,55.88436],[-4.28043,55.88413]]},"properties":{"c":727,"n":8227}},{"type":"Feature","geometry":{"type":"LineString","coordinates":[[-4.28068,55.88441],[-4.28063,55.88436]]},"properties":{"c":727,"n":8227}},{"type":"Feature","geometry":{"type":"LineString","coordinates":[[-4.28043,55.88413],[-4.28046,55.88403]]},"properties":{"c":727,"n":8227}},{"type":"Feature","geometry":{"type":"LineString","coordinates":[[-4.30976,55.89388],[-4.31002,55.89378],[-4.31101,55.8937],[-4.31552,55.89422],[-4.31798,55.8947],[-4.32006,55.89534],[-4.32024,55.89544],[-4.32054,55.8958]]},"properties":{"c":0,"n":53}},{"type":"Feature","geometry":{"type":"LineString","coordinates":[[-4.32054,55.8958],[-4.32083,55.89614]]},"properties":{"c":0,"n":53}},{"type":"Feature","geometry":{"type":"LineString","coordinates":[[-4.29718,55.89375],[-4.29736,55.89402]]},"properties":{"c":0,"n":62}},{"type":"Feature","geometry":{"type":"LineString","coordinates":[[-4.32525,55.89162],[-4.32565,55.89111]]},"properties":{"c":0,"n":45}},{"type":"Feature","geometry":{"type":"LineString","coordinates":[[-4.32415,55.89287],[-4.32525,55.89162]]},"properties":{"c":0,"n":45}},{"type":"Feature","geometry":{"type":"LineString","coordinates":[[-4.32258,55.89473],[-4.32281,55.89447]]},"properties":{"c":0,"n":53}},{"type":"Feature","geometry":{"type":"LineString","coordinates":[[-4.30623,55.89341],[-4.30647,55.89342]]},"properties":{"c":0,"n":62}},{"type":"Feature","geometry":{"type":"LineString","coordinates":[[-4.30647,55.89342],[-4.30679,55.89344]]},"properties":{"c":0,"n":62}},{"type":"Feature","geometry":{"type":"LineString","coordinates":[[-4.30579,55.89356],[-4.30615,55.89348]]},"properties":{"c":0,"n":62}},{"type":"Feature","geometry":{"type":"LineString","coordinates":[[-4.32331,55.89384],[-4.32415,55.89287]]},"properties":{"c":0,"n":45}},{"type":"Feature","geometry":{"type":"LineString","coordinates":[[-4.32083,55.89614],[-4.32127,55.89596],[-4.32157,55.89576],[-4.32204,55.89537],[-4.32258,55.89473]]},"properties":{"c":0,"n":53}},{"type":"Feature","geometry":{"type":"LineString","coordinates":[[-4.32565,55.89111],[-4.32571,55.89066],[-4.32534,55.89028]]},"properties":{"c":0,"n":45}},{"type":"Feature","geometry":{"type":"LineString","coordinates":[[-4.32281,55.89447],[-4.32286,55.8944]]},"properties":{"c":0,"n":53}},{"type":"Feature","geometry":{"type":"LineString","coordinates":[[-4.32286,55.8944],[-4.32302,55.8942]]},"properties":{"c":0,"n":53}},{"type":"Feature","geometry":{"type":"LineString","coordinates":[[-4.29736,55.89402],[-4.29777,55.89403]]},"properties":{"c":0,"n":62}},{"type":"Feature","geometry":{"type":"LineString","coordinates":[[-4.32302,55.8942],[-4.32331,55.89384]]},"properties":{"c":0,"n":53}},{"type":"Feature","geometry":{"type":"LineString","coordinates":[[-4.30842,55.89338],[-4.30976,55.89388]]},"properties":{"c":0,"n":53}},{"type":"Feature","geometry":{"type":"LineString","coordinates":[[-4.30615,55.89348],[-4.30623,55.89341]]},"properties":{"c":0,"n":62}},{"type":"Feature","geometry":{"type":"LineString","coordinates":[[-4.28078,55.88426],[-4.28109,55.88413]]},"properties":{"c":0,"n":7379}},{"type":"Feature","geometry":{"type":"LineString","coordinates":[[-4.28107,55.8846],[-4.28077,55.88436]]},"properties":{"c":0,"n":7378}},{"type":"Feature","geometry":{"type":"LineString","coordinates":[[-4.2807,55.88431],[-4.28078,55.88426]]},"properties":{"c":0,"n":7379}},{"type":"Feature","geometry":{"type":"LineString","coordinates":[[-4.28077,55.88436],[-4.2807,55.88431]]},"properties":{"c":0,"n":7378}},{"type":"Feature","geometry":{"type":"LineString","coordinates":[[-4.28777,55.87868],[-4.28786,55.87843]]},"properties":{"c":0,"n":7379}},{"type":"Feature","geometry":{"type":"LineString","coordinates":[[-4.28786,55.87843],[-4.28783,55.87841]]},"properties":{"c":0,"n":7379}},{"type":"Feature","geometry":{"type":"LineString","coordinates":[[-4.28783,55.87841],[-4.28794,55.8783]]},"properties":{"c":0,"n":4864}},{"type":"Feature","geometry":{"type":"LineString","coordinates":[[-4.30339,55.88532],[-4.3034,55.88528]]},"properties":{"c":0,"n":49}},{"type":"Feature","geometry":{"type":"LineString","coordinates":[[-4.30398,55.88568],[-4.30387,55.88555]]},"properties":{"c":0,"n":49}},{"type":"Feature","geometry":{"type":"LineString","coordinates":[[-4.30387,55.88555],[-4.3038,55.88547]]},"properties":{"c":0,"n":49}},{"type":"Feature","geometry":{"type":"LineString","coordinates":[[-4.29235,55.89041],[-4.29344,55.89025]]},"properties":{"c":0,"n":49}},{"type":"Feature","geometry":{"type":"LineString","coordinates":[[-4.3038,55.88547],[-4.30356,55.88538]]},"properties":{"c":0,"n":49}},{"type":"Feature","geometry":{"type":"LineString","coordinates":[[-4.30356,55.88538],[-4.30346,55.88538]]},"properties":{"c":0,"n":49}},{"type":"Feature","geometry":{"type":"LineString","coordinates":[[-4.3034,55.88528],[-4.30327,55.88514]]},"properties":{"c":0,"n":49}},{"type":"Feature","geometry":{"type":"LineString","coordinates":[[-4.29344,55.89025],[-4.2931,55.88943]]},"properties":{"c":0,"n":49}},{"type":"Feature","geometry":{"type":"LineString","coordinates":[[-4.30346,55.88538],[-4.30339,55.88532]]},"properties":{"c":0,"n":49}},{"type":"Feature","geometry":{"type":"LineString","coordinates":[[-4.29224,55.89043],[-4.29235,55.89041]]},"properties":{"c":0,"n":49}},{"type":"Feature","geometry":{"type":"LineString","coordinates":[[-4.28783,55.87841],[-4.28748,55.87829]]},"properties":{"c":0,"n":2515}},{"type":"Feature","geometry":{"type":"LineString","coordinates":[[-4.28137,55.87527],[-4.28166,55.87484]]},"properties":{"c":0,"n":1398}},{"type":"Feature","geometry":{"type":"LineString","coordinates":[[-4.25431,55.8823],[-4.25434,55.88155]]},"properties":{"c":0,"n":188}},{"type":"Feature","geometry":{"type":"LineString","coordinates":[[-4.27831,55.8874],[-4.27789,55.88744]]},"properties":{"c":0,"n":225}},{"type":"Feature","geometry":{"type":"LineString","coordinates":[[-4.2848,55.88738],[-4.28442,55.88747]]},"properties":{"c":0,"n":225}},{"type":"Feature","geometry":{"type":"LineString","coordinates":[[-4.28523,55.88714],[-4.2848,55.88738]]},"properties":{"c":0,"n":225}},{"type":"Feature","geometry":{"type":"LineString","coordinates":[[-4.27386,55.88806],[-4.27364,55.88751]]},"properties":{"c":0,"n":225}},{"type":"Feature","geometry":{"type":"LineString","coordinates":[[-4.28092,55.88714],[-4.2784,55.88739]]},"properties":{"c":0,"n":225}},{"type":"Feature","geometry":{"type":"LineString","coordinates":[[-4.25694,55.88605],[-4.25685,55.88588]]},"properties":{"c":0,"n":181}},{"type":"Feature","geometry":{"type":"LineString","coordinates":[[-4.27674,55.88761],[-4.27669,55.88762]]},"properties":{"c":0,"n":225}},{"type":"Feature","geometry":{"type":"LineString","coordinates":[[-4.25646,55.8852],[-4.25585,55.8845]]},"properties":{"c":0,"n":181}},{"type":"Feature","geometry":{"type":"LineString","coordinates":[[-4.2756,55.88779],[-4.27386,55.88806]]},"properties":{"c":0,"n":225}},{"type":"Feature","geometry":{"type":"LineString","coordinates":[[-4.28148,55.88709],[-4.28092,55.88714]]},"properties":{"c":0,"n":225}},{"type":"Feature","geometry":{"type":"LineString","coordinates":[[-4.28442,55.88747],[-4.28291,55.88703],[-4.28245,55.88701],[-4.28148,55.88709]]},"properties":{"c":0,"n":225}},{"type":"Feature","geometry":{"type":"LineString","coordinates":[[-4.2784,55.88739],[-4.27831,55.8874]]},"properties":{"c":0,"n":225}},{"type":"Feature","geometry":{"type":"LineString","coordinates":[[-4.27669,55.88762],[-4.27637,55.88767]]},"properties":{"c":0,"n":225}},{"type":"Feature","geometry":{"type":"LineString","coordinates":[[-4.25725,55.88664],[-4.25694,55.88605]]},"properties":{"c":0,"n":181}},{"type":"Feature","geometry":{"type":"LineString","coordinates":[[-4.27637,55.88767],[-4.2756,55.88779]]},"properties":{"c":0,"n":225}},{"type":"Feature","geometry":{"type":"LineString","coordinates":[[-4.25585,55.8845],[-4.25508,55.88404],[-4.25432,55.88377]]},"properties":{"c":0,"n":181}},{"type":"Feature","geometry":{"type":"LineString","coordinates":[[-4.27789,55.88744],[-4.27753,55.88749]]},"properties":{"c":0,"n":225}},{"type":"Feature","geometry":{"type":"LineString","coordinates":[[-4.27753,55.88749],[-4.27674,55.88761]]},"properties":{"c":0,"n":225}},{"type":"Feature","geometry":{"type":"LineString","coordinates":[[-4.25685,55.88588],[-4.25646,55.8852]]},"properties":{"c":0,"n":181}},{"type":"Feature","geometry":{"type":"LineString","coordinates":[[-4.25432,55.88377],[-4.25423,55.88368],[-4.25431,55.8823]]},"properties":{"c":0,"n":181}},{"type":"Feature","geometry":{"type":"LineString","coordinates":[[-4.32312,55.88533],[-4.3238,55.88539]]},"properties":{"c":0,"n":12}},{"type":"Feature","geometry":{"type":"LineString","coordinates":[[-4.31762,55.88751],[-4.31777,55.88739]]},"properties":{"c":0,"n":12}},{"type":"Feature","geometry":{"type":"LineString","coordinates":[[-4.31777,55.88739],[-4.31788,55.88728]]},"properties":{"c":0,"n":12}},{"type":"Feature","geometry":{"type":"LineString","coordinates":[[-4.3238,55.88539],[-4.32399,55.8854]]},"properties":{"c":0,"n":12}},{"type":"Feature","geometry":{"type":"LineString","coordinates":[[-4.32399,55.8854],[-4.32424,55.88537]]},"properties":{"c":0,"n":12}},{"type":"Feature","geometry":{"type":"LineString","coordinates":[[-4.22805,55.88511],[-4.22792,55.88501]]},"properties":{"c":0,"n":36}},{"type":"Feature","geometry":{"type":"LineString","coordinates":[[-4.22701,55.88426],[-4.22745,55.88417],[-4.22808,55.88449],[-4.22834,55.88438],[-4.2283,55.88419]]},"properties":{"c":0,"n":60}},{"type":"Feature","geometry":{"type":"LineString","coordinates":[[-4.22929,55.88348],[-4.22939,55.88295]]},"properties":{"c":0,"n":60}},{"type":"Feature","geometry":{"type":"LineString","coordinates":[[-4.22862,55.88395],[-4.22872,55.88389]]},"properties":{"c":0,"n":60}},{"type":"Feature","geometry":{"type":"LineString","coordinates":[[-4.2283,55.88419],[-4.22846,55.88406]]},"properties":{"c":0,"n":60}},{"type":"Feature","geometry":{"type":"LineString","coordinates":[[-4.22846,55.88406],[-4.22862,55.88395]]},"properties":{"c":0,"n":60}},{"type":"Feature","geometry":{"type":"LineString","coordinates":[[-4.22872,55.88389],[-4.22929,55.88348]]},"properties":{"c":0,"n":60}},{"type":"Feature","geometry":{"type":"LineString","coordinates":[[-4.22939,55.88295],[-4.23021,55.88234],[-4.23025,55.88217]]},"properties":{"c":0,"n":60}},{"type":"Feature","geometry":{"type":"LineString","coordinates":[[-4.22792,55.88501],[-4.22701,55.88426]]},"properties":{"c":0,"n":60}},{"type":"Feature","geometry":{"type":"LineString","coordinates":[[-4.22843,55.88506],[-4.22805,55.88511]]},"properties":{"c":0,"n":31}},{"type":"Feature","geometry":{"type":"LineString","coordinates":[[-4.33098,55.84665],[-4.3308,55.84667]]},"properties":{"c":0,"n":586}},{"type":"Feature","geometry":{"type":"LineString","coordinates":[[-4.33283,55.84637],[-4.3317,55.84653]]},"properties":{"c":0,"n":586}},{"type":"Feature","geometry":{"type":"LineString","coordinates":[[-4.3317,55.84653],[-4.33098,55.84665]]},"properties":{"c":0,"n":586}},{"type":"Feature","geometry":{"type":"LineString","coordinates":[[-4.33097,55.84457],[-4.33031,55.84425]]},"properties":{"c":0,"n":217}},{"type":"Feature","geometry":{"type":"LineString","coordinates":[[-4.33418,55.84611],[-4.334,55.84586]]},"properties":{"c":0,"n":257}},{"type":"Feature","geometry":{"type":"LineString","coordinates":[[-4.3316,55.84485],[-4.33137,55.84475]]},"properties":{"c":0,"n":217}},{"type":"Feature","geometry":{"type":"LineString","coordinates":[[-4.33279,55.84629],[-4.33418,55.84611]]},"properties":{"c":0,"n":257}},{"type":"Feature","geometry":{"type":"LineString","coordinates":[[-4.33249,55.84518],[-4.33184,55.84494]]},"properties":{"c":0,"n":257}},{"type":"Feature","geometry":{"type":"LineString","coordinates":[[-4.33137,55.84475],[-4.33097,55.84457]]},"properties":{"c":0,"n":217}},{"type":"Feature","geometry":{"type":"LineString","coordinates":[[-4.33184,55.84494],[-4.3316,55.84485]]},"properties":{"c":0,"n":257}},{"type":"Feature","geometry":{"type":"LineString","coordinates":[[-4.31733,55.84871],[-4.31728,55.84862]]},"properties":{"c":0,"n":93}},{"type":"Feature","geometry":{"type":"LineString","coordinates":[[-4.30926,55.84141],[-4.3093,55.84132]]},"properties":{"c":0,"n":10}},{"type":"Feature","geometry":{"type":"LineString","coordinates":[[-4.32687,55.84321],[-4.32668,55.84315]]},"properties":{"c":0,"n":122}},{"type":"Feature","geometry":{"type":"LineString","coordinates":[[-4.32701,55.84316],[-4.32687,55.84321]]},"properties":{"c":0,"n":122}},{"type":"Feature","geometry":{"type":"LineString","coordinates":[[-4.32654,55.84323],[-4.32389,55.84247],[-4.32159,55.84196]]},"properties":{"c":0,"n":122}},{"type":"Feature","geometry":{"type":"LineString","coordinates":[[-4.32668,55.84315],[-4.32654,55.84323]]},"properties":{"c":0,"n":122}},{"type":"Feature","geometry":{"type":"LineString","coordinates":[[-4.31795,55.84138],[-4.3163,55.84121],[-4.31386,55.84113],[-4.31127,55.84124],[-4.30975,55.84148]]},"properties":{"c":0,"n":122}},{"type":"Feature","geometry":{"type":"LineString","coordinates":[[-4.24612,55.85747],[-4.24629,55.8571]]},"properties":{"c":7224,"n":5431}},{"type":"Feature","geometry":{"type":"LineString","coordinates":[[-4.24575,55.85825],[-4.24598,55.85776]]},"properties":{"c":7645,"n":9854}},{"type":"Feature","geometry":{"type":"LineString","coordinates":[[-4.24598,55.85776],[-4.24612,55.85747]]},"properties":{"c":7224,"n":5431}},{"type":"Feature","geometry":{"type":"LineString","coordinates":[[-4.24598,55.85776],[-4.24744,55.85798]]},"properties":{"c":421,"n":4423}},{"type":"Feature","geometry":{"type":"LineString","coordinates":[[-4.24624,55.85709],[-4.24652,55.85645]]},"properties":{"c":4864,"n":3488}},{"type":"Feature","geometry":{"type":"LineString","coordinates":[[-4.23817,55.85559],[-4.23866,55.85491]]},"properties":{"c":353,"n":1013}},{"type":"Feature","geometry":{"type":"LineString","coordinates":[[-4.23884,55.85468],[-4.23893,55.85441]]},"properties":{"c":353,"n":1013}},{"type":"Feature","geometry":{"type":"LineString","coordinates":[[-4.23866,55.85491],[-4.23884,55.85468]]},"properties":{"c":353,"n":1013}},{"type":"Feature","geometry":{"type":"LineString","coordinates":[[-4.27263,55.86397],[-4.27411,55.86385]]},"properties":{"c":1153,"n":6150}},{"type":"Feature","geometry":{"type":"LineString","coordinates":[[-4.27411,55.86385],[-4.27421,55.86384]]},"properties":{"c":1153,"n":6150}},{"type":"Feature","geometry":{"type":"LineString","coordinates":[[-4.27223,55.864],[-4.27263,55.86397]]},"properties":{"c":1153,"n":6150}},{"type":"Feature","geometry":{"type":"LineString","coordinates":[[-4.2721,55.86473],[-4.27189,55.86403],[-4.27199,55.86402]]},"properties":{"c":1153,"n":6150}},{"type":"Feature","geometry":{"type":"LineString","coordinates":[[-4.27199,55.86402],[-4.27223,55.864]]},"properties":{"c":1153,"n":6150}},{"type":"Feature","geometry":{"type":"LineString","coordinates":[[-4.27551,55.86374],[-4.2756,55.86373]]},"properties":{"c":280,"n":3796}},{"type":"Feature","geometry":{"type":"LineString","coordinates":[[-4.262,55.82901],[-4.26198,55.82903]]},"properties":{"c":472,"n":3193}},{"type":"Feature","geometry":{"type":"LineString","coordinates":[[-4.26188,55.82865],[-4.26193,55.82886]]},"properties":{"c":472,"n":3193}},{"type":"Feature","geometry":{"type":"LineString","coordinates":[[-4.26198,55.82888],[-4.262,55.82901]]},"properties":{"c":472,"n":3193}},{"type":"Feature","geometry":{"type":"LineString","coordinates":[[-4.26193,55.82886],[-4.26198,55.82888]]},"properties":{"c":472,"n":3193}},{"type":"Feature","geometry":{"type":"LineString","coordinates":[[-4.26189,55.82929],[-4.26209,55.82949],[-4.26247,55.82967],[-4.26371,55.8298]]},"properties":{"c":472,"n":3193}},{"type":"Feature","geometry":{"type":"LineString","coordinates":[[-4.26192,55.82806],[-4.262,55.82805]]},"properties":{"c":472,"n":3193}},{"type":"Feature","geometry":{"type":"LineString","coordinates":[[-4.26198,55.82903],[-4.26189,55.82929]]},"properties":{"c":472,"n":3193}},{"type":"Feature","geometry":{"type":"LineString","coordinates":[[-4.262,55.82805],[-4.26188,55.82865]]},"properties":{"c":472,"n":3193}},{"type":"Feature","geometry":{"type":"LineString","coordinates":[[-4.14529,55.83841],[-4.14707,55.83812]]},"properties":{"c":0,"n":68}},{"type":"Feature","geometry":{"type":"LineString","coordinates":[[-4.15549,55.83678],[-4.15731,55.83654]]},"properties":{"c":0,"n":68}},{"type":"Feature","geometry":{"type":"LineString","coordinates":[[-4.16157,55.83598],[-4.16497,55.83555],[-4.16569,55.83551],[-4.1663,55.83565],[-4.16731,55.83614],[-4.168,55.83636]]},"properties":{"c":0,"n":68}},{"type":"Feature","geometry":{"type":"LineString","coordinates":[[-4.14413,55.83861],[-4.14529,55.83841]]},"properties":{"c":0,"n":68}},{"type":"Feature","geometry":{"type":"LineString","coordinates":[[-4.15898,55.83632],[-4.15944,55.83626]]},"properties":{"c":0,"n":68}},{"type":"Feature","geometry":{"type":"LineString","coordinates":[[-4.14017,55.83941],[-4.1403,55.83934]]},"properties":{"c":0,"n":68}},{"type":"Feature","geometry":{"type":"LineString","coordinates":[[-4.14044,55.83927],[-4.14073,55.83922]]},"properties":{"c":0,"n":68}},{"type":"Feature","geometry":{"type":"LineString","coordinates":[[-4.15944,55.83626],[-4.16031,55.83614]]},"properties":{"c":0,"n":68}},{"type":"Feature","geometry":{"type":"LineString","coordinates":[[-4.15802,55.83645],[-4.15898,55.83632]]},"properties":{"c":0,"n":68}},{"type":"Feature","geometry":{"type":"LineString","coordinates":[[-4.1403,55.83934],[-4.14044,55.83927]]},"properties":{"c":0,"n":68}},{"type":"Feature","geometry":{"type":"LineString","coordinates":[[-4.15731,55.83654],[-4.15802,55.83645]]},"properties":{"c":0,"n":68}},{"type":"Feature","geometry":{"type":"LineString","coordinates":[[-4.16852,55.83657],[-4.16888,55.83673],[-4.16928,55.83681],[-4.17001,55.8368]]},"properties":{"c":0,"n":68}},{"type":"Feature","geometry":{"type":"LineString","coordinates":[[-4.14073,55.83922],[-4.14244,55.83891]]},"properties":{"c":0,"n":68}},{"type":"Feature","geometry":{"type":"LineString","coordinates":[[-4.168,55.83636],[-4.16823,55.83636]]},"properties":{"c":0,"n":68}},{"type":"Feature","geometry":{"type":"LineString","coordinates":[[-4.15475,55.83688],[-4.15549,55.83678]]},"properties":{"c":0,"n":68}},{"type":"Feature","geometry":{"type":"LineString","coordinates":[[-4.15269,55.83716],[-4.15355,55.83705]]},"properties":{"c":0,"n":68}},{"type":"Feature","geometry":{"type":"LineString","coordinates":[[-4.15355,55.83705],[-4.15424,55.83695]]},"properties":{"c":0,"n":68}},{"type":"Feature","geometry":{"type":"LineString","coordinates":[[-4.14381,55.83867],[-4.14413,55.83861]]},"properties":{"c":0,"n":68}},{"type":"Feature","geometry":{"type":"LineString","coordinates":[[-4.15109,55.83742],[-4.15269,55.83716]]},"properties":{"c":0,"n":68}},{"type":"Feature","geometry":{"type":"LineString","coordinates":[[-4.16031,55.83614],[-4.16157,55.83598]]},"properties":{"c":0,"n":68}},{"type":"Feature","geometry":{"type":"LineString","coordinates":[[-4.14244,55.83891],[-4.14381,55.83867]]},"properties":{"c":0,"n":68}},{"type":"Feature","geometry":{"type":"LineString","coordinates":[[-4.15443,55.83692],[-4.15475,55.83688]]},"properties":{"c":0,"n":68}},{"type":"Feature","geometry":{"type":"LineString","coordinates":[[-4.16831,55.83647],[-4.16852,55.83657]]},"properties":{"c":0,"n":68}},{"type":"Feature","geometry":{"type":"LineString","coordinates":[[-4.14707,55.83812],[-4.14888,55.8378]]},"properties":{"c":0,"n":68}},{"type":"Feature","geometry":{"type":"LineString","coordinates":[[-4.14888,55.8378],[-4.15109,55.83742]]},"properties":{"c":0,"n":68}},{"type":"Feature","geometry":{"type":"LineString","coordinates":[[-4.16823,55.83636],[-4.16831,55.83647]]},"properties":{"c":0,"n":68}},{"type":"Feature","geometry":{"type":"LineString","coordinates":[[-4.15424,55.83695],[-4.15443,55.83692]]},"properties":{"c":0,"n":68}},{"type":"Feature","geometry":{"type":"LineString","coordinates":[[-4.19674,55.84811],[-4.19833,55.84815]]},"properties":{"c":0,"n":220}},{"type":"Feature","geometry":{"type":"LineString","coordinates":[[-4.19511,55.848],[-4.19674,55.84811]]},"properties":{"c":0,"n":220}},{"type":"Feature","geometry":{"type":"LineString","coordinates":[[-4.19322,55.84757],[-4.19374,55.84783]]},"properties":{"c":0,"n":232}},{"type":"Feature","geometry":{"type":"LineString","coordinates":[[-4.19374,55.84783],[-4.19511,55.848]]},"properties":{"c":0,"n":232}},{"type":"Feature","geometry":{"type":"LineString","coordinates":[[-4.19231,55.84706],[-4.19322,55.84757]]},"properties":{"c":0,"n":232}},{"type":"Feature","geometry":{"type":"LineString","coordinates":[[-4.19923,55.84723],[-4.19929,55.84717]]},"properties":{"c":0,"n":220}},{"type":"Feature","geometry":{"type":"LineString","coordinates":[[-4.19523,55.84786],[-4.19688,55.84697]]},"properties":{"c":0,"n":12}},{"type":"Feature","geometry":{"type":"LineString","coordinates":[[-4.19688,55.84697],[-4.19761,55.84656]]},"properties":{"c":0,"n":36}},{"type":"Feature","geometry":{"type":"LineString","coordinates":[[-4.19511,55.848],[-4.19523,55.84786]]},"properties":{"c":0,"n":12}},{"type":"Feature","geometry":{"type":"LineString","coordinates":[[-4.19696,55.84958],[-4.19766,55.84886]]},"properties":{"c":0,"n":37}},{"type":"Feature","geometry":{"type":"LineString","coordinates":[[-4.1965,55.85003],[-4.1968,55.84975]]},"properties":{"c":0,"n":37}},{"type":"Feature","geometry":{"type":"LineString","coordinates":[[-4.19613,55.85037],[-4.19621,55.8503]]},"properties":{"c":0,"n":37}},{"type":"Feature","geometry":{"type":"LineString","coordinates":[[-4.19786,55.84894],[-4.20046,55.84872],[-4.20069,55.84876]]},"properties":{"c":0,"n":37}},{"type":"Feature","geometry":{"type":"LineString","coordinates":[[-4.19621,55.8503],[-4.1965,55.85003]]},"properties":{"c":0,"n":37}},{"type":"Feature","geometry":{"type":"LineString","coordinates":[[-4.19577,55.85071],[-4.19613,55.85037]]},"properties":{"c":0,"n":37}},{"type":"Feature","geometry":{"type":"LineString","coordinates":[[-4.1968,55.84975],[-4.19696,55.84958]]},"properties":{"c":0,"n":37}},{"type":"Feature","geometry":{"type":"LineString","coordinates":[[-4.19734,55.84719],[-4.19869,55.84777]]},"properties":{"c":0,"n":24}},{"type":"Feature","geometry":{"type":"LineString","coordinates":[[-4.19688,55.84697],[-4.19734,55.84719]]},"properties":{"c":0,"n":24}},{"type":"Feature","geometry":{"type":"LineString","coordinates":[[-4.19784,55.84644],[-4.19786,55.84643]]},"properties":{"c":0,"n":108}},{"type":"Feature","geometry":{"type":"LineString","coordinates":[[-4.31007,55.86898],[-4.31189,55.86901]]},"properties":{"c":0,"n":168}},{"type":"Feature","geometry":{"type":"LineString","coordinates":[[-4.30888,55.86912],[-4.309,55.86918],[-4.30913,55.86914]]},"properties":{"c":0,"n":147}},{"type":"Feature","geometry":{"type":"LineString","coordinates":[[-4.30913,55.86914],[-4.31007,55.86898]]},"properties":{"c":0,"n":147}},{"type":"Feature","geometry":{"type":"LineString","coordinates":[[-4.31189,55.86901],[-4.31221,55.8689],[-4.31228,55.869]]},"properties":{"c":0,"n":168}},{"type":"Feature","geometry":{"type":"LineString","coordinates":[[-4.30855,55.86922],[-4.30888,55.86912]]},"properties":{"c":3093,"n":5261}},{"type":"Feature","geometry":{"type":"LineString","coordinates":[[-4.30888,55.86912],[-4.30901,55.86896]]},"properties":{"c":3093,"n":5114}},{"type":"Feature","geometry":{"type":"LineString","coordinates":[[-4.30905,55.86865],[-4.30923,55.86849],[-4.30964,55.86841],[-4.3102,55.8684],[-4.31084,55.86848]]},"properties":{"c":0,"n":2220}},{"type":"Feature","geometry":{"type":"LineString","coordinates":[[-4.31084,55.86848],[-4.31338,55.86856],[-4.31469,55.86871],[-4.31539,55.86889]]},"properties":{"c":0,"n":2220}},{"type":"Feature","geometry":{"type":"LineString","coordinates":[[-4.23696,55.85203],[-4.23692,55.85205]]},"properties":{"c":0,"n":204}},{"type":"Feature","geometry":{"type":"LineString","coordinates":[[-4.23692,55.85205],[-4.238,55.85294]]},"properties":{"c":0,"n":135}},{"type":"Feature","geometry":{"type":"LineString","coordinates":[[-4.23692,55.85205],[-4.23667,55.85202]]},"properties":{"c":0,"n":69}},{"type":"Feature","geometry":{"type":"LineString","coordinates":[[-4.29668,55.82707],[-4.29631,55.82744]]},"properties":{"c":0,"n":77}},{"type":"Feature","geometry":{"type":"LineString","coordinates":[[-4.29631,55.82744],[-4.29616,55.82739]]},"properties":{"c":353,"n":1058}},{"type":"Feature","geometry":{"type":"LineString","coordinates":[[-4.29983,55.82499],[-4.29948,55.82535]]},"properties":{"c":0,"n":78}},{"type":"Feature","geometry":{"type":"LineString","coordinates":[[-4.29616,55.82739],[-4.2959,55.82738],[-4.29556,55.82748]]},"properties":{"c":353,"n":1058}},{"type":"Feature","geometry":{"type":"LineString","coordinates":[[-4.29948,55.82535],[-4.29879,55.82596]]},"properties":{"c":0,"n":77}},{"type":"Feature","geometry":{"type":"LineString","coordinates":[[-4.29879,55.82596],[-4.29837,55.82617]]},"properties":{"c":0,"n":77}},{"type":"Feature","geometry":{"type":"LineString","coordinates":[[-4.29631,55.82744],[-4.29582,55.8282]]},"properties":{"c":353,"n":1021}},{"type":"Feature","geometry":{"type":"LineString","coordinates":[[-4.29954,55.82538],[-4.29887,55.82596],[-4.29845,55.82622]]},"properties":{"c":0,"n":178}},{"type":"Feature","geometry":{"type":"LineString","coordinates":[[-4.26601,55.84029],[-4.26536,55.84021]]},"properties":{"c":0,"n":290}},{"type":"Feature","geometry":{"type":"LineString","coordinates":[[-4.26536,55.84021],[-4.26364,55.84001]]},"properties":{"c":0,"n":290}},{"type":"Feature","geometry":{"type":"LineString","coordinates":[[-4.26364,55.84001],[-4.26353,55.83999]]},"properties":{"c":0,"n":290}},{"type":"Feature","geometry":{"type":"LineString","coordinates":[[-4.26473,55.83667],[-4.26464,55.83664]]},"properties":{"c":0,"n":111}},{"type":"Feature","geometry":{"type":"LineString","coordinates":[[-4.28669,55.83425],[-4.28753,55.83401]]},"properties":{"c":0,"n":12}},{"type":"Feature","geometry":{"type":"LineString","coordinates":[[-4.25192,55.87055],[-4.25148,55.87055],[-4.25122,55.87041]]},"properties":{"c":0,"n":659}},{"type":"Feature","geometry":{"type":"LineString","coordinates":[[-4.25122,55.87041],[-4.25141,55.86982]]},"properties":{"c":0,"n":659}},{"type":"Feature","geometry":{"type":"LineString","coordinates":[[-4.22563,55.86278],[-4.22564,55.86227]]},"properties":{"c":0,"n":28}},{"type":"Feature","geometry":{"type":"LineString","coordinates":[[-4.22555,55.86496],[-4.22559,55.86448]]},"properties":{"c":0,"n":28}},{"type":"Feature","geometry":{"type":"LineString","coordinates":[[-4.22396,55.86194],[-4.22395,55.86163]]},"properties":{"c":0,"n":28}},{"type":"Feature","geometry":{"type":"LineString","coordinates":[[-4.22451,55.86193],[-4.22396,55.86194]]},"properties":{"c":0,"n":28}},{"type":"Feature","geometry":{"type":"LineString","coordinates":[[-4.22398,55.86121],[-4.22343,55.8612]]},"properties":{"c":0,"n":28}},{"type":"Feature","geometry":{"type":"LineString","coordinates":[[-4.22561,55.86339],[-4.22563,55.86278]]},"properties":{"c":0,"n":28}},{"type":"Feature","geometry":{"type":"LineString","coordinates":[[-4.22564,55.86195],[-4.22451,55.86193]]},"properties":{"c":0,"n":28}},{"type":"Feature","geometry":{"type":"LineString","coordinates":[[-4.22343,55.8612],[-4.22351,55.86082]]},"properties":{"c":0,"n":28}},{"type":"Feature","geometry":{"type":"LineString","coordinates":[[-4.22564,55.86227],[-4.22564,55.86195]]},"properties":{"c":0,"n":28}},{"type":"Feature","geometry":{"type":"LineString","coordinates":[[-4.2256,55.86434],[-4.22561,55.86339]]},"properties":{"c":0,"n":28}},{"type":"Feature","geometry":{"type":"LineString","coordinates":[[-4.22395,55.86163],[-4.22398,55.86121]]},"properties":{"c":0,"n":28}},{"type":"Feature","geometry":{"type":"LineString","coordinates":[[-4.22559,55.86448],[-4.2256,55.86434]]},"properties":{"c":0,"n":28}},{"type":"Feature","geometry":{"type":"LineString","coordinates":[[-4.25939,55.87088],[-4.26006,55.87102]]},"properties":{"c":0,"n":421}},{"type":"Feature","geometry":{"type":"LineString","coordinates":[[-4.25938,55.87075],[-4.25939,55.87088]]},"properties":{"c":0,"n":421}},{"type":"Feature","geometry":{"type":"LineString","coordinates":[[-4.25908,55.87068],[-4.25938,55.87075]]},"properties":{"c":0,"n":421}},{"type":"Feature","geometry":{"type":"LineString","coordinates":[[-4.33839,55.86419],[-4.33811,55.86455]]},"properties":{"c":618,"n":1909}},{"type":"Feature","geometry":{"type":"LineString","coordinates":[[-4.3379,55.86481],[-4.33748,55.86528]]},"properties":{"c":618,"n":1909}},{"type":"Feature","geometry":{"type":"LineString","coordinates":[[-4.33474,55.8648],[-4.33434,55.86472]]},"properties":{"c":618,"n":1909}},{"type":"Feature","geometry":{"type":"LineString","coordinates":[[-4.33552,55.86485],[-4.33474,55.8648]]},"properties":{"c":618,"n":1909}},{"type":"Feature","geometry":{"type":"LineString","coordinates":[[-4.34054,55.86413],[-4.33888,55.86358]]},"properties":{"c":618,"n":1909}},{"type":"Feature","geometry":{"type":"LineString","coordinates":[[-4.32935,55.86422],[-4.32897,55.86419]]},"properties":{"c":618,"n":1909}},{"type":"Feature","geometry":{"type":"LineString","coordinates":[[-4.3417,55.86308],[-4.3417,55.86314]]},"properties":{"c":618,"n":1909}},{"type":"Feature","geometry":{"type":"LineString","coordinates":[[-4.33434,55.86472],[-4.33378,55.86452]]},"properties":{"c":618,"n":1909}},{"type":"Feature","geometry":{"type":"LineString","coordinates":[[-4.33888,55.86358],[-4.3386,55.86392]]},"properties":{"c":618,"n":1909}},{"type":"Feature","geometry":{"type":"LineString","coordinates":[[-4.3417,55.86314],[-4.34131,55.86321],[-4.34108,55.86348]]},"properties":{"c":618,"n":1909}},{"type":"Feature","geometry":{"type":"LineString","coordinates":[[-4.34108,55.86348],[-4.34068,55.86416]]},"properties":{"c":618,"n":1909}},{"type":"Feature","geometry":{"type":"LineString","coordinates":[[-4.33811,55.86455],[-4.3379,55.86481]]},"properties":{"c":618,"n":1909}},{"type":"Feature","geometry":{"type":"LineString","coordinates":[[-4.34068,55.86416],[-4.34054,55.86413]]},"properties":{"c":618,"n":1909}},{"type":"Feature","geometry":{"type":"LineString","coordinates":[[-4.32775,55.86397],[-4.32725,55.86407]]},"properties":{"c":618,"n":1928}},{"type":"Feature","geometry":{"type":"LineString","coordinates":[[-4.32991,55.86422],[-4.32935,55.86422]]},"properties":{"c":618,"n":1909}},{"type":"Feature","geometry":{"type":"LineString","coordinates":[[-4.3386,55.86392],[-4.33839,55.86419]]},"properties":{"c":618,"n":1909}},{"type":"Feature","geometry":{"type":"LineString","coordinates":[[-4.32988,55.85517],[-4.3287,55.85502]]},"properties":{"c":34,"n":557}},{"type":"Feature","geometry":{"type":"LineString","coordinates":[[-4.33487,55.85578],[-4.33357,55.85561]]},"properties":{"c":34,"n":557}},{"type":"Feature","geometry":{"type":"LineString","coordinates":[[-4.32338,55.85437],[-4.32309,55.85436]]},"properties":{"c":34,"n":557}},{"type":"Feature","geometry":{"type":"LineString","coordinates":[[-4.3404,55.85712],[-4.34027,55.85717]]},"properties":{"c":34,"n":571}},{"type":"Feature","geometry":{"type":"LineString","coordinates":[[-4.3396,55.85696],[-4.33914,55.85662],[-4.33792,55.85629]]},"properties":{"c":34,"n":557}},{"type":"Feature","geometry":{"type":"LineString","coordinates":[[-4.32215,55.85426],[-4.32197,55.85424]]},"properties":{"c":34,"n":557}},{"type":"Feature","geometry":{"type":"LineString","coordinates":[[-4.32693,55.85481],[-4.32576,55.85466]]},"properties":{"c":34,"n":557}},{"type":"Feature","geometry":{"type":"LineString","coordinates":[[-4.32576,55.85466],[-4.3242,55.85447]]},"properties":{"c":34,"n":557}},{"type":"Feature","geometry":{"type":"LineString","coordinates":[[-4.33224,55.85546],[-4.33166,55.85539]]},"properties":{"c":34,"n":557}},{"type":"Feature","geometry":{"type":"LineString","coordinates":[[-4.3242,55.85447],[-4.32338,55.85437]]},"properties":{"c":34,"n":557}},{"type":"Feature","geometry":{"type":"LineString","coordinates":[[-4.3287,55.85502],[-4.32807,55.85494]]},"properties":{"c":34,"n":557}},{"type":"Feature","geometry":{"type":"LineString","coordinates":[[-4.34027,55.85717],[-4.33997,55.85714]]},"properties":{"c":34,"n":571}},{"type":"Feature","geometry":{"type":"LineString","coordinates":[[-4.32807,55.85494],[-4.32693,55.85481]]},"properties":{"c":34,"n":557}},{"type":"Feature","geometry":{"type":"LineString","coordinates":[[-4.33166,55.85539],[-4.32988,55.85517]]},"properties":{"c":34,"n":557}},{"type":"Feature","geometry":{"type":"LineString","coordinates":[[-4.32309,55.85436],[-4.32215,55.85426]]},"properties":{"c":34,"n":557}},{"type":"Feature","geometry":{"type":"LineString","coordinates":[[-4.34105,55.85727],[-4.34066,55.85714],[-4.3404,55.85712]]},"properties":{"c":34,"n":571}},{"type":"Feature","geometry":{"type":"LineString","coordinates":[[-4.32197,55.85424],[-4.32188,55.85423]]},"properties":{"c":34,"n":557}},{"type":"Feature","geometry":{"type":"LineString","coordinates":[[-4.33568,55.85588],[-4.33487,55.85578]]},"properties":{"c":34,"n":557}},{"type":"Feature","geometry":{"type":"LineString","coordinates":[[-4.33997,55.85714],[-4.33962,55.85699]]},"properties":{"c":34,"n":571}},{"type":"Feature","geometry":{"type":"LineString","coordinates":[[-4.33792,55.85629],[-4.33568,55.85588]]},"properties":{"c":34,"n":557}},{"type":"Feature","geometry":{"type":"LineString","coordinates":[[-4.33357,55.85561],[-4.33224,55.85546]]},"properties":{"c":34,"n":557}},{"type":"Feature","geometry":{"type":"LineString","coordinates":[[-4.30307,55.87689],[-4.30479,55.87698]]},"properties":{"c":0,"n":167}},{"type":"Feature","geometry":{"type":"LineString","coordinates":[[-4.30479,55.87698],[-4.3047,55.87733]]},"properties":{"c":0,"n":167}},{"type":"Feature","geometry":{"type":"LineString","coordinates":[[-4.30299,55.87736],[-4.30307,55.87689]]},"properties":{"c":0,"n":167}},{"type":"Feature","geometry":{"type":"LineString","coordinates":[[-4.26517,55.83548],[-4.26506,55.83546]]},"properties":{"c":0,"n":1973}},{"type":"Feature","geometry":{"type":"LineString","coordinates":[[-4.27023,55.83544],[-4.27067,55.83518]]},"properties":{"c":0,"n":2969}},{"type":"Feature","geometry":{"type":"LineString","coordinates":[[-4.26508,55.83542],[-4.26398,55.83523]]},"properties":{"c":0,"n":129}},{"type":"Feature","geometry":{"type":"LineString","coordinates":[[-4.25669,55.8339],[-4.25598,55.8338]]},"properties":{"c":0,"n":129}},{"type":"Feature","geometry":{"type":"LineString","coordinates":[[-4.25818,55.83417],[-4.25669,55.8339]]},"properties":{"c":0,"n":129}},{"type":"Feature","geometry":{"type":"LineString","coordinates":[[-4.26297,55.83505],[-4.2617,55.83482]]},"properties":{"c":0,"n":129}},{"type":"Feature","geometry":{"type":"LineString","coordinates":[[-4.25932,55.83438],[-4.25818,55.83417]]},"properties":{"c":0,"n":129}},{"type":"Feature","geometry":{"type":"LineString","coordinates":[[-4.26052,55.8346],[-4.25932,55.83438]]},"properties":{"c":0,"n":129}},{"type":"Feature","geometry":{"type":"LineString","coordinates":[[-4.2617,55.83482],[-4.26052,55.8346]]},"properties":{"c":0,"n":129}},{"type":"Feature","geometry":{"type":"LineString","coordinates":[[-4.26398,55.83523],[-4.26297,55.83505]]},"properties":{"c":0,"n":129}},{"type":"Feature","geometry":{"type":"LineString","coordinates":[[-4.27067,55.83518],[-4.27163,55.83466]]},"properties":{"c":0,"n":387}},{"type":"Feature","geometry":{"type":"LineString","coordinates":[[-4.26865,55.82869],[-4.2687,55.82862]]},"properties":{"c":0,"n":141}},{"type":"Feature","geometry":{"type":"LineString","coordinates":[[-4.26993,55.82781],[-4.27005,55.82769],[-4.26998,55.82758]]},"properties":{"c":0,"n":141}},{"type":"Feature","geometry":{"type":"LineString","coordinates":[[-4.26913,55.83094],[-4.26929,55.8304],[-4.26868,55.82947],[-4.26859,55.82911],[-4.26865,55.82869]]},"properties":{"c":0,"n":141}},{"type":"Feature","geometry":{"type":"LineString","coordinates":[[-4.26974,55.82788],[-4.26993,55.82781]]},"properties":{"c":0,"n":141}},{"type":"Feature","geometry":{"type":"LineString","coordinates":[[-4.26881,55.8283],[-4.2693,55.82803],[-4.26974,55.82788]]},"properties":{"c":0,"n":141}},{"type":"Feature","geometry":{"type":"LineString","coordinates":[[-4.2687,55.82862],[-4.26878,55.82841]]},"properties":{"c":0,"n":141}},{"type":"Feature","geometry":{"type":"LineString","coordinates":[[-4.27092,55.83347],[-4.27095,55.83303],[-4.2707,55.8327],[-4.27028,55.8325],[-4.26934,55.83223],[-4.26883,55.83189],[-4.26877,55.83158],[-4.26913,55.83094]]},"properties":{"c":0,"n":141}},{"type":"Feature","geometry":{"type":"LineString","coordinates":[[-4.26878,55.82841],[-4.26881,55.8283]]},"properties":{"c":0,"n":141}},{"type":"Feature","geometry":{"type":"LineString","coordinates":[[-4.19812,55.8634],[-4.19922,55.86267],[-4.19929,55.86241]]},"properties":{"c":0,"n":560}},{"type":"Feature","geometry":{"type":"LineString","coordinates":[[-4.19749,55.86386],[-4.19812,55.8634]]},"properties":{"c":0,"n":562}},{"type":"Feature","geometry":{"type":"LineString","coordinates":[[-4.19288,55.86712],[-4.1936,55.86663]]},"properties":{"c":0,"n":562}},{"type":"Feature","geometry":{"type":"LineString","coordinates":[[-4.19274,55.86729],[-4.19288,55.86712]]},"properties":{"c":0,"n":562}},{"type":"Feature","geometry":{"type":"LineString","coordinates":[[-4.19446,55.86601],[-4.19508,55.86557]]},"properties":{"c":0,"n":562}},{"type":"Feature","geometry":{"type":"LineString","coordinates":[[-4.1937,55.86656],[-4.19393,55.86639]]},"properties":{"c":0,"n":562}},{"type":"Feature","geometry":{"type":"LineString","coordinates":[[-4.19508,55.86557],[-4.19586,55.86501]]},"properties":{"c":0,"n":562}},{"type":"Feature","geometry":{"type":"LineString","coordinates":[[-4.19586,55.86501],[-4.19639,55.86463]]},"properties":{"c":0,"n":562}},{"type":"Feature","geometry":{"type":"LineString","coordinates":[[-4.19393,55.86639],[-4.19446,55.86601]]},"properties":{"c":0,"n":562}},{"type":"Feature","geometry":{"type":"LineString","coordinates":[[-4.20035,55.86223],[-4.20129,55.86232]]},"properties":{"c":0,"n":546}},{"type":"Feature","geometry":{"type":"LineString","coordinates":[[-4.19929,55.86241],[-4.19929,55.86237]]},"properties":{"c":0,"n":560}},{"type":"Feature","geometry":{"type":"LineString","coordinates":[[-4.19957,55.8622],[-4.20035,55.86223]]},"properties":{"c":0,"n":560}},{"type":"Feature","geometry":{"type":"LineString","coordinates":[[-4.19929,55.86237],[-4.19957,55.8622]]},"properties":{"c":0,"n":560}},{"type":"Feature","geometry":{"type":"LineString","coordinates":[[-4.19639,55.86463],[-4.19749,55.86386]]},"properties":{"c":0,"n":562}},{"type":"Feature","geometry":{"type":"LineString","coordinates":[[-4.1936,55.86663],[-4.1937,55.86656]]},"properties":{"c":0,"n":562}},{"type":"Feature","geometry":{"type":"LineString","coordinates":[[-4.20708,55.86277],[-4.20802,55.8627]]},"properties":{"c":0,"n":299}},{"type":"Feature","geometry":{"type":"LineString","coordinates":[[-4.2968,55.86292],[-4.29574,55.86281],[-4.29458,55.86283]]},"properties":{"c":0,"n":958}},{"type":"Feature","geometry":{"type":"LineString","coordinates":[[-4.28369,55.86069],[-4.28316,55.86059]]},"properties":{"c":0,"n":958}},{"type":"Feature","geometry":{"type":"LineString","coordinates":[[-4.28639,55.86131],[-4.28554,55.86108],[-4.28453,55.86092],[-4.28369,55.86069]]},"properties":{"c":0,"n":958}},{"type":"Feature","geometry":{"type":"LineString","coordinates":[[-4.29093,55.86242],[-4.29079,55.86239]]},"properties":{"c":0,"n":958}},{"type":"Feature","geometry":{"type":"LineString","coordinates":[[-4.29458,55.86283],[-4.29351,55.86282],[-4.29306,55.86275]]},"properties":{"c":0,"n":958}},{"type":"Feature","geometry":{"type":"LineString","coordinates":[[-4.29148,55.86252],[-4.29093,55.86242]]},"properties":{"c":0,"n":958}},{"type":"Feature","geometry":{"type":"LineString","coordinates":[[-4.29079,55.86239],[-4.28879,55.86197],[-4.28639,55.86131]]},"properties":{"c":0,"n":958}},{"type":"Feature","geometry":{"type":"LineString","coordinates":[[-4.28316,55.86059],[-4.28235,55.86044]]},"properties":{"c":0,"n":958}},{"type":"Feature","geometry":{"type":"LineString","coordinates":[[-4.29306,55.86275],[-4.29148,55.86252]]},"properties":{"c":0,"n":958}},{"type":"Feature","geometry":{"type":"LineString","coordinates":[[-4.26318,55.86543],[-4.26321,55.86537]]},"properties":{"c":1063,"n":7276}},{"type":"Feature","geometry":{"type":"LineString","coordinates":[[-4.26944,55.86287],[-4.26991,55.86284],[-4.27005,55.86269]]},"properties":{"c":0,"n":39}},{"type":"Feature","geometry":{"type":"LineString","coordinates":[[-4.32355,55.87064],[-4.32324,55.87063],[-4.32305,55.87074]]},"properties":{"c":0,"n":2444}},{"type":"Feature","geometry":{"type":"LineString","coordinates":[[-4.32635,55.88347],[-4.32628,55.88353],[-4.3259,55.88357]]},"properties":{"c":0,"n":125}},{"type":"Feature","geometry":{"type":"LineString","coordinates":[[-4.32649,55.88347],[-4.32635,55.88347]]},"properties":{"c":0,"n":125}},{"type":"Feature","geometry":{"type":"LineString","coordinates":[[-4.32696,55.87111],[-4.32715,55.87056]]},"properties":{"c":0,"n":463}},{"type":"Feature","geometry":{"type":"LineString","coordinates":[[-4.32681,55.87139],[-4.32696,55.87111]]},"properties":{"c":0,"n":463}},{"type":"Feature","geometry":{"type":"LineString","coordinates":[[-4.32795,55.87222],[-4.32812,55.87193]]},"properties":{"c":0,"n":463}},{"type":"Feature","geometry":{"type":"LineString","coordinates":[[-4.32812,55.87193],[-4.32826,55.87167]]},"properties":{"c":0,"n":463}},{"type":"Feature","geometry":{"type":"LineString","coordinates":[[-4.32826,55.87167],[-4.32681,55.87139]]},"properties":{"c":0,"n":463}},{"type":"Feature","geometry":{"type":"LineString","coordinates":[[-4.3236,55.87019],[-4.32312,55.87013]]},"properties":{"c":0,"n":463}},{"type":"Feature","geometry":{"type":"LineString","coordinates":[[-4.32312,55.87013],[-4.32251,55.87005]]},"properties":{"c":0,"n":463}},{"type":"Feature","geometry":{"type":"LineString","coordinates":[[-4.31084,55.86795],[-4.30912,55.86821]]},"properties":{"c":0,"n":463}},{"type":"Feature","geometry":{"type":"LineString","coordinates":[[-4.31212,55.868],[-4.31124,55.86793],[-4.31084,55.86795]]},"properties":{"c":0,"n":463}},{"type":"Feature","geometry":{"type":"LineString","coordinates":[[-4.32715,55.87056],[-4.3236,55.87019]]},"properties":{"c":0,"n":463}},{"type":"Feature","geometry":{"type":"LineString","coordinates":[[-4.30912,55.86821],[-4.30881,55.86825]]},"properties":{"c":0,"n":463}},{"type":"Feature","geometry":{"type":"LineString","coordinates":[[-4.28528,55.88629],[-4.28534,55.88625]]},"properties":{"c":0,"n":406}},{"type":"Feature","geometry":{"type":"LineString","coordinates":[[-4.28645,55.88537],[-4.28692,55.88498]]},"properties":{"c":0,"n":406}},{"type":"Feature","geometry":{"type":"LineString","coordinates":[[-4.28562,55.88605],[-4.28645,55.88537]]},"properties":{"c":0,"n":406}},{"type":"Feature","geometry":{"type":"LineString","coordinates":[[-4.28534,55.88625],[-4.28562,55.88605]]},"properties":{"c":0,"n":406}},{"type":"Feature","geometry":{"type":"LineString","coordinates":[[-4.28455,55.88671],[-4.28497,55.88653]]},"properties":{"c":0,"n":406}},{"type":"Feature","geometry":{"type":"LineString","coordinates":[[-4.28764,55.88446],[-4.2875,55.88417]]},"properties":{"c":0,"n":406}},{"type":"Feature","geometry":{"type":"LineString","coordinates":[[-4.28692,55.88498],[-4.28764,55.88446]]},"properties":{"c":0,"n":406}},{"type":"Feature","geometry":{"type":"LineString","coordinates":[[-4.28497,55.88653],[-4.28528,55.88629]]},"properties":{"c":0,"n":406}},{"type":"Feature","geometry":{"type":"LineString","coordinates":[[-4.30116,55.87499],[-4.30128,55.87463]]},"properties":{"c":0,"n":94}},{"type":"Feature","geometry":{"type":"LineString","coordinates":[[-4.30069,55.87536],[-4.30104,55.87531]]},"properties":{"c":0,"n":94}},{"type":"Feature","geometry":{"type":"LineString","coordinates":[[-4.30249,55.87155],[-4.30274,55.87084]]},"properties":{"c":0,"n":94}},{"type":"Feature","geometry":{"type":"LineString","coordinates":[[-4.30071,55.87539],[-4.30069,55.87536]]},"properties":{"c":0,"n":94}},{"type":"Feature","geometry":{"type":"LineString","coordinates":[[-4.30056,55.87641],[-4.30041,55.87583],[-4.30071,55.87539]]},"properties":{"c":0,"n":94}},{"type":"Feature","geometry":{"type":"LineString","coordinates":[[-4.30044,55.87676],[-4.30046,55.87673]]},"properties":{"c":0,"n":94}},{"type":"Feature","geometry":{"type":"LineString","coordinates":[[-4.30046,55.87673],[-4.30056,55.87641]]},"properties":{"c":0,"n":94}},{"type":"Feature","geometry":{"type":"LineString","coordinates":[[-4.30029,55.87721],[-4.30044,55.87676]]},"properties":{"c":0,"n":94}},{"type":"Feature","geometry":{"type":"LineString","coordinates":[[-4.30225,55.87218],[-4.30249,55.87155]]},"properties":{"c":0,"n":94}},{"type":"Feature","geometry":{"type":"LineString","coordinates":[[-4.30104,55.87531],[-4.30116,55.87499]]},"properties":{"c":0,"n":94}},{"type":"Feature","geometry":{"type":"LineString","coordinates":[[-4.30094,55.87862],[-4.30116,55.87825],[-4.30113,55.87788],[-4.30089,55.87754],[-4.30041,55.87724]]},"properties":{"c":0,"n":94}},{"type":"Feature","geometry":{"type":"LineString","coordinates":[[-4.30041,55.87724],[-4.30036,55.87723]]},"properties":{"c":0,"n":94}},{"type":"Feature","geometry":{"type":"LineString","coordinates":[[-4.29954,55.82538],[-4.2999,55.82501]]},"properties":{"c":0,"n":177}},{"type":"Feature","geometry":{"type":"LineString","coordinates":[[-4.2888,55.83177],[-4.28778,55.83208]]},"properties":{"c":0,"n":18}},{"type":"Feature","geometry":{"type":"LineString","coordinates":[[-4.29148,55.82974],[-4.29173,55.83042]]},"properties":{"c":0,"n":18}},{"type":"Feature","geometry":{"type":"LineString","coordinates":[[-4.28422,55.83298],[-4.28406,55.83328]]},"properties":{"c":0,"n":90}},{"type":"Feature","geometry":{"type":"LineString","coordinates":[[-4.29173,55.83042],[-4.29174,55.83044]]},"properties":{"c":0,"n":18}},{"type":"Feature","geometry":{"type":"LineString","coordinates":[[-4.28569,55.8327],[-4.28549,55.83272]]},"properties":{"c":0,"n":18}},{"type":"Feature","geometry":{"type":"LineString","coordinates":[[-4.28406,55.83328],[-4.28392,55.83346]]},"properties":{"c":0,"n":90}},{"type":"Feature","geometry":{"type":"LineString","coordinates":[[-4.29046,55.83115],[-4.28984,55.8314]]},"properties":{"c":0,"n":18}},{"type":"Feature","geometry":{"type":"LineString","coordinates":[[-4.2918,55.83061],[-4.29046,55.83115]]},"properties":{"c":0,"n":18}},{"type":"Feature","geometry":{"type":"LineString","coordinates":[[-4.28984,55.8314],[-4.28934,55.83159]]},"properties":{"c":0,"n":18}},{"type":"Feature","geometry":{"type":"LineString","coordinates":[[-4.29099,55.82837],[-4.29124,55.82907]]},"properties":{"c":0,"n":18}},{"type":"Feature","geometry":{"type":"LineString","coordinates":[[-4.28934,55.83159],[-4.2888,55.83177]]},"properties":{"c":0,"n":18}},{"type":"Feature","geometry":{"type":"LineString","coordinates":[[-4.28778,55.83208],[-4.28569,55.8327]]},"properties":{"c":0,"n":18}},{"type":"Feature","geometry":{"type":"LineString","coordinates":[[-4.28392,55.83346],[-4.28319,55.83401]]},"properties":{"c":0,"n":90}},{"type":"Feature","geometry":{"type":"LineString","coordinates":[[-4.29124,55.82907],[-4.29148,55.82974]]},"properties":{"c":0,"n":18}},{"type":"Feature","geometry":{"type":"LineString","coordinates":[[-4.28549,55.83272],[-4.28435,55.83281]]},"properties":{"c":0,"n":18}},{"type":"Feature","geometry":{"type":"LineString","coordinates":[[-4.29174,55.83044],[-4.2918,55.83061]]},"properties":{"c":0,"n":18}},{"type":"Feature","geometry":{"type":"LineString","coordinates":[[-4.28435,55.83281],[-4.28422,55.83298]]},"properties":{"c":0,"n":90}},{"type":"Feature","geometry":{"type":"LineString","coordinates":[[-4.28762,55.82822],[-4.2892,55.82737]]},"properties":{"c":0,"n":374}},{"type":"Feature","geometry":{"type":"LineString","coordinates":[[-4.28672,55.82886],[-4.28671,55.82875],[-4.28762,55.82822]]},"properties":{"c":0,"n":374}},{"type":"Feature","geometry":{"type":"LineString","coordinates":[[-4.28494,55.83231],[-4.28435,55.83281]]},"properties":{"c":0,"n":72}},{"type":"Feature","geometry":{"type":"LineString","coordinates":[[-4.28097,55.83052],[-4.2817,55.8308]]},"properties":{"c":0,"n":72}},{"type":"Feature","geometry":{"type":"LineString","coordinates":[[-4.28338,55.83156],[-4.28453,55.83211]]},"properties":{"c":0,"n":72}},{"type":"Feature","geometry":{"type":"LineString","coordinates":[[-4.28219,55.83098],[-4.28255,55.83117]]},"properties":{"c":0,"n":72}},{"type":"Feature","geometry":{"type":"LineString","coordinates":[[-4.28453,55.83211],[-4.28494,55.83231]]},"properties":{"c":0,"n":72}},{"type":"Feature","geometry":{"type":"LineString","coordinates":[[-4.2817,55.8308],[-4.28219,55.83098]]},"properties":{"c":0,"n":72}},{"type":"Feature","geometry":{"type":"LineString","coordinates":[[-4.28255,55.83117],[-4.28338,55.83156]]},"properties":{"c":0,"n":72}},{"type":"Feature","geometry":{"type":"LineString","coordinates":[[-4.26495,55.8524],[-4.2638,55.85227]]},"properties":{"c":0,"n":157}},{"type":"Feature","geometry":{"type":"LineString","coordinates":[[-4.26516,55.85227],[-4.26495,55.8524]]},"properties":{"c":0,"n":142}},{"type":"Feature","geometry":{"type":"LineString","coordinates":[[-4.29466,55.83653],[-4.29535,55.83587],[-4.29687,55.83475]]},"properties":{"c":0,"n":48}},{"type":"Feature","geometry":{"type":"LineString","coordinates":[[-4.28958,55.84127],[-4.28974,55.84095]]},"properties":{"c":0,"n":48}},{"type":"Feature","geometry":{"type":"LineString","coordinates":[[-4.29297,55.83846],[-4.29379,55.83776],[-4.29466,55.83653]]},"properties":{"c":0,"n":48}},{"type":"Feature","geometry":{"type":"LineString","coordinates":[[-4.29687,55.83475],[-4.29706,55.83468]]},"properties":{"c":0,"n":48}},{"type":"Feature","geometry":{"type":"LineString","coordinates":[[-4.28974,55.84095],[-4.29023,55.84029],[-4.29083,55.83974],[-4.29297,55.83846]]},"properties":{"c":0,"n":48}},{"type":"Feature","geometry":{"type":"LineString","coordinates":[[-4.27551,55.84985],[-4.27595,55.84978],[-4.27612,55.8497]]},"properties":{"c":0,"n":122}},{"type":"Feature","geometry":{"type":"LineString","coordinates":[[-4.27612,55.8497],[-4.27617,55.84946]]},"properties":{"c":0,"n":181}},{"type":"Feature","geometry":{"type":"LineString","coordinates":[[-4.27083,55.85158],[-4.27075,55.85201],[-4.27029,55.85303]]},"properties":{"c":0,"n":12}},{"type":"Feature","geometry":{"type":"LineString","coordinates":[[-4.27066,55.8499],[-4.27065,55.85048]]},"properties":{"c":0,"n":12}},{"type":"Feature","geometry":{"type":"LineString","coordinates":[[-4.27065,55.85048],[-4.27083,55.85158]]},"properties":{"c":0,"n":12}},{"type":"Feature","geometry":{"type":"LineString","coordinates":[[-4.23201,55.8773],[-4.23194,55.87659],[-4.23221,55.87559]]},"properties":{"c":0,"n":989}},{"type":"Feature","geometry":{"type":"LineString","coordinates":[[-4.23237,55.87516],[-4.23246,55.87492]]},"properties":{"c":0,"n":989}},{"type":"Feature","geometry":{"type":"LineString","coordinates":[[-4.23221,55.87559],[-4.23237,55.87516]]},"properties":{"c":0,"n":989}},{"type":"Feature","geometry":{"type":"LineString","coordinates":[[-4.23389,55.87061],[-4.23402,55.87005],[-4.23382,55.86964]]},"properties":{"c":0,"n":254}},{"type":"Feature","geometry":{"type":"LineString","coordinates":[[-4.2337,55.8801],[-4.23314,55.87903],[-4.23201,55.8773]]},"properties":{"c":0,"n":989}},{"type":"Feature","geometry":{"type":"LineString","coordinates":[[-4.23372,55.86952],[-4.23349,55.86892]]},"properties":{"c":0,"n":254}},{"type":"Feature","geometry":{"type":"LineString","coordinates":[[-4.23246,55.87492],[-4.23266,55.87436]]},"properties":{"c":0,"n":989}},{"type":"Feature","geometry":{"type":"LineString","coordinates":[[-4.23266,55.87436],[-4.23324,55.87285],[-4.23389,55.87061]]},"properties":{"c":0,"n":1154}},{"type":"Feature","geometry":{"type":"LineString","coordinates":[[-4.23382,55.86964],[-4.23372,55.86952]]},"properties":{"c":0,"n":254}},{"type":"Feature","geometry":{"type":"LineString","coordinates":[[-4.23623,55.86523],[-4.23626,55.8651],[-4.23614,55.86495]]},"properties":{"c":0,"n":900}},{"type":"Feature","geometry":{"type":"LineString","coordinates":[[-4.23503,55.86893],[-4.23554,55.86819],[-4.23602,55.86728],[-4.23609,55.8669],[-4.23603,55.86578],[-4.23623,55.86523]]},"properties":{"c":0,"n":900}},{"type":"Feature","geometry":{"type":"LineString","coordinates":[[-4.23632,55.8647],[-4.2365,55.86468]]},"properties":{"c":0,"n":430}},{"type":"Feature","geometry":{"type":"LineString","coordinates":[[-4.23389,55.87061],[-4.23412,55.87016],[-4.23503,55.86893]]},"properties":{"c":0,"n":900}},{"type":"Feature","geometry":{"type":"LineString","coordinates":[[-4.23614,55.86495],[-4.23632,55.8647]]},"properties":{"c":0,"n":430}},{"type":"Feature","geometry":{"type":"LineString","coordinates":[[-4.23614,55.86495],[-4.23601,55.86486]]},"properties":{"c":0,"n":470}},{"type":"Feature","geometry":{"type":"LineString","coordinates":[[-4.23221,55.88546],[-4.23309,55.88598]]},"properties":{"c":0,"n":34}},{"type":"Feature","geometry":{"type":"LineString","coordinates":[[-4.23309,55.88598],[-4.23405,55.88625]]},"properties":{"c":0,"n":34}},{"type":"Feature","geometry":{"type":"LineString","coordinates":[[-4.22792,55.88501],[-4.22948,55.88494],[-4.23115,55.88511]]},"properties":{"c":0,"n":34}},{"type":"Feature","geometry":{"type":"LineString","coordinates":[[-4.23405,55.88625],[-4.23464,55.88635]]},"properties":{"c":0,"n":34}},{"type":"Feature","geometry":{"type":"LineString","coordinates":[[-4.23115,55.88511],[-4.23221,55.88546]]},"properties":{"c":0,"n":34}},{"type":"Feature","geometry":{"type":"LineString","coordinates":[[-4.24087,55.87883],[-4.2413,55.87945]]},"properties":{"c":0,"n":48}},{"type":"Feature","geometry":{"type":"LineString","coordinates":[[-4.24136,55.87943],[-4.24228,55.87923]]},"properties":{"c":0,"n":48}},{"type":"Feature","geometry":{"type":"LineString","coordinates":[[-4.2413,55.87945],[-4.24136,55.87943]]},"properties":{"c":0,"n":48}},{"type":"Feature","geometry":{"type":"LineString","coordinates":[[-4.27347,55.85505],[-4.27338,55.85511],[-4.27326,55.85506]]},"properties":{"c":1251,"n":10200}},{"type":"Feature","geometry":{"type":"LineString","coordinates":[[-4.27028,55.85502],[-4.26996,55.85503]]},"properties":{"c":1159,"n":6383}},{"type":"Feature","geometry":{"type":"LineString","coordinates":[[-4.26996,55.85503],[-4.26983,55.85479],[-4.26985,55.85453]]},"properties":{"c":1159,"n":6383}},{"type":"Feature","geometry":{"type":"LineString","coordinates":[[-4.26985,55.85453],[-4.26974,55.85424],[-4.26957,55.85418]]},"properties":{"c":1159,"n":6383}},{"type":"Feature","geometry":{"type":"LineString","coordinates":[[-4.26465,55.8544],[-4.26464,55.85435]]},"properties":{"c":0,"n":2163}},{"type":"Feature","geometry":{"type":"LineString","coordinates":[[-4.26957,55.85418],[-4.26856,55.85415]]},"properties":{"c":1159,"n":6383}},{"type":"Feature","geometry":{"type":"LineString","coordinates":[[-4.27318,55.85416],[-4.27302,55.85381]]},"properties":{"c":92,"n":3732}},{"type":"Feature","geometry":{"type":"LineString","coordinates":[[-4.27302,55.85381],[-4.27294,55.85369]]},"properties":{"c":92,"n":3732}},{"type":"Feature","geometry":{"type":"LineString","coordinates":[[-4.27443,55.85502],[-4.27418,55.85503]]},"properties":{"c":92,"n":5473}},{"type":"Feature","geometry":{"type":"LineString","coordinates":[[-4.27467,55.85501],[-4.27464,55.85501]]},"properties":{"c":92,"n":5473}},{"type":"Feature","geometry":{"type":"LineString","coordinates":[[-4.27418,55.85503],[-4.27402,55.85504]]},"properties":{"c":92,"n":5473}},{"type":"Feature","geometry":{"type":"LineString","coordinates":[[-4.27492,55.855],[-4.27467,55.85501]]},"properties":{"c":92,"n":5473}},{"type":"Feature","geometry":{"type":"LineString","coordinates":[[-4.27393,55.85505],[-4.27347,55.85505]]},"properties":{"c":92,"n":5473}},{"type":"Feature","geometry":{"type":"LineString","coordinates":[[-4.27402,55.85504],[-4.27393,55.85505]]},"properties":{"c":92,"n":5473}},{"type":"Feature","geometry":{"type":"LineString","coordinates":[[-4.27464,55.85501],[-4.27443,55.85502]]},"properties":{"c":92,"n":5473}},{"type":"Feature","geometry":{"type":"LineString","coordinates":[[-4.27482,55.85449],[-4.27492,55.855]]},"properties":{"c":92,"n":5473}},{"type":"Feature","geometry":{"type":"LineString","coordinates":[[-4.27946,55.83673],[-4.27909,55.8364]]},"properties":{"c":0,"n":107}},{"type":"Feature","geometry":{"type":"LineString","coordinates":[[-4.27909,55.8364],[-4.27874,55.83607]]},"properties":{"c":0,"n":107}},{"type":"Feature","geometry":{"type":"LineString","coordinates":[[-4.29686,55.83458],[-4.29675,55.83448]]},"properties":{"c":0,"n":60}},{"type":"Feature","geometry":{"type":"LineString","coordinates":[[-4.29675,55.83448],[-4.29647,55.83403]]},"properties":{"c":0,"n":60}},{"type":"Feature","geometry":{"type":"LineString","coordinates":[[-4.29706,55.83468],[-4.29686,55.83458]]},"properties":{"c":0,"n":60}},{"type":"Feature","geometry":{"type":"LineString","coordinates":[[-4.27523,55.87459],[-4.27679,55.87379]]},"properties":{"c":0,"n":3395}},{"type":"Feature","geometry":{"type":"LineString","coordinates":[[-4.27341,55.87442],[-4.27394,55.87463],[-4.27406,55.87456],[-4.27471,55.87472],[-4.27504,55.87469],[-4.27523,55.87459]]},"properties":{"c":0,"n":3395}},{"type":"Feature","geometry":{"type":"LineString","coordinates":[[-4.26989,55.87353],[-4.27056,55.87338]]},"properties":{"c":0,"n":1920}},{"type":"Feature","geometry":{"type":"LineString","coordinates":[[-4.27056,55.87338],[-4.27071,55.87358],[-4.27103,55.87363],[-4.27341,55.87442]]},"properties":{"c":0,"n":1920}},{"type":"Feature","geometry":{"type":"LineString","coordinates":[[-4.23287,55.87438],[-4.23266,55.87436]]},"properties":{"c":0,"n":165}},{"type":"Feature","geometry":{"type":"LineString","coordinates":[[-4.29289,55.87107],[-4.29313,55.87093]]},"properties":{"c":870,"n":9873}},{"type":"Feature","geometry":{"type":"LineString","coordinates":[[-4.29217,55.87142],[-4.29226,55.87119]]},"properties":{"c":870,"n":9873}},{"type":"Feature","geometry":{"type":"LineString","coordinates":[[-4.29191,55.8726],[-4.29192,55.87225]]},"properties":{"c":870,"n":9873}},{"type":"Feature","geometry":{"type":"LineString","coordinates":[[-4.29215,55.87159],[-4.29217,55.87142]]},"properties":{"c":870,"n":9873}},{"type":"Feature","geometry":{"type":"LineString","coordinates":[[-4.29198,55.87202],[-4.29215,55.87159]]},"properties":{"c":870,"n":9873}},{"type":"Feature","geometry":{"type":"LineString","coordinates":[[-4.29226,55.87119],[-4.29289,55.87107]]},"properties":{"c":870,"n":9873}},{"type":"Feature","geometry":{"type":"LineString","coordinates":[[-4.29192,55.87225],[-4.29198,55.87202]]},"properties":{"c":870,"n":9873}},{"type":"Feature","geometry":{"type":"LineString","coordinates":[[-4.29313,55.87093],[-4.2937,55.87044]]},"properties":{"c":870,"n":9873}},{"type":"Feature","geometry":{"type":"LineString","coordinates":[[-4.2937,55.87044],[-4.29454,55.87024],[-4.2949,55.86999]]},"properties":{"c":870,"n":9873}},{"type":"Feature","geometry":{"type":"LineString","coordinates":[[-4.2949,55.86999],[-4.29503,55.86984]]},"properties":{"c":870,"n":9873}},{"type":"Feature","geometry":{"type":"LineString","coordinates":[[-4.27639,55.8691],[-4.27646,55.86868]]},"properties":{"c":629,"n":1893}},{"type":"Feature","geometry":{"type":"LineString","coordinates":[[-4.27897,55.87109],[-4.27801,55.87073]]},"properties":{"c":629,"n":1893}},{"type":"Feature","geometry":{"type":"LineString","coordinates":[[-4.27683,55.86982],[-4.27659,55.86965]]},"properties":{"c":629,"n":1893}},{"type":"Feature","geometry":{"type":"LineString","coordinates":[[-4.27801,55.87073],[-4.27765,55.87043],[-4.27695,55.87008],[-4.27683,55.86982]]},"properties":{"c":629,"n":1893}},{"type":"Feature","geometry":{"type":"LineString","coordinates":[[-4.27639,55.86855],[-4.27639,55.86833]]},"properties":{"c":629,"n":1893}},{"type":"Feature","geometry":{"type":"LineString","coordinates":[[-4.27815,55.87181],[-4.27897,55.87109]]},"properties":{"c":629,"n":1893}},{"type":"Feature","geometry":{"type":"LineString","coordinates":[[-4.27659,55.86965],[-4.27642,55.86943],[-4.27639,55.8691]]},"properties":{"c":629,"n":1893}},{"type":"Feature","geometry":{"type":"LineString","coordinates":[[-4.27639,55.86833],[-4.27555,55.86839]]},"properties":{"c":629,"n":1893}},{"type":"Feature","geometry":{"type":"LineString","coordinates":[[-4.27646,55.86868],[-4.27639,55.86855]]},"properties":{"c":629,"n":1893}},{"type":"Feature","geometry":{"type":"LineString","coordinates":[[-4.27555,55.86839],[-4.27481,55.86844]]},"properties":{"c":629,"n":1893}},{"type":"Feature","geometry":{"type":"LineString","coordinates":[[-4.27341,55.87442],[-4.27324,55.87459]]},"properties":{"c":0,"n":1475}},{"type":"Feature","geometry":{"type":"LineString","coordinates":[[-4.27324,55.87459],[-4.27315,55.87467]]},"properties":{"c":0,"n":1475}},{"type":"Feature","geometry":{"type":"LineString","coordinates":[[-4.27315,55.87467],[-4.27231,55.87549]]},"properties":{"c":0,"n":1475}},{"type":"Feature","geometry":{"type":"LineString","coordinates":[[-4.27362,55.869],[-4.27291,55.86968]]},"properties":{"c":0,"n":47}},{"type":"Feature","geometry":{"type":"LineString","coordinates":[[-4.27291,55.86968],[-4.27226,55.86948]]},"properties":{"c":0,"n":47}},{"type":"Feature","geometry":{"type":"LineString","coordinates":[[-4.27161,55.86927],[-4.27089,55.86903]]},"properties":{"c":0,"n":47}},{"type":"Feature","geometry":{"type":"LineString","coordinates":[[-4.27226,55.86948],[-4.27161,55.86927]]},"properties":{"c":0,"n":47}},{"type":"Feature","geometry":{"type":"LineString","coordinates":[[-4.2737,55.86892],[-4.27362,55.869]]},"properties":{"c":0,"n":47}},{"type":"Feature","geometry":{"type":"LineString","coordinates":[[-4.29422,55.87714],[-4.29382,55.8775]]},"properties":{"c":0,"n":365}},{"type":"Feature","geometry":{"type":"LineString","coordinates":[[-4.29344,55.8755],[-4.29478,55.87595]]},"properties":{"c":0,"n":365}},{"type":"Feature","geometry":{"type":"LineString","coordinates":[[-4.29456,55.87683],[-4.29422,55.87714]]},"properties":{"c":0,"n":365}},{"type":"Feature","geometry":{"type":"LineString","coordinates":[[-4.29382,55.8775],[-4.29339,55.87792]]},"properties":{"c":0,"n":365}},{"type":"Feature","geometry":{"type":"LineString","coordinates":[[-4.29478,55.87595],[-4.2953,55.87613]]},"properties":{"c":0,"n":365}},{"type":"Feature","geometry":{"type":"LineString","coordinates":[[-4.24573,55.86027],[-4.24578,55.86012]]},"properties":{"c":194,"n":724}},{"type":"Feature","geometry":{"type":"LineString","coordinates":[[-4.24365,55.86079],[-4.24375,55.86009]]},"properties":{"c":2286,"n":1377}},{"type":"Feature","geometry":{"type":"LineString","coordinates":[[-4.24375,55.86009],[-4.2439,55.85937]]},"properties":{"c":2286,"n":1377}},{"type":"Feature","geometry":{"type":"LineString","coordinates":[[-4.33103,55.87282],[-4.3312,55.87262],[-4.33114,55.87246],[-4.33014,55.87222],[-4.32988,55.87203]]},"properties":{"c":0,"n":90}},{"type":"Feature","geometry":{"type":"LineString","coordinates":[[-4.32711,55.87646],[-4.327,55.87664]]},"properties":{"c":0,"n":90}},{"type":"Feature","geometry":{"type":"LineString","coordinates":[[-4.327,55.87664],[-4.32659,55.87764],[-4.32603,55.88009],[-4.32605,55.88057]]},"properties":{"c":0,"n":59}},{"type":"Feature","geometry":{"type":"LineString","coordinates":[[-4.33185,55.87361],[-4.33216,55.87303]]},"properties":{"c":0,"n":90}},{"type":"Feature","geometry":{"type":"LineString","coordinates":[[-4.32931,55.87294],[-4.32794,55.87513]]},"properties":{"c":0,"n":90}},{"type":"Feature","geometry":{"type":"LineString","coordinates":[[-4.32988,55.87203],[-4.32931,55.87294]]},"properties":{"c":0,"n":90}},{"type":"Feature","geometry":{"type":"LineString","coordinates":[[-4.32794,55.87513],[-4.32711,55.87646]]},"properties":{"c":0,"n":90}},{"type":"Feature","geometry":{"type":"LineString","coordinates":[[-4.27062,55.87505],[-4.27075,55.87488]]},"properties":{"c":809,"n":2814}},{"type":"Feature","geometry":{"type":"LineString","coordinates":[[-4.26,55.86969],[-4.25993,55.86899]]},"properties":{"c":654,"n":4313}},{"type":"Feature","geometry":{"type":"LineString","coordinates":[[-4.2602,55.86813],[-4.26014,55.86805]]},"properties":{"c":654,"n":4313}},{"type":"Feature","geometry":{"type":"LineString","coordinates":[[-4.2601,55.86846],[-4.2602,55.86813]]},"properties":{"c":654,"n":4313}},{"type":"Feature","geometry":{"type":"LineString","coordinates":[[-4.25845,55.86629],[-4.25817,55.86621]]},"properties":{"c":0,"n":399}},{"type":"Feature","geometry":{"type":"LineString","coordinates":[[-4.25971,55.86644],[-4.25861,55.86632]]},"properties":{"c":0,"n":399}},{"type":"Feature","geometry":{"type":"LineString","coordinates":[[-4.25817,55.86621],[-4.2584,55.86558]]},"properties":{"c":0,"n":399}},{"type":"Feature","geometry":{"type":"LineString","coordinates":[[-4.25861,55.86632],[-4.25845,55.86629]]},"properties":{"c":0,"n":399}},{"type":"Feature","geometry":{"type":"LineString","coordinates":[[-4.30722,55.8686],[-4.30827,55.86877],[-4.30984,55.8689],[-4.31007,55.86898]]},"properties":{"c":0,"n":21}},{"type":"Feature","geometry":{"type":"LineString","coordinates":[[-4.28113,55.86071],[-4.28116,55.86064]]},"properties":{"c":0,"n":609}}]}