{"type":"FeatureCollection","features":[{"type":"Feature","geometry":{"type":"LineString","coordinates":[[-4.34267,55.85533],[-4.34216,55.85534],[-4.34157,55.85557],[-4.34066,55.85678]]},"properties":{"id":1,"type":"shared","opened":"2017-09-15","name":"Fulbar Path AKA Shieldburn Rd @Rigmuir Rd","scheme":null,"km":0.224}},{"type":"Feature","geometry":{"type":"LineString","coordinates":[[-4.09902,55.87346],[-4.09925,55.87387],[-4.10076,55.87416],[-4.10199,55.8742],[-4.10381,55.87414],[-4.10403,55.87408],[-4.10622,55.87411],[-4.10663,55.87422],[-4.10777,55.87412],[-4.10721,55.87369],[-4.10682,55.87301],[-4.10696,55.87182],[-4.10744,55.87091]]},"properties":{"id":15,"type":"shared","opened":"2017-09-15","name":"Bishop Loch","scheme":null,"km":0.973}},{"type":"Feature","geometry":{"type":"LineString","coordinates":[[-4.33751,55.87834],[-4.33782,55.87837],[-4.33915,55.87895]]},"properties":{"id":57,"type":"shared","opened":"2017-09-15","name":"Path from Westland Drive","scheme":null,"km":0.126}},{"type":"Feature","geometry":{"type":"LineString","coordinates":[[-4.33384,55.8818],[-4.33435,55.88299]]},"properties":{"id":65,"type":"mixed","opened":"2017-09-15","name":"Westbrae Dr","scheme":null,"km":0.137}},{"type":"Feature","geometry":{"type":"LineString","coordinates":[[-4.28104,55.87278],[-4.28119,55.87402],[-4.28107,55.87431],[-4.28089,55.87441]]},"properties":{"id":70,"type":"shared","opened":"2017-09-15","name":"NCN 756","scheme":"Kelvin Walkway","km":0.189}},{"type":"Feature","geometry":{"type":"LineString","coordinates":[[-4.21694,55.88587],[-4.21719,55.88582],[-4.21666,55.88522],[-4.21606,55.88472],[-4.21493,55.88405],[-4.21293,55.88327],[-4.21099,55.88282]]},"properties":{"id":75,"type":"segregated","opened":"2017-09-15","name":"Broomfield Rd","scheme":"North East Active Travel Route","km":0.545}},{"type":"Feature","geometry":{"type":"LineString","coordinates":[[-4.21832,55.88893],[-4.21834,55.88824],[-4.21794,55.88697],[-4.21734,55.88599],[-4.21694,55.88597],[-4.21695,55.88586]]},"properties":{"id":76,"type":"segregated","opened":"2017-09-15","name":"Balornock Rd","scheme":"North East Active Travel Route","km":0.373}},{"type":"Feature","geometry":{"type":"LineString","coordinates":[[-4.26327,55.80607],[-4.2635,55.80611],[-4.2639,55.80603],[-4.26429,55.80582],[-4.26451,55.80556],[-4.26487,55.80541],[-4.26566,55.8054]]},"properties":{"id":77,"type":"shared","opened":"2017-09-15","name":"Linn Park","scheme":null,"km":0.185}},{"type":"Feature","geometry":{"type":"LineString","coordinates":[[-4.34922,55.88887],[-4.34722,55.88876],[-4.34393,55.88882]]},"properties":{"id":79,"type":"lane","opened":"2017-09-15","name":"Alderman Rd","scheme":null,"km":0.332}},{"type":"Feature","geometry":{"type":"LineString","coordinates":[[-4.3383,55.85992],[-4.33817,55.85993],[-4.33644,55.86225],[-4.33585,55.86276],[-4.33568,55.86308]]},"properties":{"id":80,"type":"shared","opened":"2017-09-15","name":"Moss Rd (A739)","scheme":null,"km":0.394}},{"type":"Feature","geometry":{"type":"LineString","coordinates":[[-4.33568,55.86307],[-4.33526,55.86403]]},"properties":{"id":81,"type":"shared","opened":"2017-09-15","name":"Moss Rd","scheme":null,"km":0.109}},{"type":"Feature","geometry":{"type":"LineString","coordinates":[[-4.25795,55.87107],[-4.25783,55.87083],[-4.25822,55.87072],[-4.25804,55.87057],[-4.25809,55.87047],[-4.25855,55.87048],[-4.25897,55.87065],[-4.26001,55.87057],[-4.2601,55.87051],[-4.25971,55.86963],[-4.25983,55.86937],[-4.25965,55.86842]]},"properties":{"id":83,"type":"shared","opened":"2017-09-15","name":"NCN LINK 754","scheme":"NCN Link Route","km":0.467}},{"type":"Feature","geometry":{"type":"LineString","coordinates":[[-4.25626,55.85698],[-4.25209,55.85624]]},"properties":{"id":85,"type":"segregated","opened":"2021-02-22","name":"Howard St","scheme":"Batons","km":0.275}},{"type":"Feature","geometry":{"type":"LineString","coordinates":[[-4.30138,55.82688],[-4.30247,55.82709],[-4.30281,55.82709],[-4.3033,55.82696],[-4.3037,55.82651],[-4.30428,55.82634],[-4.30615,55.82601],[-4.30941,55.82577],[-4.31065,55.82586],[-4.31165,55.82616],[-4.3124,55.82628]]},"properties":{"id":86,"type":"shared","opened":"2017-09-15","name":"Pollok Country Park","scheme":null,"km":0.755}},{"type":"Feature","geometry":{"type":"LineString","coordinates":[[-4.256,55.85614],[-4.25555,55.85683]]},"properties":{"id":87,"type":"mixed","opened":"2017-09-15","name":"Dixon St","scheme":null,"km":0.081}},{"type":"Feature","geometry":{"type":"LineString","coordinates":[[-4.30233,55.89925],[-4.30278,55.89947],[-4.303,55.89935],[-4.30288,55.89927],[-4.30299,55.89917],[-4.30421,55.89938]]},"properties":{"id":90,"type":"shared","opened":"2017-09-15","name":"Dalsholm Rd","scheme":null,"km":0.163}},{"type":"Feature","geometry":{"type":"LineString","coordinates":[[-4.24,55.87027],[-4.23764,55.87077],[-4.23545,55.87078],[-4.2347,55.87086]]},"properties":{"id":91,"type":"shared","opened":"2017-09-15","name":"Path between Pinkston Rd &Springburn Rd","scheme":"Sighthill TRA project","km":0.344}},{"type":"Feature","geometry":{"type":"LineString","coordinates":[[-4.27999,55.87356],[-4.27951,55.87423]]},"properties":{"id":92,"type":"mixed","opened":"2017-09-15","name":"S Woodside Rd","scheme":null,"km":0.08}},{"type":"Feature","geometry":{"type":"LineString","coordinates":[[-4.28104,55.87278],[-4.28007,55.87324],[-4.27999,55.87356]]},"properties":{"id":94,"type":"shared","opened":"2017-09-15","name":"Path from South Woodside Rd to River Kelvin","scheme":null,"km":0.117}},{"type":"Feature","geometry":{"type":"LineString","coordinates":[[-4.19898,55.8419],[-4.19893,55.84203],[-4.19963,55.84261],[-4.19958,55.84278],[-4.19664,55.84424],[-4.19448,55.84492]]},"properties":{"id":97,"type":"shared","opened":"2017-09-15","name":"Thorndyke Ln","scheme":null,"km":0.513}},{"type":"Feature","geometry":{"type":"LineString","coordinates":[[-4.33019,55.87099],[-4.32958,55.87218],[-4.32899,55.87301],[-4.32873,55.87302]]},"properties":{"id":100,"type":"segregated","opened":"2017-09-15","name":"Clyde Tunnel","scheme":null,"km":0.254}},{"type":"Feature","geometry":{"type":"LineString","coordinates":[[-4.25555,55.85683],[-4.25569,55.8571],[-4.25542,55.8578],[-4.25519,55.85786],[-4.2551,55.85807],[-4.25527,55.85817]]},"properties":{"id":101,"type":"shared","opened":"2017-09-15","name":"St Enoch Square","scheme":null,"km":0.17}},{"type":"Feature","geometry":{"type":"LineString","coordinates":[[-4.28089,55.87441],[-4.27984,55.8745],[-4.27933,55.87447],[-4.27927,55.87454]]},"properties":{"id":102,"type":"shared","opened":"2017-09-15","name":"Kelvinbridge Station Path","scheme":null,"km":0.107}},{"type":"Feature","geometry":{"type":"LineString","coordinates":[[-4.27951,55.87423],[-4.27933,55.87448]]},"properties":{"id":103,"type":"mixed","opened":"2017-09-15","name":"South Woodside Rd","scheme":null,"km":0.03}},{"type":"Feature","geometry":{"type":"LineString","coordinates":[[-4.24949,55.86309],[-4.25007,55.86162]]},"properties":{"id":104,"type":"mixed","opened":"2017-09-15","name":"N Hanover St (George Sq to Bath St)","scheme":null,"km":0.168}},{"type":"Feature","geometry":{"type":"LineString","coordinates":[[-4.25424,55.85379],[-4.25783,55.85466]]},"properties":{"id":106,"type":"mixed","opened":"2017-09-15","name":"NCN 756","scheme":null,"km":0.245}},{"type":"Feature","geometry":{"type":"LineString","coordinates":[[-4.25584,55.85823],[-4.25594,55.85875],[-4.25586,55.85942],[-4.25556,55.86047]]},"properties":{"id":107,"type":"mixed","opened":"2017-09-15","name":"Mitchell St","scheme":null,"km":0.251}},{"type":"Feature","geometry":{"type":"LineString","coordinates":[[-4.21279,55.85377],[-4.21475,55.85402]]},"properties":{"id":108,"type":"mixed","opened":"2017-09-15","name":"Camlachie St","scheme":null,"km":0.125}},{"type":"Feature","geometry":{"type":"LineString","coordinates":[[-4.25657,55.8583],[-4.25527,55.85818]]},"properties":{"id":109,"type":"lane","opened":"2017-09-15","name":"Argyle St","scheme":"Contra flow","km":0.083}},{"type":"Feature","geometry":{"type":"LineString","coordinates":[[-4.26627,55.84947],[-4.26699,55.84741],[-4.26695,55.84718],[-4.26201,55.84659],[-4.26132,55.84626]]},"properties":{"id":110,"type":"lane","opened":"2017-09-15","name":"West St- Kilbirnie St","scheme":null,"km":0.632}},{"type":"Feature","geometry":{"type":"LineString","coordinates":[[-4.24071,55.85474],[-4.24243,55.85566],[-4.24335,55.85516],[-4.24454,55.85579],[-4.24454,55.85587],[-4.24491,55.85598]]},"properties":{"id":111,"type":"segregated","opened":"2017-09-15","name":"St Andrews St, James Morrison St & London Road","scheme":"East City Way","km":0.369}},{"type":"Feature","geometry":{"type":"LineString","coordinates":[[-4.23812,55.85292],[-4.24529,55.85317]]},"properties":{"id":112,"type":"shared","opened":"2017-09-15","name":"Glasgow Green","scheme":null,"km":0.45}},{"type":"Feature","geometry":{"type":"LineString","coordinates":[[-4.25492,55.87107],[-4.25504,55.87118],[-4.25476,55.8713],[-4.24987,55.873],[-4.24905,55.87321]]},"properties":{"id":118,"type":"segregated","opened":"2017-09-15","name":"North Canal Bank St (between Boron St to Craighall Rd)","scheme":null,"km":0.453}},{"type":"Feature","geometry":{"type":"LineString","coordinates":[[-4.2705,55.85642],[-4.27063,55.8565],[-4.27051,55.85656],[-4.27047,55.85754],[-4.27058,55.85866],[-4.27093,55.85919],[-4.27134,55.85944],[-4.2716,55.85947]]},"properties":{"id":121,"type":"shared","opened":"2017-09-15","name":"NCN 756","scheme":null,"km":0.379}},{"type":"Feature","geometry":{"type":"LineString","coordinates":[[-4.26971,55.8553],[-4.27072,55.85526],[-4.27462,55.85539],[-4.27658,55.85561]]},"properties":{"id":134,"type":"shared","opened":"2017-09-15","name":"Springfield Quay","scheme":null,"km":0.434}},{"type":"Feature","geometry":{"type":"LineString","coordinates":[[-4.25959,55.85492],[-4.26011,55.85498],[-4.26021,55.85514],[-4.26396,55.85558]]},"properties":{"id":135,"type":"shared","opened":"2017-09-15","name":"Clyde Place Quay","scheme":null,"km":0.292}},{"type":"Feature","geometry":{"type":"LineString","coordinates":[[-4.30976,55.8446],[-4.31464,55.84424],[-4.3161,55.8443]]},"properties":{"id":148,"type":"shared","opened":"2017-09-15","name":"Bellahouston Park","scheme":null,"km":0.4}},{"type":"Feature","geometry":{"type":"LineString","coordinates":[[-4.31426,55.84427],[-4.31542,55.84397],[-4.31639,55.84381]]},"properties":{"id":149,"type":"shared","opened":"2017-09-15","name":"Bellahouston Park","scheme":null,"km":0.144}},{"type":"Feature","geometry":{"type":"LineString","coordinates":[[-4.30022,55.86802],[-4.30005,55.86827],[-4.30052,55.86956]]},"properties":{"id":152,"type":"segregated","opened":"2017-09-15","name":"Benalder St","scheme":null,"km":0.176}},{"type":"Feature","geometry":{"type":"LineString","coordinates":[[-4.34833,55.85955],[-4.34823,55.85938],[-4.34647,55.85806],[-4.3455,55.85698],[-4.34421,55.85617],[-4.34351,55.85558]]},"properties":{"id":153,"type":"shared","opened":"2017-09-15","name":"Cardonald Park","scheme":null,"km":0.549}},{"type":"Feature","geometry":{"type":"MultiLineString","coordinates":[[[-4.34509,55.85391],[-4.34508,55.85395]],[[-4.34509,55.85391],[-4.34508,55.85384]],[[-4.34506,55.85383],[-4.34508,55.85384]],[[-4.34508,55.85403],[-4.34508,55.85395]],[[-4.34508,55.85403],[-4.34484,55.8541]],[[-4.34411,55.85205],[-4.34396,55.8526],[-4.34408,55.85289],[-4.34438,55.85336],[-4.34476,55.85349],[-4.34506,55.85383]],[[-4.34484,55.8541],[-4.34459,55.85416]],[[-4.34459,55.85416],[-4.3444,55.85417]],[[-4.3444,55.85417],[-4.34417,55.85419],[-4.3427,55.85478],[-4.34267,55.85533]]]},"properties":{"id":157,"type":"shared","opened":"2017-09-15","name":"Fulbar Path AKA Shieldburn Rd @Rigmuir Rd","scheme":null,"km":0.482}},{"type":"Feature","geometry":{"type":"LineString","coordinates":[[-4.24646,55.79699],[-4.24698,55.79727],[-4.24714,55.79747],[-4.24733,55.79827]]},"properties":{"id":161,"type":"mixed","opened":"2017-09-15","name":"Linndale Dr","scheme":null,"km":0.159}},{"type":"Feature","geometry":{"type":"LineString","coordinates":[[-4.23955,55.83885],[-4.2394,55.83878],[-4.23713,55.84033]]},"properties":{"id":162,"type":"shared","opened":"2017-09-15","name":"Old Polmadie Rd","scheme":null,"km":0.236}},{"type":"Feature","geometry":{"type":"LineString","coordinates":[[-4.21951,55.79439],[-4.21773,55.79517],[-4.21542,55.79595],[-4.21342,55.79698],[-4.21198,55.79759],[-4.21175,55.79779],[-4.21095,55.79809],[-4.21072,55.79809]]},"properties":{"id":163,"type":"shared","opened":"2017-09-15","name":"Cathkin Braes","scheme":null,"km":0.7}},{"type":"Feature","geometry":{"type":"LineString","coordinates":[[-4.23168,55.79177],[-4.23226,55.79195],[-4.23291,55.79227],[-4.23413,55.79306],[-4.23481,55.79324],[-4.23587,55.79334]]},"properties":{"id":164,"type":"mixed","opened":"2017-09-15","name":"Gallowhill Rd","scheme":null,"km":0.33}},{"type":"Feature","geometry":{"type":"LineString","coordinates":[[-4.23536,55.84174],[-4.23526,55.8419],[-4.2354,55.84211],[-4.23531,55.84306]]},"properties":{"id":165,"type":"shared","opened":"2017-09-15","name":"Polmadie Bridge","scheme":null,"km":0.151}},{"type":"Feature","geometry":{"type":"LineString","coordinates":[[-4.23991,55.83857],[-4.24137,55.83761],[-4.24164,55.83731]]},"properties":{"id":166,"type":"shared","opened":"2017-09-15","name":"Polmadie Rd","scheme":null,"km":0.179}},{"type":"Feature","geometry":{"type":"LineString","coordinates":[[-4.24614,55.819],[-4.24728,55.81907]]},"properties":{"id":167,"type":"shared","opened":"2017-09-15","name":"Menock Rd","scheme":null,"km":0.072}},{"type":"Feature","geometry":{"type":"LineString","coordinates":[[-4.2559,55.83376],[-4.24866,55.83239]]},"properties":{"id":168,"type":"mixed","opened":"2017-09-15","name":"Dixon Road","scheme":"Road closure eastbound","km":0.479}},{"type":"Feature","geometry":{"type":"LineString","coordinates":[[-4.23548,55.84638],[-4.23531,55.84306]]},"properties":{"id":169,"type":"shared","opened":"2017-09-15","name":"Glasgow Green","scheme":null,"km":0.37}},{"type":"Feature","geometry":{"type":"LineString","coordinates":[[-4.24733,55.79827],[-4.24728,55.79878],[-4.24606,55.80024],[-4.24556,55.80064],[-4.24569,55.80084]]},"properties":{"id":170,"type":"shared","opened":"2017-09-15","name":"Path between Carmunnock Rd & Linndale Dr","scheme":null,"km":0.318}},{"type":"Feature","geometry":{"type":"LineString","coordinates":[[-4.24451,55.80348],[-4.24364,55.80349],[-4.24368,55.80364],[-4.24009,55.80411]]},"properties":{"id":171,"type":"shared","opened":"2017-09-15","name":"Dougrie Rd","scheme":null,"km":0.304}},{"type":"Feature","geometry":{"type":"LineString","coordinates":[[-4.24462,55.80347],[-4.24344,55.80749],[-4.24346,55.80812],[-4.24382,55.8092]]},"properties":{"id":175,"type":"shared","opened":"2017-09-15","name":"Carmunnock Rd","scheme":null,"km":0.647}},{"type":"Feature","geometry":{"type":"LineString","coordinates":[[-4.2467,55.82634],[-4.24663,55.82705],[-4.24709,55.82827],[-4.24699,55.82838]]},"properties":{"id":176,"type":"shared","opened":"2017-09-15","name":"Aikenhead Rd @Toryglen Regional Football Centre","scheme":null,"km":0.233}},{"type":"Feature","geometry":{"type":"LineString","coordinates":[[-4.24687,55.82509],[-4.2467,55.82634]]},"properties":{"id":178,"type":"shared","opened":"2017-09-15","name":"Aikenhead Rd","scheme":null,"km":0.139}},{"type":"Feature","geometry":{"type":"LineString","coordinates":[[-4.24378,55.8121],[-4.24389,55.81232],[-4.24455,55.81244]]},"properties":{"id":179,"type":"shared","opened":"2017-09-15","name":"King's Park","scheme":null,"km":0.07}},{"type":"Feature","geometry":{"type":"LineString","coordinates":[[-4.2462,55.81889],[-4.24715,55.81687],[-4.24738,55.81659]]},"properties":{"id":180,"type":"mixed","opened":"2017-09-15","name":"Southwood Dr","scheme":null,"km":0.274}},{"type":"Feature","geometry":{"type":"LineString","coordinates":[[-4.24732,55.81896],[-4.2462,55.81889]]},"properties":{"id":181,"type":"shared","opened":"2017-09-15","name":"Menock Rd","scheme":null,"km":0.07}},{"type":"Feature","geometry":{"type":"LineString","coordinates":[[-4.24712,55.82006],[-4.24729,55.81907]]},"properties":{"id":182,"type":"shared","opened":"2017-09-15","name":"Footpath @Kings Park Station","scheme":null,"km":0.111}},{"type":"Feature","geometry":{"type":"LineString","coordinates":[[-4.2467,55.82632],[-4.24691,55.82633],[-4.24688,55.82702],[-4.24718,55.82716],[-4.24759,55.82782],[-4.24741,55.82807],[-4.24849,55.83067],[-4.24901,55.83556],[-4.24876,55.83569]]},"properties":{"id":183,"type":"shared","opened":"2017-09-15","name":"Aikenhead Rd","scheme":null,"km":1.091}},{"type":"Feature","geometry":{"type":"LineString","coordinates":[[-4.31784,55.82881],[-4.31775,55.82871],[-4.31786,55.82862]]},"properties":{"id":184,"type":"shared","opened":"2017-09-15","name":"Pollok Country Park","scheme":null,"km":0.026}},{"type":"Feature","geometry":{"type":"LineString","coordinates":[[-4.28161,55.87185],[-4.2809,55.87194]]},"properties":{"id":186,"type":"shared","opened":"2017-09-15","name":"Kelvingrove Park","scheme":null,"km":0.045}},{"type":"Feature","geometry":{"type":"LineString","coordinates":[[-4.28397,55.86998],[-4.28318,55.87084],[-4.28274,55.87114],[-4.28203,55.87151],[-4.28091,55.87194]]},"properties":{"id":188,"type":"shared","opened":"2017-09-15","name":"Kelvingrove Park","scheme":null,"km":0.297}},{"type":"Feature","geometry":{"type":"LineString","coordinates":[[-4.28386,55.86883],[-4.28407,55.86945],[-4.28397,55.86998],[-4.28406,55.87025],[-4.28396,55.87041],[-4.28403,55.87063],[-4.28367,55.87121],[-4.2829,55.87156],[-4.28161,55.87185]]},"properties":{"id":189,"type":"shared","opened":"2017-09-15","name":"NCN 756","scheme":"Kelvingrove Park","km":0.423}},{"type":"Feature","geometry":{"type":"LineString","coordinates":[[-4.28348,55.86695],[-4.28286,55.86767],[-4.28285,55.86789],[-4.2832,55.86837],[-4.28387,55.86883]]},"properties":{"id":192,"type":"shared","opened":"2017-09-15","name":"NCN 756","scheme":"Kelvingrove Park","km":0.239}},{"type":"Feature","geometry":{"type":"LineString","coordinates":[[-4.33752,55.87834],[-4.33811,55.87748],[-4.33528,55.87686],[-4.33448,55.87654],[-4.33394,55.87532],[-4.33299,55.87493],[-4.33303,55.87485],[-4.3338,55.87499]]},"properties":{"id":194,"type":"shared","opened":"2017-09-15","name":"Victoria Park","scheme":null,"km":0.63}},{"type":"Feature","geometry":{"type":"LineString","coordinates":[[-4.3324,55.87774],[-4.33322,55.87674],[-4.33286,55.87597],[-4.33319,55.87504]]},"properties":{"id":195,"type":"shared","opened":"2017-09-15","name":"Victoria Park","scheme":null,"km":0.318}},{"type":"Feature","geometry":{"type":"LineString","coordinates":[[-4.27951,55.87423],[-4.28069,55.87423],[-4.2809,55.87441]]},"properties":{"id":196,"type":"shared","opened":"2017-09-15","name":"Kelvinbridge Subway Station footpath","scheme":null,"km":0.098}},{"type":"Feature","geometry":{"type":"LineString","coordinates":[[-4.30242,55.89209],[-4.30234,55.89195],[-4.30084,55.89093],[-4.30041,55.89048],[-4.30186,55.8905]]},"properties":{"id":206,"type":"shared","opened":"2017-09-15","name":"Path from Aqueduct to Kelvindale Court","scheme":null,"km":0.312}},{"type":"Feature","geometry":{"type":"LineString","coordinates":[[-4.37556,55.89999],[-4.37044,55.89951],[-4.35994,55.89836],[-4.3588,55.89837],[-4.35792,55.89848],[-4.35503,55.89982],[-4.35483,55.90027],[-4.35504,55.90133],[-4.35461,55.90224],[-4.35303,55.90321],[-4.35221,55.90346],[-4.352,55.90343],[-4.35188,55.90368],[-4.35103,55.90407],[-4.35045,55.90448],[-4.34852,55.90528]]},"properties":{"id":207,"type":"shared","opened":"2017-09-15","name":"NCN 754","scheme":"Forth & Clyde Canal","km":2.163}},{"type":"Feature","geometry":{"type":"LineString","coordinates":[[-4.2888,55.8592],[-4.29056,55.85684],[-4.29024,55.85685],[-4.29024,55.85664]]},"properties":{"id":208,"type":"shared","opened":"2017-09-15","name":"NCN 7","scheme":"Bells Bridge","km":0.328}},{"type":"Feature","geometry":{"type":"LineString","coordinates":[[-4.32874,55.87302],[-4.32794,55.87283],[-4.32806,55.87227]]},"properties":{"id":212,"type":"mixed","opened":"2017-09-15","name":"Balshagray Cres","scheme":"Cycle Marking on Road","km":0.118}},{"type":"Feature","geometry":{"type":"LineString","coordinates":[[-4.25242,55.85339],[-4.25424,55.85379]]},"properties":{"id":213,"type":"shared","opened":"2017-09-15","name":"NCN 756","scheme":null,"km":0.123}},{"type":"Feature","geometry":{"type":"LineString","coordinates":[[-4.28126,55.8721],[-4.28104,55.87278]]},"properties":{"id":230,"type":"shared","opened":"2017-09-15","name":"NCN 756","scheme":"Kelvin Walkway","km":0.077}},{"type":"Feature","geometry":{"type":"LineString","coordinates":[[-4.23329,55.84289],[-4.2325,55.84313],[-4.2314,55.84325],[-4.2307,55.84374]]},"properties":{"id":231,"type":"shared","opened":"2017-09-15","name":"Glasgow Green","scheme":null,"km":0.201}},{"type":"Feature","geometry":{"type":"LineString","coordinates":[[-4.333,55.87493],[-4.3318,55.87488],[-4.33068,55.87449],[-4.33048,55.87451],[-4.33,55.87486],[-4.32924,55.87501],[-4.32953,55.87531],[-4.3298,55.87582],[-4.33017,55.87594],[-4.33079,55.876],[-4.33093,55.87621],[-4.33046,55.87703],[-4.3302,55.87717]]},"properties":{"id":232,"type":"shared","opened":"2017-09-15","name":"Victoria Park","scheme":null,"km":0.581}},{"type":"Feature","geometry":{"type":"LineString","coordinates":[[-4.27325,55.82875],[-4.27635,55.83032],[-4.27638,55.83058],[-4.2771,55.83061],[-4.27745,55.83081]]},"properties":{"id":238,"type":"shared","opened":"2017-09-15","name":"Queens Park","scheme":null,"km":0.368}},{"type":"Feature","geometry":{"type":"LineString","coordinates":[[-4.27331,55.82878],[-4.2733,55.82912],[-4.2741,55.83053],[-4.27441,55.83131],[-4.27474,55.83163]]},"properties":{"id":239,"type":"shared","opened":"2017-09-15","name":"Queens Park","scheme":null,"km":0.334}},{"type":"Feature","geometry":{"type":"LineString","coordinates":[[-4.24023,55.83918],[-4.24161,55.83981],[-4.24145,55.83988]]},"properties":{"id":240,"type":"shared","opened":"2017-09-15","name":"Kilbride St","scheme":null,"km":0.125}},{"type":"Feature","geometry":{"type":"LineString","coordinates":[[-4.23991,55.83858],[-4.23953,55.83886],[-4.24023,55.83918]]},"properties":{"id":241,"type":"shared","opened":"2017-09-15","name":"Kilbride St","scheme":null,"km":0.095}},{"type":"Feature","geometry":{"type":"LineString","coordinates":[[-4.24145,55.83988],[-4.24248,55.84036],[-4.23996,55.84208],[-4.23936,55.84183]]},"properties":{"id":243,"type":"mixed","opened":"2017-09-15","name":"Fauldhouse Way- Kilbride Terrace","scheme":null,"km":0.379}},{"type":"Feature","geometry":{"type":"LineString","coordinates":[[-4.28738,55.86781],[-4.28685,55.86795],[-4.28549,55.86854],[-4.2852,55.86912],[-4.28407,55.87025]]},"properties":{"id":245,"type":"shared","opened":"2017-09-15","name":"Kelvingrove Park","scheme":null,"km":0.357}},{"type":"Feature","geometry":{"type":"LineString","coordinates":[[-4.27262,55.83397],[-4.27094,55.83355],[-4.26895,55.83338],[-4.26595,55.83335]]},"properties":{"id":249,"type":"shared","opened":"2017-09-15","name":"Queens Park","scheme":null,"km":0.431}},{"type":"Feature","geometry":{"type":"LineString","coordinates":[[-4.27638,55.83058],[-4.27533,55.83116],[-4.27496,55.83156],[-4.27474,55.83163],[-4.27504,55.83196],[-4.2747,55.83228],[-4.2754,55.83252],[-4.27658,55.83233],[-4.27713,55.83246]]},"properties":{"id":250,"type":"shared","opened":"2017-09-15","name":"Queens Park","scheme":null,"km":0.411}},{"type":"Feature","geometry":{"type":"LineString","coordinates":[[-4.23813,55.8469],[-4.23774,55.84747],[-4.2377,55.84796],[-4.2379,55.84813],[-4.24091,55.84955]]},"properties":{"id":253,"type":"shared","opened":"2017-09-15","name":"Path @Adelphi St","scheme":null,"km":0.392}},{"type":"Feature","geometry":{"type":"LineString","coordinates":[[-4.24778,55.85209],[-4.25211,55.8533]]},"properties":{"id":254,"type":"shared","opened":"2017-09-15","name":"NCN 756","scheme":null,"km":0.304}},{"type":"Feature","geometry":{"type":"LineString","coordinates":[[-4.37529,55.83491],[-4.37495,55.835],[-4.37458,55.83543],[-4.37396,55.83591],[-4.37419,55.83676],[-4.37399,55.83714],[-4.37365,55.83749],[-4.37328,55.83767],[-4.37191,55.83809],[-4.37112,55.83826],[-4.37042,55.83832],[-4.36812,55.83837],[-4.36715,55.8382],[-4.3666,55.83799]]},"properties":{"id":255,"type":"shared","opened":"2017-09-15","name":"NCN 7","scheme":null,"km":0.806}},{"type":"Feature","geometry":{"type":"MultiLineString","coordinates":[[[-4.36663,55.838],[-4.3666,55.83799]],[[-4.3666,55.83799],[-4.36633,55.83759],[-4.36595,55.83751]],[[-4.3666,55.83799],[-4.36594,55.83753]],[[-4.36595,55.83751],[-4.36594,55.83753]],[[-4.36595,55.83751],[-4.36595,55.83751]],[[-4.36594,55.83753],[-4.36581,55.8374],[-4.36595,55.83751]],[[-4.36594,55.83753],[-4.36572,55.83816],[-4.36466,55.83805]],[[-4.36466,55.83805],[-4.36466,55.83805],[-4.36384,55.83789],[-4.36324,55.83794],[-4.36127,55.8385],[-4.36109,55.83882],[-4.35985,55.83939]]]},"properties":{"id":256,"type":"shared","opened":"2017-09-15","name":"NCN 7","scheme":null,"km":0.693}},{"type":"Feature","geometry":{"type":"LineString","coordinates":[[-4.37921,55.91217],[-4.37827,55.91206],[-4.37738,55.9116]]},"properties":{"id":257,"type":"shared","opened":"2017-09-15","name":"Inchfad Dr Path","scheme":null,"km":0.136}},{"type":"Feature","geometry":{"type":"MultiLineString","coordinates":[[[-4.38194,55.91147],[-4.38193,55.91172],[-4.38156,55.91193],[-4.38155,55.91207]],[[-4.38192,55.91112],[-4.38194,55.91147]]]},"properties":{"id":258,"type":"shared","opened":"2017-09-15","name":"Path from Kendoon Av to Inchfad Dr","scheme":null,"km":0.116}},{"type":"Feature","geometry":{"type":"LineString","coordinates":[[-4.37551,55.91708],[-4.37495,55.91697],[-4.37361,55.91695],[-4.37164,55.91719],[-4.37075,55.91737],[-4.36967,55.91732],[-4.36958,55.917]]},"properties":{"id":259,"type":"shared","opened":"2017-09-15","name":"Path from Lochgoin Av to Kinfauns Dr","scheme":null,"km":0.413}},{"type":"Feature","geometry":{"type":"LineString","coordinates":[[-4.35272,55.90384],[-4.35255,55.90381],[-4.3527,55.90361],[-4.35252,55.90367],[-4.35213,55.90349],[-4.35182,55.9035],[-4.35167,55.90342]]},"properties":{"id":260,"type":"shared","opened":"2017-09-15","name":"Path from Gorget Av to Blairdardie Dr","scheme":null,"km":0.118}},{"type":"Feature","geometry":{"type":"LineString","coordinates":[[-4.34937,55.89602],[-4.34911,55.89631]]},"properties":{"id":261,"type":"shared","opened":"2017-09-15","name":"Knightswood Park","scheme":null,"km":0.036}},{"type":"Feature","geometry":{"type":"LineString","coordinates":[[-4.28662,55.89264],[-4.28612,55.89282],[-4.28382,55.89333],[-4.28197,55.89348],[-4.27898,55.89323],[-4.27703,55.89276],[-4.27579,55.89284],[-4.27486,55.8928],[-4.27402,55.89292],[-4.27215,55.89388],[-4.27075,55.89421],[-4.2703,55.89437],[-4.26996,55.89459],[-4.26981,55.89515],[-4.27037,55.89609],[-4.27016,55.89646],[-4.26984,55.89665],[-4.26916,55.8969],[-4.26868,55.89696],[-4.26651,55.89696],[-4.26526,55.8971],[-4.26424,55.89746],[-4.26355,55.89801],[-4.2635,55.89913],[-4.26232,55.89983],[-4.26189,55.90018],[-4.2615,55.9007],[-4.26129,55.90135],[-4.26146,55.90323],[-4.26123,55.90397],[-4.25494,55.90896],[-4.25281,55.91031],[-4.25124,55.91114]]},"properties":{"id":265,"type":"shared","opened":"2017-09-15","name":"NCN 754","scheme":"Forth & Clyde Canal","km":3.57}},{"type":"Feature","geometry":{"type":"LineString","coordinates":[[-4.3425,55.877],[-4.34234,55.87723],[-4.34258,55.87736],[-4.34136,55.87811],[-4.34006,55.87847],[-4.33918,55.87892],[-4.3389,55.87916],[-4.33852,55.87926],[-4.33793,55.87988],[-4.3378,55.88017]]},"properties":{"id":266,"type":"shared","opened":"2017-09-15","name":"Jordanhill Nature Trail","scheme":null,"km":0.497}},{"type":"Feature","geometry":{"type":"LineString","coordinates":[[-4.26439,55.85457],[-4.26458,55.85445],[-4.26489,55.85439],[-4.2681,55.85418],[-4.26966,55.85421]]},"properties":{"id":267,"type":"segregated","opened":"2017-09-15","name":"Paisley Rd @Squiggly Bridge","scheme":null,"km":0.339}},{"type":"Feature","geometry":{"type":"LineString","coordinates":[[-4.34272,55.87583],[-4.34231,55.87651],[-4.34249,55.87673],[-4.3425,55.877]]},"properties":{"id":268,"type":"shared","opened":"2017-09-15","name":"Path from Dumbarton Rd toward Jordanhill Nature Trail","scheme":null,"km":0.137}},{"type":"Feature","geometry":{"type":"LineString","coordinates":[[-4.33218,55.88317],[-4.33432,55.88296]]},"properties":{"id":271,"type":"lane","opened":"2017-09-15","name":"Southbrae Dr","scheme":null,"km":0.136}},{"type":"Feature","geometry":{"type":"LineString","coordinates":[[-4.26396,55.8554],[-4.2635,55.8554],[-4.26011,55.85498]]},"properties":{"id":272,"type":"segregated","opened":"2017-09-15","name":"NCN 756","scheme":null,"km":0.246}},{"type":"Feature","geometry":{"type":"LineString","coordinates":[[-4.35016,55.90113],[-4.34926,55.90149],[-4.3471,55.90093],[-4.34529,55.90069]]},"properties":{"id":273,"type":"shared","opened":"2017-09-15","name":"Trinley Brae","scheme":null,"km":0.335}},{"type":"Feature","geometry":{"type":"LineString","coordinates":[[-4.32634,55.87668],[-4.32623,55.87627],[-4.32631,55.87587]]},"properties":{"id":278,"type":"mixed","opened":"2017-09-15","name":"Balshagray Ln","scheme":null,"km":0.091}},{"type":"Feature","geometry":{"type":"LineString","coordinates":[[-4.34911,55.90289],[-4.34933,55.90259],[-4.34983,55.9013]]},"properties":{"id":279,"type":"shared","opened":"2017-09-15","name":"Trinley Brae","scheme":null,"km":0.184}},{"type":"Feature","geometry":{"type":"LineString","coordinates":[[-4.34615,55.80729],[-4.34611,55.80739],[-4.34643,55.80752],[-4.34652,55.80778],[-4.34632,55.80805],[-4.34534,55.8088],[-4.34521,55.80909],[-4.34425,55.80991],[-4.34393,55.81005]]},"properties":{"id":284,"type":"shared","opened":"2017-09-15","name":"Brock Burn","scheme":null,"km":0.37}},{"type":"Feature","geometry":{"type":"LineString","coordinates":[[-4.33432,55.88296],[-4.33811,55.88262],[-4.33971,55.88268],[-4.34094,55.88283],[-4.34762,55.88433],[-4.34835,55.88474],[-4.34872,55.88543]]},"properties":{"id":287,"type":"lane","opened":"2017-09-15","name":"Southbrae Dr","scheme":null,"km":1.015}},{"type":"Feature","geometry":{"type":"LineString","coordinates":[[-4.25415,55.8552],[-4.25401,55.85538],[-4.25483,55.85559],[-4.25503,55.85557],[-4.25617,55.85592]]},"properties":{"id":306,"type":"shared","opened":"2017-09-15","name":"Path @Clyde St @Suspension Bridge","scheme":null,"km":0.172}},{"type":"Feature","geometry":{"type":"LineString","coordinates":[[-4.23217,55.79859],[-4.2297,55.79918],[-4.22854,55.79954],[-4.22493,55.80111],[-4.22367,55.80151],[-4.22267,55.80173],[-4.2214,55.80189],[-4.21594,55.80229],[-4.21501,55.80252],[-4.2145,55.80281]]},"properties":{"id":321,"type":"mixed","opened":"2017-09-15","name":"Ardencraig Rd","scheme":null,"km":1.231}},{"type":"Feature","geometry":{"type":"LineString","coordinates":[[-4.24646,55.79697],[-4.24563,55.79753],[-4.24519,55.79773],[-4.24438,55.79795],[-4.243,55.7981],[-4.23979,55.79812]]},"properties":{"id":324,"type":"shared","opened":"2017-09-15","name":"Ardencraig Rd","scheme":null,"km":0.462}},{"type":"Feature","geometry":{"type":"LineString","coordinates":[[-4.23751,55.84104],[-4.23695,55.84113],[-4.23594,55.84104],[-4.23559,55.84133],[-4.23537,55.84173]]},"properties":{"id":333,"type":"mixed","opened":"2017-09-15","name":"Richmond Park Gardens","scheme":null,"km":0.189}},{"type":"Feature","geometry":{"type":"LineString","coordinates":[[-4.24162,55.83706],[-4.23968,55.83837],[-4.2394,55.83842],[-4.23877,55.83823],[-4.23723,55.83797],[-4.23588,55.83794]]},"properties":{"id":334,"type":"shared","opened":"2017-09-15","name":"Polmadie Rd - The Clyde Gateway","scheme":null,"km":0.439}},{"type":"Feature","geometry":{"type":"LineString","coordinates":[[-4.24738,55.81659],[-4.24648,55.81617],[-4.24567,55.81596],[-4.24567,55.8154],[-4.24543,55.81523],[-4.24534,55.81477],[-4.24499,55.81453],[-4.2452,55.8141],[-4.24483,55.81341],[-4.24474,55.8126],[-4.24455,55.81244]]},"properties":{"id":335,"type":"shared","opened":"2017-09-15","name":"King's Park","scheme":null,"km":0.548}},{"type":"Feature","geometry":{"type":"LineString","coordinates":[[-4.24875,55.83568],[-4.24478,55.83512],[-4.24165,55.83732]]},"properties":{"id":336,"type":"shared","opened":"2017-09-15","name":"Calder St - Polmadie Rd","scheme":null,"km":0.57}},{"type":"Feature","geometry":{"type":"LineString","coordinates":[[-4.28846,55.84567],[-4.29137,55.84622]]},"properties":{"id":337,"type":"lane","opened":"2017-09-15","name":"Maxwell Dr","scheme":null,"km":0.192}},{"type":"Feature","geometry":{"type":"LineString","coordinates":[[-4.2722,55.86696],[-4.2706,55.86712],[-4.27016,55.86698],[-4.27078,55.86699]]},"properties":{"id":338,"type":"shared","opened":"2017-09-15","name":"Foot bridge over M8 @Charing Cross","scheme":null,"km":0.176}},{"type":"Feature","geometry":{"type":"LineString","coordinates":[[-4.29331,55.86943],[-4.29376,55.87019]]},"properties":{"id":339,"type":"shared","opened":"2017-09-15","name":"Kelvingrove Park","scheme":null,"km":0.089}},{"type":"Feature","geometry":{"type":"LineString","coordinates":[[-4.30902,55.84145],[-4.30859,55.84156],[-4.30563,55.84292],[-4.30366,55.84388],[-4.30282,55.8444]]},"properties":{"id":341,"type":"mixed","opened":"2017-09-15","name":"Fleurs Ave","scheme":null,"km":0.511}},{"type":"Feature","geometry":{"type":"LineString","coordinates":[[-4.25467,55.80735],[-4.25624,55.80733],[-4.25792,55.80759],[-4.25921,55.80745],[-4.25952,55.80735],[-4.25985,55.80712],[-4.25998,55.80567],[-4.26081,55.80548],[-4.26134,55.80546],[-4.26183,55.80555],[-4.26246,55.80583],[-4.26327,55.80607]]},"properties":{"id":342,"type":"shared","opened":"2017-09-15","name":"Linn Park","scheme":null,"km":0.738}},{"type":"Feature","geometry":{"type":"LineString","coordinates":[[-4.29981,55.82498],[-4.30024,55.82512],[-4.30033,55.82522],[-4.3005,55.82613],[-4.30068,55.82639],[-4.30143,55.82688]]},"properties":{"id":343,"type":"mixed","opened":"2017-09-15","name":"Pollok Ave","scheme":"Pollok Country Park","km":0.252}},{"type":"Feature","geometry":{"type":"LineString","coordinates":[[-4.30146,55.8924],[-4.30078,55.89186]]},"properties":{"id":344,"type":"shared","opened":"2017-09-15","name":"Link- Kelvin Aqueduct","scheme":null,"km":0.074}},{"type":"Feature","geometry":{"type":"LineString","coordinates":[[-4.30077,55.89186],[-4.30001,55.89134],[-4.2988,55.89016],[-4.29806,55.88962],[-4.29752,55.88826],[-4.29725,55.88805],[-4.29757,55.88751],[-4.29735,55.88716],[-4.29564,55.88623],[-4.29372,55.88581],[-4.2932,55.88551],[-4.29283,55.8854],[-4.29195,55.88538],[-4.29133,55.88527],[-4.28984,55.88438],[-4.28974,55.88402],[-4.28892,55.88375],[-4.28937,55.88304],[-4.28976,55.88297],[-4.2903,55.88263],[-4.29153,55.88225],[-4.29212,55.88182]]},"properties":{"id":345,"type":"shared","opened":"2017-09-15","name":"NCN 756","scheme":"Kelvin Walkway","km":1.593}},{"type":"Feature","geometry":{"type":"LineString","coordinates":[[-4.31977,55.82853],[-4.31909,55.82833]]},"properties":{"id":346,"type":"shared","opened":"2017-09-15","name":"Pollok Country Park","scheme":null,"km":0.049}},{"type":"Feature","geometry":{"type":"LineString","coordinates":[[-4.34245,55.87569],[-4.3436,55.87479]]},"properties":{"id":347,"type":"shared","opened":"2017-09-15","name":"Primrose St","scheme":null,"km":0.124}},{"type":"Feature","geometry":{"type":"LineString","coordinates":[[-4.16768,55.88142],[-4.1673,55.88139],[-4.1671,55.88121]]},"properties":{"id":348,"type":"shared","opened":"2017-09-15","name":"Hogganfield Loch AKA Molendinar Burn","scheme":null,"km":0.049}},{"type":"Feature","geometry":{"type":"LineString","coordinates":[[-4.3173,55.84855],[-4.31726,55.84751],[-4.31708,55.84704],[-4.31553,55.84586],[-4.31525,55.84547],[-4.31551,55.8451],[-4.31633,55.8446],[-4.31847,55.84403]]},"properties":{"id":352,"type":"shared","opened":"2017-09-15","name":"Bellahouston Park","scheme":null,"km":0.65}},{"type":"Feature","geometry":{"type":"LineString","coordinates":[[-4.31212,55.84884],[-4.31458,55.84767]]},"properties":{"id":354,"type":"shared","opened":"2017-09-15","name":"Bellahouston Park","scheme":null,"km":0.203}},{"type":"Feature","geometry":{"type":"LineString","coordinates":[[-4.17762,55.87899],[-4.17749,55.87836]]},"properties":{"id":355,"type":"shared","opened":"2017-09-15","name":"Hogganfield Loch AKA Molendinar Burn","scheme":null,"km":0.071}},{"type":"Feature","geometry":{"type":"LineString","coordinates":[[-4.31609,55.84431],[-4.31748,55.84461],[-4.32097,55.84572],[-4.32129,55.84594],[-4.32113,55.84607],[-4.32082,55.84612],[-4.31938,55.84593],[-4.31714,55.84617],[-4.31623,55.84617],[-4.31581,55.84647],[-4.31531,55.84719]]},"properties":{"id":356,"type":"shared","opened":"2017-09-15","name":"Bellahouston Park","scheme":null,"km":0.841}},{"type":"Feature","geometry":{"type":"LineString","coordinates":[[-4.32342,55.847],[-4.3229,55.84673],[-4.32267,55.84635]]},"properties":{"id":357,"type":"shared","opened":"2017-09-15","name":"Bellahouston Park","scheme":null,"km":0.089}},{"type":"Feature","geometry":{"type":"LineString","coordinates":[[-4.31437,55.84911],[-4.31359,55.84909],[-4.3103,55.84868],[-4.31002,55.84848],[-4.30971,55.84799]]},"properties":{"id":358,"type":"shared","opened":"2017-09-15","name":"Bellahouston Park","scheme":null,"km":0.348}},{"type":"Feature","geometry":{"type":"LineString","coordinates":[[-4.2353,55.84307],[-4.23698,55.84294],[-4.2384,55.84312],[-4.23916,55.84334],[-4.23975,55.84394],[-4.2397,55.8444],[-4.23911,55.84497],[-4.23703,55.84647],[-4.23626,55.84718],[-4.23601,55.84758],[-4.23635,55.84834],[-4.23773,55.84912],[-4.24114,55.85062],[-4.24316,55.8516],[-4.24471,55.85244],[-4.24491,55.85263]]},"properties":{"id":359,"type":"shared","opened":"2017-09-15","name":"NCN 75","scheme":null,"km":1.615}},{"type":"Feature","geometry":{"type":"LineString","coordinates":[[-4.18373,55.84606],[-4.18309,55.84635],[-4.18202,55.84651],[-4.18142,55.84653],[-4.1814,55.84658]]},"properties":{"id":366,"type":"shared","opened":"2017-09-15","name":"Tollcross Park","scheme":null,"km":0.166}},{"type":"Feature","geometry":{"type":"LineString","coordinates":[[-4.33035,55.87709],[-4.33099,55.87736],[-4.33239,55.87771],[-4.33236,55.87779]]},"properties":{"id":367,"type":"shared","opened":"2017-09-15","name":"Victoria Park","scheme":null,"km":0.156}},{"type":"Feature","geometry":{"type":"LineString","coordinates":[[-4.33212,55.87605],[-4.33149,55.87575],[-4.33098,55.8753],[-4.32996,55.87487]]},"properties":{"id":368,"type":"shared","opened":"2017-09-15","name":"Victoria Park","scheme":null,"km":0.193}},{"type":"Feature","geometry":{"type":"LineString","coordinates":[[-4.33474,55.87667],[-4.33344,55.87646],[-4.33212,55.87605],[-4.33083,55.87604]]},"properties":{"id":369,"type":"shared","opened":"2017-09-15","name":"Victoria Park","scheme":null,"km":0.26}},{"type":"Feature","geometry":{"type":"LineString","coordinates":[[-4.31437,55.83176],[-4.31417,55.83163],[-4.31268,55.83133],[-4.31201,55.83107],[-4.31088,55.8309],[-4.30957,55.83027]]},"properties":{"id":370,"type":"shared","opened":"2017-09-15","name":"Pollok Country Park","scheme":null,"km":0.351}},{"type":"Feature","geometry":{"type":"LineString","coordinates":[[-4.23281,55.8738],[-4.23266,55.87395],[-4.23235,55.87493],[-4.23219,55.87499],[-4.2321,55.87521],[-4.23219,55.8753],[-4.23173,55.87668],[-4.2319,55.87717],[-4.23182,55.87738],[-4.23199,55.87746],[-4.23328,55.87945],[-4.23353,55.88],[-4.23335,55.88007]]},"properties":{"id":371,"type":"shared","opened":"2017-09-15","name":"Springburn Rd (up to Atlas Rd)","scheme":null,"km":0.748}},{"type":"Feature","geometry":{"type":"LineString","coordinates":[[-4.2669,55.84101],[-4.26905,55.84142]]},"properties":{"id":374,"type":"lane","opened":"2017-09-15","name":"Albert Drive","scheme":"Signage","km":0.143}},{"type":"Feature","geometry":{"type":"LineString","coordinates":[[-4.32243,55.84685],[-4.32336,55.847]]},"properties":{"id":375,"type":"shared","opened":"2017-09-15","name":"Bellahouston Park","scheme":null,"km":0.061}},{"type":"Feature","geometry":{"type":"LineString","coordinates":[[-4.17293,55.8814],[-4.17234,55.88163],[-4.17157,55.88171],[-4.17086,55.88163],[-4.16977,55.88135],[-4.16887,55.88121],[-4.16833,55.88125],[-4.16765,55.88143]]},"properties":{"id":376,"type":"shared","opened":"2017-09-15","name":"Hogganfield Loch AKA Molendinar Burn","scheme":null,"km":0.356}},{"type":"Feature","geometry":{"type":"LineString","coordinates":[[-4.32336,55.847],[-4.32477,55.84722],[-4.32535,55.84744]]},"properties":{"id":377,"type":"shared","opened":"2017-09-15","name":"Bellahouston Park","scheme":null,"km":0.137}},{"type":"Feature","geometry":{"type":"LineString","coordinates":[[-4.32268,55.84634],[-4.32243,55.84685],[-4.31882,55.84728],[-4.31875,55.84715],[-4.31847,55.84707],[-4.31682,55.84728],[-4.3153,55.84719],[-4.31486,55.84757],[-4.31459,55.84767],[-4.31352,55.84747],[-4.31307,55.84749],[-4.31233,55.84765],[-4.31057,55.84678],[-4.31045,55.84678]]},"properties":{"id":378,"type":"shared","opened":"2017-09-15","name":"Bellahouston Park","scheme":null,"km":0.903}},{"type":"Feature","geometry":{"type":"LineString","coordinates":[[-4.16765,55.88143],[-4.165,55.88252],[-4.16451,55.88297],[-4.16441,55.88336]]},"properties":{"id":379,"type":"shared","opened":"2017-09-15","name":"Hogganfield Loch AKA Molendinar Burn","scheme":null,"km":0.309}},{"type":"Feature","geometry":{"type":"LineString","coordinates":[[-4.16687,55.88174],[-4.1671,55.88121]]},"properties":{"id":380,"type":"shared","opened":"2017-09-15","name":"Hogganfield Loch AKA Molendinar Burn","scheme":null,"km":0.061}},{"type":"Feature","geometry":{"type":"LineString","coordinates":[[-4.1671,55.88121],[-4.16669,55.88043],[-4.16668,55.88016],[-4.16763,55.87838],[-4.16823,55.87801],[-4.17004,55.87748],[-4.17053,55.87688],[-4.17011,55.87521],[-4.16978,55.87483],[-4.16949,55.87414],[-4.16874,55.87347],[-4.16779,55.87315],[-4.16701,55.8728],[-4.16666,55.87242]]},"properties":{"id":381,"type":"shared","opened":"2017-09-15","name":"Hogganfield Loch AKA Molendinar Burn","scheme":null,"km":1.17}},{"type":"Feature","geometry":{"type":"LineString","coordinates":[[-4.26098,55.8385],[-4.25853,55.8382],[-4.25826,55.8388],[-4.25703,55.83862]]},"properties":{"id":383,"type":"mixed","opened":"2017-09-15","name":"Govanhill St-Inglefield St","scheme":null,"km":0.305}},{"type":"Feature","geometry":{"type":"LineString","coordinates":[[-4.26339,55.83424],[-4.26297,55.83506],[-4.2614,55.8374],[-4.26085,55.83888]]},"properties":{"id":384,"type":"mixed","opened":"2017-09-15","name":"Langside Rd","scheme":null,"km":0.542}},{"type":"Feature","geometry":{"type":"LineString","coordinates":[[-4.30938,55.84794],[-4.30773,55.84832],[-4.30643,55.84844],[-4.30545,55.84844]]},"properties":{"id":385,"type":"mixed","opened":"2017-09-15","name":"Urrdale Rd","scheme":null,"km":0.256}},{"type":"Feature","geometry":{"type":"LineString","coordinates":[[-4.29657,55.86807],[-4.29553,55.86889],[-4.29486,55.86918],[-4.29394,55.86939]]},"properties":{"id":386,"type":"segregated","opened":"2017-09-15","name":"Bunhouse Rd","scheme":"Signage","km":0.227}},{"type":"Feature","geometry":{"type":"LineString","coordinates":[[-4.24424,55.8509],[-4.24493,55.8511],[-4.24494,55.85117],[-4.24583,55.85155],[-4.24778,55.85209]]},"properties":{"id":388,"type":"shared","opened":"2017-09-15","name":"Path from Crown St to Adelphi St","scheme":null,"km":0.266}},{"type":"Feature","geometry":{"type":"LineString","coordinates":[[-4.25211,55.8533],[-4.25242,55.85339]]},"properties":{"id":390,"type":"shared","opened":"2017-09-15","name":"NCN 756","scheme":null,"km":0.022}},{"type":"Feature","geometry":{"type":"LineString","coordinates":[[-4.26064,55.90217],[-4.26071,55.90042],[-4.26145,55.90008],[-4.26195,55.89968],[-4.26277,55.8992],[-4.26305,55.89878],[-4.26304,55.89803],[-4.26315,55.89781],[-4.26411,55.89713],[-4.2648,55.89693],[-4.26575,55.89678]]},"properties":{"id":391,"type":"shared","opened":"2017-09-15","name":"Path from Balmore Rd","scheme":null,"km":0.75}},{"type":"Feature","geometry":{"type":"LineString","coordinates":[[-4.25783,55.85466],[-4.258,55.85473],[-4.25959,55.85492]]},"properties":{"id":392,"type":"segregated","opened":"2017-09-15","name":"NCN 756","scheme":null,"km":0.116}},{"type":"Feature","geometry":{"type":"LineString","coordinates":[[-4.25991,55.80623],[-4.26184,55.80644]]},"properties":{"id":395,"type":"shared","opened":"2017-09-15","name":"Linn Park","scheme":null,"km":0.123}},{"type":"Feature","geometry":{"type":"LineString","coordinates":[[-4.26,55.80566],[-4.26001,55.80548],[-4.26041,55.80487],[-4.26088,55.80466],[-4.26141,55.80459],[-4.26175,55.80474],[-4.26336,55.80491],[-4.26464,55.80523],[-4.26563,55.80539],[-4.26572,55.80572],[-4.26538,55.80621],[-4.26548,55.80629],[-4.26572,55.8063]]},"properties":{"id":396,"type":"shared","opened":"2017-09-15","name":"Linn Park","scheme":null,"km":0.571}},{"type":"Feature","geometry":{"type":"LineString","coordinates":[[-4.23742,55.84924],[-4.23516,55.85058]]},"properties":{"id":397,"type":"shared","opened":"2017-09-15","name":"Glasgow Green","scheme":null,"km":0.205}},{"type":"Feature","geometry":{"type":"LineString","coordinates":[[-4.26911,55.8037],[-4.26807,55.80369],[-4.26731,55.80391],[-4.26682,55.80424],[-4.26653,55.8046],[-4.26633,55.80562],[-4.26585,55.80575],[-4.26572,55.8057]]},"properties":{"id":398,"type":"shared","opened":"2017-09-15","name":"Linn Park","scheme":null,"km":0.372}},{"type":"Feature","geometry":{"type":"LineString","coordinates":[[-4.26242,55.80481],[-4.26182,55.80498],[-4.26165,55.80532],[-4.26181,55.80555]]},"properties":{"id":399,"type":"shared","opened":"2017-09-15","name":"Linn Park","scheme":null,"km":0.109}},{"type":"Feature","geometry":{"type":"LineString","coordinates":[[-4.24201,55.85107],[-4.2411,55.85303]]},"properties":{"id":400,"type":"shared","opened":"2017-09-15","name":"Glasgow Green","scheme":null,"km":0.225}},{"type":"Feature","geometry":{"type":"LineString","coordinates":[[-4.22647,55.8922],[-4.22588,55.89211],[-4.22287,55.89216],[-4.22169,55.89203],[-4.22123,55.89177],[-4.22109,55.89137],[-4.22069,55.89083],[-4.22059,55.89028]]},"properties":{"id":402,"type":"shared","opened":"2017-09-15","name":"Springburn Park","scheme":null,"km":0.517}},{"type":"Feature","geometry":{"type":"LineString","coordinates":[[-4.31902,55.8988],[-4.31806,55.8984],[-4.31577,55.89643],[-4.31443,55.89561],[-4.31085,55.89449]]},"properties":{"id":403,"type":"shared","opened":"2017-09-15","name":"Dawsholm Park","scheme":null,"km":0.717}},{"type":"Feature","geometry":{"type":"LineString","coordinates":[[-4.22856,55.88972],[-4.22853,55.88905],[-4.2284,55.88877],[-4.22776,55.88828],[-4.22717,55.88802],[-4.22646,55.88783],[-4.22511,55.8878],[-4.22466,55.88788],[-4.22446,55.88802],[-4.22438,55.88822],[-4.22442,55.8888],[-4.22481,55.88956],[-4.22491,55.89077]]},"properties":{"id":404,"type":"shared","opened":"2017-09-15","name":"Springburn Park","scheme":null,"km":0.716}},{"type":"Feature","geometry":{"type":"LineString","coordinates":[[-4.22462,55.88791],[-4.22243,55.88776],[-4.2212,55.88786],[-4.21971,55.88786],[-4.21905,55.88796],[-4.21887,55.88806],[-4.21878,55.8883],[-4.21875,55.88984]]},"properties":{"id":405,"type":"shared","opened":"2017-09-15","name":"Springburn Park","scheme":null,"km":0.57}},{"type":"Feature","geometry":{"type":"LineString","coordinates":[[-4.26154,55.80745],[-4.26214,55.80666],[-4.26183,55.80644],[-4.26202,55.80638],[-4.2622,55.80649],[-4.26246,55.80649],[-4.26322,55.80617],[-4.26328,55.80607]]},"properties":{"id":407,"type":"shared","opened":"2017-09-15","name":"Linn Park","scheme":null,"km":0.248}},{"type":"Feature","geometry":{"type":"LineString","coordinates":[[-4.31033,55.89589],[-4.31092,55.89621],[-4.31117,55.89652],[-4.31121,55.89677],[-4.31094,55.89764],[-4.31277,55.89786],[-4.31396,55.8979]]},"properties":{"id":408,"type":"shared","opened":"2017-09-15","name":"Dawsholm Park","scheme":null,"km":0.408}},{"type":"Feature","geometry":{"type":"LineString","coordinates":[[-4.35363,55.89557],[-4.35333,55.89565],[-4.35314,55.89583],[-4.35113,55.89567],[-4.35044,55.89572],[-4.34947,55.89602],[-4.34852,55.89601]]},"properties":{"id":409,"type":"shared","opened":"2017-09-15","name":"Knightswood Park","scheme":null,"km":0.344}},{"type":"Feature","geometry":{"type":"LineString","coordinates":[[-4.35387,55.89751],[-4.35324,55.89728],[-4.35343,55.89685],[-4.35312,55.89583]]},"properties":{"id":410,"type":"shared","opened":"2017-09-15","name":"Knightswood Park","scheme":null,"km":0.213}},{"type":"Feature","geometry":{"type":"LineString","coordinates":[[-4.35338,55.89564],[-4.35206,55.89519],[-4.35119,55.89508],[-4.35086,55.89488],[-4.35053,55.89482],[-4.35045,55.89466]]},"properties":{"id":411,"type":"shared","opened":"2017-09-15","name":"Knightswood Park","scheme":null,"km":0.225}},{"type":"Feature","geometry":{"type":"LineString","coordinates":[[-4.35053,55.89482],[-4.35021,55.89494],[-4.34999,55.89522],[-4.34969,55.89529],[-4.34868,55.89601]]},"properties":{"id":412,"type":"shared","opened":"2017-09-15","name":"Knightswood Park","scheme":null,"km":0.182}},{"type":"Feature","geometry":{"type":"LineString","coordinates":[[-4.1783,55.84941],[-4.17856,55.84947],[-4.17873,55.84961],[-4.17855,55.85031],[-4.17895,55.85046],[-4.17907,55.85096],[-4.17987,55.85136],[-4.18217,55.85154]]},"properties":{"id":413,"type":"shared","opened":"2017-09-15","name":"Tollcross Park","scheme":null,"km":0.416}},{"type":"Feature","geometry":{"type":"LineString","coordinates":[[-4.20885,55.86665],[-4.20837,55.8667],[-4.20713,55.86644],[-4.20473,55.86659],[-4.20361,55.86647],[-4.20273,55.86619],[-4.20204,55.8658],[-4.20182,55.86557],[-4.20182,55.8651],[-4.20208,55.86473],[-4.20325,55.86442],[-4.20436,55.86426],[-4.20543,55.86425],[-4.20644,55.86437],[-4.20721,55.86459],[-4.20825,55.86505],[-4.20873,55.86507],[-4.20893,55.86495],[-4.20922,55.86448],[-4.20954,55.86311]]},"properties":{"id":414,"type":"shared","opened":"2017-09-15","name":"Alexandra Park","scheme":null,"km":1.269}},{"type":"Feature","geometry":{"type":"LineString","coordinates":[[-4.20975,55.86314],[-4.20933,55.86464],[-4.20884,55.86528],[-4.20929,55.86598],[-4.20916,55.86642],[-4.20885,55.8667],[-4.20921,55.8671],[-4.20983,55.86698]]},"properties":{"id":415,"type":"shared","opened":"2017-09-15","name":"Alexandra Park","scheme":null,"km":0.51}},{"type":"Feature","geometry":{"type":"LineString","coordinates":[[-4.20932,55.86408],[-4.20438,55.8637],[-4.20328,55.86389],[-4.20217,55.8647]]},"properties":{"id":416,"type":"shared","opened":"2017-09-15","name":"Alexandra Park","scheme":null,"km":0.5}},{"type":"Feature","geometry":{"type":"LineString","coordinates":[[-4.19843,55.86352],[-4.1988,55.8639],[-4.19919,55.86388],[-4.19896,55.86568],[-4.19907,55.8663]]},"properties":{"id":417,"type":"shared","opened":"2017-09-15","name":"Alexandra Park","scheme":null,"km":0.344}},{"type":"Feature","geometry":{"type":"LineString","coordinates":[[-4.18228,55.85156],[-4.18203,55.85138],[-4.18206,55.85093],[-4.1815,55.85004],[-4.182,55.84835],[-4.17927,55.84796]]},"properties":{"id":418,"type":"shared","opened":"2017-09-15","name":"Tollcross Park","scheme":null,"km":0.55}},{"type":"Feature","geometry":{"type":"LineString","coordinates":[[-4.18141,55.84487],[-4.18033,55.8457],[-4.17906,55.84843],[-4.17842,55.84913],[-4.17823,55.84964]]},"properties":{"id":419,"type":"shared","opened":"2017-09-15","name":"Tollcross Park","scheme":null,"km":0.578}},{"type":"Feature","geometry":{"type":"LineString","coordinates":[[-4.17905,55.85094],[-4.17842,55.85066],[-4.17803,55.8506]]},"properties":{"id":425,"type":"shared","opened":"2017-09-15","name":"Tollcross Park","scheme":null,"km":0.076}},{"type":"Feature","geometry":{"type":"LineString","coordinates":[[-4.1784,55.84943],[-4.18144,55.84865],[-4.182,55.84835],[-4.18453,55.84867],[-4.18504,55.84891]]},"properties":{"id":426,"type":"shared","opened":"2017-09-15","name":"Tollcross Park","scheme":null,"km":0.465}},{"type":"Feature","geometry":{"type":"LineString","coordinates":[[-4.18451,55.84867],[-4.18497,55.84852],[-4.18542,55.84731],[-4.18567,55.84731],[-4.18577,55.8472]]},"properties":{"id":427,"type":"shared","opened":"2017-09-15","name":"Tollcross Park","scheme":null,"km":0.201}},{"type":"Feature","geometry":{"type":"LineString","coordinates":[[-4.1814,55.84657],[-4.18102,55.8482]]},"properties":{"id":428,"type":"shared","opened":"2017-09-15","name":"Tollcross Park","scheme":null,"km":0.182}},{"type":"Feature","geometry":{"type":"LineString","coordinates":[[-4.18542,55.84733],[-4.18503,55.84713],[-4.18133,55.84655],[-4.17692,55.84662],[-4.17574,55.84657]]},"properties":{"id":429,"type":"shared","opened":"2017-09-15","name":"Tollcross Park","scheme":null,"km":0.626}},{"type":"Feature","geometry":{"type":"LineString","coordinates":[[-4.17861,55.87883],[-4.1778,55.87877],[-4.17752,55.87906],[-4.17669,55.87936],[-4.17625,55.87987],[-4.17551,55.88049],[-4.17406,55.88086],[-4.17293,55.8814]]},"properties":{"id":430,"type":"shared","opened":"2017-09-15","name":"Hogganfield Loch AKA Molendinar Burn","scheme":null,"km":0.492}},{"type":"Feature","geometry":{"type":"LineString","coordinates":[[-4.26967,55.87465],[-4.26829,55.87413],[-4.26463,55.87307],[-4.2639,55.87251],[-4.26275,55.87231],[-4.26269,55.87222],[-4.26318,55.87126]]},"properties":{"id":431,"type":"mixed","opened":"2017-09-15","name":"N Woodside Rd- Braid Square","scheme":null,"km":0.637}},{"type":"Feature","geometry":{"type":"LineString","coordinates":[[-4.27746,55.87541],[-4.2773,55.87535],[-4.27604,55.87562],[-4.27466,55.87582],[-4.27399,55.87585],[-4.27086,55.87515]]},"properties":{"id":432,"type":"mixed","opened":"2017-09-15","name":"N Woodside Rd","scheme":null,"km":0.442}},{"type":"Feature","geometry":{"type":"LineString","coordinates":[[-4.27508,55.89724],[-4.27509,55.89731],[-4.27529,55.89687],[-4.27657,55.89598],[-4.27695,55.8955],[-4.27771,55.89505],[-4.27849,55.89539],[-4.27911,55.89527]]},"properties":{"id":433,"type":"shared","opened":"2017-09-15","name":"Path from Vaila St to Langa St","scheme":null,"km":0.421}},{"type":"Feature","geometry":{"type":"LineString","coordinates":[[-4.30134,55.82688],[-4.30267,55.82765],[-4.30421,55.82805],[-4.31078,55.82866],[-4.31589,55.82871],[-4.31785,55.82862]]},"properties":{"id":434,"type":"mixed","opened":"2017-09-15","name":"Pollok Ave","scheme":"Pollok Country Park","km":1.088}},{"type":"Feature","geometry":{"type":"LineString","coordinates":[[-4.31786,55.82862],[-4.31886,55.8285],[-4.31942,55.82789],[-4.31943,55.82771]]},"properties":{"id":435,"type":"shared","opened":"2017-09-15","name":"Pollok Country Park","scheme":null,"km":0.164}},{"type":"Feature","geometry":{"type":"LineString","coordinates":[[-4.27742,55.87544],[-4.27744,55.87595],[-4.27774,55.87659],[-4.2769,55.8767]]},"properties":{"id":437,"type":"mixed","opened":"2017-09-15","name":"S Woodside Rd","scheme":null,"km":0.185}},{"type":"Feature","geometry":{"type":"LineString","coordinates":[[-4.30306,55.86694],[-4.30117,55.86782]]},"properties":{"id":438,"type":"mixed","opened":"2017-09-15","name":"Ferry Rd","scheme":"Cycle Marking on Road","km":0.155}},{"type":"Feature","geometry":{"type":"LineString","coordinates":[[-4.37687,55.88912],[-4.3777,55.88936],[-4.37857,55.8894],[-4.3808,55.88891],[-4.38188,55.88878],[-4.38488,55.88879],[-4.38462,55.88909],[-4.38531,55.88943],[-4.38621,55.88975],[-4.38849,55.89039],[-4.38891,55.89063]]},"properties":{"id":439,"type":"shared","opened":"2017-09-15","name":"NCN 7","scheme":null,"km":0.881}},{"type":"Feature","geometry":{"type":"LineString","coordinates":[[-4.30117,55.86782],[-4.30081,55.86795],[-4.3002,55.86802],[-4.29847,55.86811],[-4.29643,55.86798]]},"properties":{"id":440,"type":"segregated","opened":"2017-09-15","name":"Ferry Rd- Old Dumbarton Rd","scheme":null,"km":0.303}},{"type":"Feature","geometry":{"type":"LineString","coordinates":[[-4.3328,55.8819],[-4.33305,55.88232],[-4.33345,55.88242],[-4.33408,55.88237]]},"properties":{"id":441,"type":"shared","opened":"2017-09-15","name":"Westland Drive Link","scheme":null,"km":0.117}},{"type":"Feature","geometry":{"type":"LineString","coordinates":[[-4.27218,55.82395],[-4.27256,55.82373],[-4.27266,55.82375],[-4.27329,55.82349],[-4.27377,55.82306],[-4.27429,55.82241],[-4.27432,55.82178],[-4.27597,55.822],[-4.27724,55.82234],[-4.27716,55.8225],[-4.27727,55.82243]]},"properties":{"id":442,"type":"shared","opened":"2017-09-15","name":"Path along White Cart Water @Langside Dr","scheme":null,"km":0.524}},{"type":"Feature","geometry":{"type":"LineString","coordinates":[[-4.37596,55.91167],[-4.37591,55.9116],[-4.37529,55.91183],[-4.37496,55.91123],[-4.37426,55.91097],[-4.37222,55.91123],[-4.37213,55.91117]]},"properties":{"id":443,"type":"shared","opened":"2017-09-15","name":"Drumchapel Park","scheme":null,"km":0.319}},{"type":"Feature","geometry":{"type":"LineString","coordinates":[[-4.27523,55.89741],[-4.27197,55.89681],[-4.27136,55.89679]]},"properties":{"id":446,"type":"mixed","opened":"2017-09-15","name":"Vaila St","scheme":null,"km":0.255}},{"type":"Feature","geometry":{"type":"LineString","coordinates":[[-4.36957,55.91699],[-4.36882,55.91698],[-4.36885,55.91687],[-4.36835,55.91682],[-4.36732,55.91656],[-4.36674,55.91628],[-4.36514,55.91525]]},"properties":{"id":447,"type":"shared","opened":"2017-09-15","name":"Kinfauns Dr","scheme":null,"km":0.362}},{"type":"Feature","geometry":{"type":"LineString","coordinates":[[-4.20294,55.89158],[-4.20443,55.89058],[-4.20571,55.89006],[-4.20862,55.88914],[-4.21407,55.88629],[-4.21561,55.88593],[-4.21694,55.88586]]},"properties":{"id":448,"type":"segregated","opened":"2021-04-27","name":"Wallacewell Road","scheme":"Segregation islands/batons","km":1.108}},{"type":"Feature","geometry":{"type":"LineString","coordinates":[[-4.27774,55.82189],[-4.27787,55.82183]]},"properties":{"id":449,"type":"segregated","opened":"2017-09-15","name":"Langside Dr - Riverside Rd","scheme":null,"km":0.012}},{"type":"Feature","geometry":{"type":"LineString","coordinates":[[-4.20281,55.8919],[-4.20396,55.89101],[-4.20458,55.89068],[-4.20592,55.89014],[-4.20884,55.8892],[-4.21372,55.8866],[-4.21531,55.88611],[-4.21692,55.88597]]},"properties":{"id":450,"type":"segregated","opened":"2021-04-27","name":"Wallacewell Road","scheme":"Segregation islands/batons","km":1.127}},{"type":"Feature","geometry":{"type":"LineString","coordinates":[[-4.27727,55.82243],[-4.27746,55.82246],[-4.27774,55.82189]]},"properties":{"id":451,"type":"segregated","opened":"2017-09-15","name":"Millbrae Bridge","scheme":null,"km":0.078}},{"type":"Feature","geometry":{"type":"LineString","coordinates":[[-4.30796,55.8385],[-4.30784,55.83861],[-4.30763,55.83853],[-4.30751,55.8386],[-4.30669,55.83836],[-4.30626,55.83835],[-4.30707,55.8389],[-4.30714,55.83915],[-4.30698,55.8392],[-4.3066,55.83916],[-4.3064,55.83936],[-4.30583,55.84018],[-4.30573,55.84063],[-4.30485,55.84127],[-4.30144,55.84302],[-4.30044,55.84371],[-4.30022,55.84395],[-4.30033,55.84401]]},"properties":{"id":452,"type":"shared","opened":"2017-09-15","name":"NCN 7","scheme":null,"km":0.97}},{"type":"Feature","geometry":{"type":"LineString","coordinates":[[-4.35703,55.83963],[-4.35618,55.84006],[-4.35562,55.84018],[-4.34964,55.84025],[-4.34556,55.83938],[-4.34461,55.83913],[-4.34411,55.8389],[-4.34166,55.83731],[-4.34095,55.83667],[-4.34047,55.83606],[-4.34019,55.83531],[-4.34013,55.83472],[-4.34042,55.83212]]},"properties":{"id":453,"type":"mixed","opened":"2017-09-15","name":"NCN 7","scheme":null,"km":1.698}},{"type":"Feature","geometry":{"type":"LineString","coordinates":[[-4.2599,55.85501],[-4.25988,55.85638],[-4.25997,55.85645]]},"properties":{"id":460,"type":"segregated","opened":"2025-06-01","name":"George V Bridge","scheme":null,"km":0.163}},{"type":"Feature","geometry":{"type":"LineString","coordinates":[[-4.36457,55.85434],[-4.36438,55.85482],[-4.36425,55.85471],[-4.34732,55.85301],[-4.34671,55.85291],[-4.34631,55.8527],[-4.34614,55.85223]]},"properties":{"id":461,"type":"mixed","opened":"2017-09-15","name":"Chirnside Road - Ladykirk Dr","scheme":null,"km":1.278}},{"type":"Feature","geometry":{"type":"LineString","coordinates":[[-4.2866,55.84572],[-4.2868,55.8456],[-4.28837,55.84576]]},"properties":{"id":462,"type":"segregated","opened":"2017-09-15","name":"Maxwell Dr","scheme":null,"km":0.119}},{"type":"Feature","geometry":{"type":"LineString","coordinates":[[-4.36306,55.92081],[-4.36263,55.92074],[-4.36047,55.91987],[-4.35521,55.91821],[-4.35452,55.9178],[-4.35264,55.91743],[-4.35003,55.91669],[-4.34914,55.91652],[-4.34813,55.91608],[-4.34905,55.91461],[-4.34918,55.91381],[-4.34917,55.91366],[-4.34854,55.91286],[-4.34892,55.91189],[-4.34911,55.91065],[-4.34948,55.91037],[-4.34967,55.91001],[-4.34956,55.90958],[-4.34966,55.90901],[-4.34936,55.90877],[-4.34925,55.90849]]},"properties":{"id":463,"type":"shared","opened":"2017-09-15","name":"Garscadden Wood","scheme":"The Drumchapel Way","km":1.97}},{"type":"Feature","geometry":{"type":"LineString","coordinates":[[-4.27204,55.86024],[-4.27374,55.86038],[-4.2791,55.86035],[-4.27978,55.86044],[-4.28081,55.86073],[-4.28117,55.8607],[-4.282,55.86097],[-4.28262,55.86133],[-4.28289,55.86128],[-4.28314,55.86147],[-4.28329,55.86143]]},"properties":{"id":466,"type":"shared","opened":"2017-09-15","name":"Path alongside Stobcross St","scheme":null,"km":0.761}},{"type":"Feature","geometry":{"type":"LineString","coordinates":[[-4.2885,55.88022],[-4.29045,55.8811],[-4.29066,55.88132],[-4.29059,55.88158]]},"properties":{"id":467,"type":"shared","opened":"2017-09-15","name":"Path from Kelvin Drive","scheme":null,"km":0.214}},{"type":"Feature","geometry":{"type":"LineString","coordinates":[[-4.29059,55.88158],[-4.29021,55.88197],[-4.28848,55.88275],[-4.28797,55.88313],[-4.28775,55.88339],[-4.28752,55.88412],[-4.28765,55.88442],[-4.28496,55.88653],[-4.28454,55.88674],[-4.2832,55.88687]]},"properties":{"id":468,"type":"mixed","opened":"2017-09-15","name":"Kelvin Dr - Garrioch Rd - Shakespeare St","scheme":null,"km":0.801}},{"type":"Feature","geometry":{"type":"LineString","coordinates":[[-4.29833,55.90336],[-4.30098,55.90396],[-4.30254,55.90421],[-4.30318,55.90426],[-4.30569,55.90418]]},"properties":{"id":469,"type":"shared","opened":"2017-09-15","name":"Caldercuilt Path @Highschool - Acre Drive","scheme":null,"km":0.478}},{"type":"Feature","geometry":{"type":"LineString","coordinates":[[-4.32853,55.87471],[-4.32891,55.87471],[-4.32915,55.8746],[-4.32884,55.87467],[-4.32888,55.87489],[-4.32925,55.87501]]},"properties":{"id":470,"type":"shared","opened":"2017-09-15","name":"Path from Victoria Park to Balshagray Dr","scheme":null,"km":0.12}},{"type":"Feature","geometry":{"type":"LineString","coordinates":[[-4.33303,55.87446],[-4.33308,55.87425],[-4.33277,55.87477],[-4.33203,55.87465],[-4.33302,55.87485]]},"properties":{"id":471,"type":"shared","opened":"2017-09-15","name":"Underpass of Victoria Park Drive South","scheme":null,"km":0.207}},{"type":"Feature","geometry":{"type":"LineString","coordinates":[[-4.3051,55.90214],[-4.305,55.90221],[-4.3051,55.90225],[-4.3054,55.90373],[-4.30557,55.90376],[-4.30568,55.90419]]},"properties":{"id":472,"type":"shared","opened":"2017-09-15","name":"Path from Acre St to Maryhill Park","scheme":"Scottish Outdoor Access Code","km":0.254}},{"type":"Feature","geometry":{"type":"LineString","coordinates":[[-4.3053,55.84958],[-4.30173,55.8499],[-4.29747,55.85058]]},"properties":{"id":473,"type":"mixed","opened":"2017-09-15","name":"Clifford St","scheme":null,"km":0.506}},{"type":"Feature","geometry":{"type":"LineString","coordinates":[[-4.35854,55.84386],[-4.35723,55.84379],[-4.35588,55.8436],[-4.3558,55.84445],[-4.35432,55.84443],[-4.35434,55.84407],[-4.35399,55.84357],[-4.35234,55.84237],[-4.35039,55.84166],[-4.34883,55.84127],[-4.34767,55.84105],[-4.34704,55.84104],[-4.34613,55.84117],[-4.34579,55.84127],[-4.34546,55.84154],[-4.34456,55.84134],[-4.34377,55.84128],[-4.34328,55.84112],[-4.34335,55.84103]]},"properties":{"id":475,"type":"mixed","opened":"2017-09-15","name":"Cardonald Dr-Cardonald Pl Rd- Berwick Dr- Dundee Dr- Kinnell Path","scheme":null,"km":1.273}},{"type":"Feature","geometry":{"type":"LineString","coordinates":[[-4.27787,55.82183],[-4.28066,55.8224],[-4.28195,55.82279],[-4.28441,55.8231],[-4.28506,55.82305],[-4.28635,55.82361]]},"properties":{"id":476,"type":"mixed","opened":"2017-09-15","name":"Riverside Rd","scheme":null,"km":0.581}},{"type":"Feature","geometry":{"type":"LineString","coordinates":[[-4.35435,55.80243],[-4.35465,55.80197],[-4.35519,55.80179],[-4.35817,55.80186],[-4.35991,55.80166],[-4.36087,55.80197],[-4.36165,55.80212],[-4.36396,55.80336],[-4.36439,55.80351],[-4.36468,55.80338],[-4.365,55.80341],[-4.36543,55.80368],[-4.36506,55.80483],[-4.36527,55.80578],[-4.36515,55.80613],[-4.36568,55.80698]]},"properties":{"id":478,"type":"shared","opened":"2017-09-15","name":"Path from Parkhouse Rd to Dams to Darnley Country Park","scheme":null,"km":1.208}},{"type":"Feature","geometry":{"type":"LineString","coordinates":[[-4.26045,55.86026],[-4.26098,55.85887]]},"properties":{"id":480,"type":"lane","opened":"2017-09-15","name":"Wellington St (Waterloo St - Argyle St)","scheme":null,"km":0.158}},{"type":"Feature","geometry":{"type":"LineString","coordinates":[[-4.35738,55.79484],[-4.35607,55.79589],[-4.35566,55.79673],[-4.35519,55.79727],[-4.35308,55.79836],[-4.35237,55.79938],[-4.35329,55.79988],[-4.3534,55.80005],[-4.35318,55.80033],[-4.35239,55.80082],[-4.35241,55.80118],[-4.35316,55.80182],[-4.35439,55.80245],[-4.35548,55.80347],[-4.35549,55.80369]]},"properties":{"id":481,"type":"mixed","opened":"2017-09-15","name":"Corselet Rd","scheme":null,"km":1.208}},{"type":"Feature","geometry":{"type":"LineString","coordinates":[[-4.25713,55.86055],[-4.25867,55.86063]]},"properties":{"id":482,"type":"lane","opened":"2017-09-15","name":"Gordon St","scheme":"Contra flow","km":0.096}},{"type":"Feature","geometry":{"type":"LineString","coordinates":[[-4.26595,55.83335],[-4.26518,55.83317],[-4.26451,55.83288],[-4.26398,55.83251],[-4.26352,55.83197],[-4.26336,55.83132],[-4.26347,55.83082],[-4.26383,55.83031],[-4.26446,55.82985],[-4.26544,55.82946],[-4.26719,55.82915],[-4.26814,55.8289],[-4.26893,55.82854],[-4.26933,55.82822],[-4.26978,55.8281],[-4.27221,55.82818],[-4.27268,55.82836],[-4.27325,55.82875]]},"properties":{"id":483,"type":"shared","opened":"2017-09-15","name":"Queens Park","scheme":null,"km":1.122}},{"type":"Feature","geometry":{"type":"LineString","coordinates":[[-4.35549,55.80369],[-4.35405,55.80403],[-4.35277,55.80475],[-4.35187,55.805],[-4.35098,55.80535],[-4.35053,55.80569],[-4.34923,55.80634],[-4.34893,55.80687],[-4.34818,55.80758]]},"properties":{"id":484,"type":"mixed","opened":"2017-09-15","name":"Corselet Rd","scheme":"Pollok Country Park","km":0.654}},{"type":"Feature","geometry":{"type":"LineString","coordinates":[[-4.35577,55.84445],[-4.35577,55.84488],[-4.35544,55.84551],[-4.35329,55.84838],[-4.35314,55.84888],[-4.35252,55.84899],[-4.35153,55.84934],[-4.34936,55.85054],[-4.34829,55.85102],[-4.34734,55.85129],[-4.34617,55.85145],[-4.34613,55.85223]]},"properties":{"id":485,"type":"mixed","opened":"2017-09-15","name":"Ladykirk Dr- Allanton Dr- Tweedsmuir Rd- Cardonald Pl Rd","scheme":null,"km":1.143}},{"type":"Feature","geometry":{"type":"LineString","coordinates":[[-4.35838,55.84011],[-4.35765,55.84049],[-4.35678,55.84071],[-4.35633,55.84103],[-4.3548,55.84034]]},"properties":{"id":487,"type":"shared","opened":"2017-09-15","name":"Rosshall Park","scheme":null,"km":0.297}},{"type":"Feature","geometry":{"type":"LineString","coordinates":[[-4.3418,55.83747],[-4.34013,55.83784],[-4.33931,55.83867],[-4.33907,55.83879],[-4.33859,55.83874],[-4.33804,55.83851],[-4.33787,55.83803],[-4.3383,55.83687],[-4.33864,55.83641],[-4.33857,55.83598],[-4.33955,55.83583],[-4.33971,55.83575]]},"properties":{"id":490,"type":"shared","opened":"2017-09-15","name":"Lochar Park","scheme":null,"km":0.683}},{"type":"Feature","geometry":{"type":"LineString","coordinates":[[-4.26153,55.80745],[-4.25983,55.80714]]},"properties":{"id":492,"type":"shared","opened":"2017-09-15","name":"Linn Park","scheme":null,"km":0.113}},{"type":"Feature","geometry":{"type":"LineString","coordinates":[[-4.33868,55.81596],[-4.33872,55.81545],[-4.33901,55.81505],[-4.34009,55.81436]]},"properties":{"id":496,"type":"mixed","opened":"2017-09-15","name":"Muirshiel Cres","scheme":null,"km":0.209}},{"type":"Feature","geometry":{"type":"LineString","coordinates":[[-4.33489,55.8395],[-4.33339,55.83919]]},"properties":{"id":499,"type":"mixed","opened":"2017-09-15","name":"Mosspark Dr","scheme":null,"km":0.1}},{"type":"Feature","geometry":{"type":"LineString","coordinates":[[-4.3247,55.8427],[-4.32131,55.84193],[-4.31807,55.8414],[-4.31532,55.84117],[-4.31281,55.84117]]},"properties":{"id":500,"type":"shared","opened":"2017-09-15","name":"Mosspark Boulevard","scheme":null,"km":0.773}},{"type":"Feature","geometry":{"type":"LineString","coordinates":[[-4.3128,55.84117],[-4.31055,55.84137],[-4.30931,55.84157]]},"properties":{"id":501,"type":"shared","opened":"2017-09-15","name":"Mosspark Boulevard","scheme":null,"km":0.224}},{"type":"Feature","geometry":{"type":"LineString","coordinates":[[-4.25054,55.8388],[-4.25071,55.83901],[-4.25115,55.83921],[-4.25407,55.84021]]},"properties":{"id":502,"type":"segregated","opened":"2020-09-13","name":"Aikenhead Road","scheme":"Armadillo","km":0.275}},{"type":"Feature","geometry":{"type":"LineString","coordinates":[[-4.23539,55.84219],[-4.2319,55.84216],[-4.23126,55.84208],[-4.22989,55.84156],[-4.22835,55.84064],[-4.22826,55.84053],[-4.22848,55.84039],[-4.22896,55.84043],[-4.22933,55.84029],[-4.23007,55.83961],[-4.23074,55.83924],[-4.23125,55.83917],[-4.23168,55.83922],[-4.23285,55.83978],[-4.23287,55.83994],[-4.23283,55.84008],[-4.23216,55.8403],[-4.23134,55.84079],[-4.23095,55.84082],[-4.23063,55.84071],[-4.22948,55.84019]]},"properties":{"id":503,"type":"shared","opened":"2017-09-15","name":"Richmond Park","scheme":null,"km":1.201}},{"type":"Feature","geometry":{"type":"LineString","coordinates":[[-4.33339,55.83919],[-4.33196,55.83921],[-4.3312,55.83937],[-4.33038,55.83966],[-4.32966,55.8402],[-4.32881,55.84137],[-4.32749,55.84235],[-4.32703,55.84316]]},"properties":{"id":504,"type":"mixed","opened":"2017-09-15","name":"Bellahouston Dr","scheme":null,"km":0.649}},{"type":"Feature","geometry":{"type":"LineString","coordinates":[[-4.32682,55.84333],[-4.3247,55.8427]]},"properties":{"id":505,"type":"shared","opened":"2017-09-15","name":"Mosspark Boulevard","scheme":null,"km":0.15}},{"type":"Feature","geometry":{"type":"LineString","coordinates":[[-4.2599,55.85643],[-4.26252,55.85666],[-4.26315,55.85652]]},"properties":{"id":506,"type":"shared","opened":"2017-09-15","name":"NCN 75","scheme":null,"km":0.212}},{"type":"Feature","geometry":{"type":"LineString","coordinates":[[-4.2592,55.85624],[-4.26078,55.8563],[-4.26334,55.85653]]},"properties":{"id":510,"type":"shared","opened":"2017-09-15","name":"River Clyde side- Broomielaw","scheme":null,"km":0.263}},{"type":"Feature","geometry":{"type":"LineString","coordinates":[[-4.30422,55.89938],[-4.30565,55.89946],[-4.3059,55.89938],[-4.30612,55.89904]]},"properties":{"id":511,"type":"shared","opened":"2017-09-15","name":"Path toward Dawsholm Bridge","scheme":null,"km":0.151}},{"type":"Feature","geometry":{"type":"LineString","coordinates":[[-4.33456,55.80887],[-4.33328,55.80855],[-4.333,55.80908]]},"properties":{"id":512,"type":"shared","opened":"2017-09-15","name":"Foot bridge over M77 from Kilmuir Crescent","scheme":null,"km":0.153}},{"type":"Feature","geometry":{"type":"LineString","coordinates":[[-4.33299,55.80908],[-4.33127,55.81025],[-4.33103,55.81072]]},"properties":{"id":513,"type":"shared","opened":"2017-09-15","name":"Path from Hopeman Ave","scheme":null,"km":0.226}},{"type":"Feature","geometry":{"type":"LineString","coordinates":[[-4.33316,55.86325],[-4.33317,55.86315],[-4.3329,55.86318],[-4.33215,55.86345],[-4.33165,55.86391],[-4.33154,55.8642],[-4.33162,55.86798],[-4.33135,55.86941],[-4.33103,55.87035],[-4.33014,55.87178],[-4.33028,55.87212],[-4.33125,55.87233],[-4.33162,55.87278],[-4.33218,55.87293]]},"properties":{"id":514,"type":"segregated","opened":"2017-09-15","name":"Clyde Tunnel","scheme":null,"km":1.235}},{"type":"Feature","geometry":{"type":"LineString","coordinates":[[-4.30724,55.86861],[-4.30812,55.86921],[-4.30877,55.8691],[-4.30899,55.86919],[-4.30922,55.86909],[-4.31009,55.86897]]},"properties":{"id":515,"type":"shared","opened":"2017-09-15","name":"Path between NCN7 & Beith St","scheme":null,"km":0.223}},{"type":"Feature","geometry":{"type":"LineString","coordinates":[[-4.38515,55.88853],[-4.38484,55.88824],[-4.38479,55.88797],[-4.3817,55.88705],[-4.38154,55.88705],[-4.38093,55.88735],[-4.38052,55.88738],[-4.38025,55.88727]]},"properties":{"id":517,"type":"shared","opened":"2017-09-15","name":"Ellerslie Path","scheme":null,"km":0.398}},{"type":"Feature","geometry":{"type":"LineString","coordinates":[[-4.27927,55.87454],[-4.27825,55.87486],[-4.27742,55.87544]]},"properties":{"id":518,"type":"shared","opened":"2017-09-15","name":"S Woodside Rd","scheme":null,"km":0.157}},{"type":"Feature","geometry":{"type":"LineString","coordinates":[[-4.28627,55.89234],[-4.28643,55.89238],[-4.2869,55.893]]},"properties":{"id":519,"type":"shared","opened":"2017-09-15","name":"NCN 754","scheme":"Forth & Clyde Canal","km":0.092}},{"type":"Feature","geometry":{"type":"LineString","coordinates":[[-4.29654,55.89264],[-4.29656,55.89258],[-4.29565,55.89225],[-4.29398,55.89128],[-4.29341,55.8912],[-4.29176,55.89176],[-4.29012,55.8917],[-4.28968,55.89184],[-4.28867,55.89248],[-4.2871,55.89299],[-4.28683,55.89299],[-4.2864,55.89273]]},"properties":{"id":522,"type":"shared","opened":"2017-09-15","name":"NCN 754","scheme":"Forth & Clyde Canal","km":0.786}},{"type":"Feature","geometry":{"type":"LineString","coordinates":[[-4.28816,55.85412],[-4.28851,55.85246]]},"properties":{"id":524,"type":"lane","opened":"2017-09-15","name":"Lorne St","scheme":null,"km":0.186}},{"type":"Feature","geometry":{"type":"LineString","coordinates":[[-4.22717,55.8411],[-4.22738,55.84129],[-4.23013,55.84265]]},"properties":{"id":526,"type":"shared","opened":"2017-09-15","name":"NCN 75","scheme":null,"km":0.257}},{"type":"Feature","geometry":{"type":"LineString","coordinates":[[-4.32909,55.86422],[-4.32956,55.86439],[-4.33004,55.86468],[-4.33085,55.86485],[-4.33122,55.86505],[-4.33104,55.86802],[-4.33062,55.87011],[-4.33019,55.87099]]},"properties":{"id":527,"type":"segregated","opened":"2017-09-15","name":"Clyde Tunnel","scheme":null,"km":0.835}},{"type":"Feature","geometry":{"type":"LineString","coordinates":[[-4.32717,55.87058],[-4.32682,55.87141],[-4.32827,55.87169],[-4.32799,55.8722],[-4.32806,55.87227]]},"properties":{"id":532,"type":"mixed","opened":"2017-09-15","name":"Incholm St- Byron St- Harmsworth St","scheme":"Cycle Marking on Road","km":0.259}},{"type":"Feature","geometry":{"type":"LineString","coordinates":[[-4.34335,55.84103],[-4.34357,55.84059],[-4.34346,55.84037]]},"properties":{"id":533,"type":"mixed","opened":"2017-09-15","name":"Tannadice Ave.","scheme":null,"km":0.077}},{"type":"Feature","geometry":{"type":"LineString","coordinates":[[-4.33819,55.88026],[-4.3378,55.88017]]},"properties":{"id":534,"type":"shared","opened":"2017-09-15","name":"Path @Westland Dr","scheme":null,"km":0.027}},{"type":"Feature","geometry":{"type":"LineString","coordinates":[[-4.28329,55.86143],[-4.28346,55.86119],[-4.28586,55.86173],[-4.2868,55.86042]]},"properties":{"id":537,"type":"shared","opened":"2017-09-15","name":"Foot bridge from Minerva St to SEC Armadillo","scheme":null,"km":0.348}},{"type":"Feature","geometry":{"type":"LineString","coordinates":[[-4.27084,55.83362],[-4.27049,55.83396],[-4.26891,55.8348],[-4.26559,55.8345]]},"properties":{"id":542,"type":"mixed","opened":"2017-09-15","name":"Albert Ave- Balvicar Dr","scheme":null,"km":0.395}},{"type":"Feature","geometry":{"type":"LineString","coordinates":[[-4.24679,55.85593],[-4.2463,55.85711]]},"properties":{"id":543,"type":"segregated","opened":"2024-06-17","name":"King Street","scheme":"South City Way","km":0.135}},{"type":"Feature","geometry":{"type":"LineString","coordinates":[[-4.26554,55.83463],[-4.26339,55.83424]]},"properties":{"id":545,"type":"mixed","opened":"2017-09-15","name":"Albert Rd","scheme":null,"km":0.142}},{"type":"Feature","geometry":{"type":"LineString","coordinates":[[-4.25409,55.83641],[-4.25504,55.8348],[-4.25403,55.83462]]},"properties":{"id":546,"type":"mixed","opened":"2017-09-15","name":"Allison St- Hollybrook Street","scheme":null,"km":0.255}},{"type":"Feature","geometry":{"type":"LineString","coordinates":[[-4.32772,55.87221],[-4.32735,55.87321],[-4.32769,55.87348],[-4.32766,55.8736]]},"properties":{"id":555,"type":"shared","opened":"2017-09-15","name":"Underpass from Broomhill Terrace to Dumbarton Rd","scheme":null,"km":0.164}},{"type":"Feature","geometry":{"type":"LineString","coordinates":[[-4.20343,55.84467],[-4.20392,55.84472],[-4.20541,55.84466],[-4.20585,55.8445],[-4.20654,55.84386],[-4.20695,55.84295],[-4.20686,55.84221],[-4.2064,55.84166],[-4.2059,55.8413],[-4.20535,55.84106],[-4.2038,55.84061],[-4.20327,55.83999],[-4.20327,55.83916],[-4.20381,55.83869],[-4.20443,55.83834],[-4.20611,55.83791],[-4.20879,55.83777],[-4.20943,55.83759],[-4.21212,55.83728],[-4.2132,55.837],[-4.21563,55.83614],[-4.21949,55.83373],[-4.22029,55.83342],[-4.22099,55.83339],[-4.22151,55.83361],[-4.22213,55.83412],[-4.22274,55.83499],[-4.22267,55.83565],[-4.22197,55.83684],[-4.22163,55.83787],[-4.22177,55.83869],[-4.22403,55.83984],[-4.22552,55.84028],[-4.22716,55.8411]]},"properties":{"id":557,"type":"shared","opened":"2017-09-15","name":"NCN 75","scheme":null,"km":3.286}},{"type":"Feature","geometry":{"type":"LineString","coordinates":[[-4.23214,55.84733],[-4.23381,55.84778],[-4.23631,55.84877]]},"properties":{"id":558,"type":"shared","opened":"2017-09-15","name":"Glasgow Green","scheme":null,"km":0.308}},{"type":"Feature","geometry":{"type":"MultiLineString","coordinates":[[[-4.30833,55.86878],[-4.30988,55.8689],[-4.31018,55.869],[-4.31195,55.86902],[-4.3123,55.86891],[-4.31286,55.86908],[-4.31561,55.8691],[-4.31612,55.86921],[-4.31639,55.86937],[-4.31649,55.86931],[-4.31642,55.86896],[-4.31653,55.86878],[-4.31906,55.86937],[-4.32225,55.86996],[-4.32643,55.87043],[-4.33064,55.87078],[-4.33093,55.87076],[-4.33285,55.87113],[-4.33278,55.87126],[-4.33302,55.8713],[-4.33317,55.87145],[-4.33744,55.87234],[-4.33989,55.87301],[-4.3431,55.87425],[-4.3487,55.87699],[-4.35161,55.87816],[-4.35743,55.88038],[-4.35969,55.88104],[-4.36141,55.88145],[-4.36175,55.88177],[-4.36343,55.88277],[-4.36496,55.88404],[-4.36572,55.88453],[-4.36984,55.88641],[-4.37148,55.88693],[-4.37251,55.88693],[-4.37475,55.8878],[-4.37629,55.88851],[-4.37623,55.88872],[-4.37687,55.88912]],[[-4.30392,55.8672],[-4.30596,55.86832],[-4.30833,55.86878]]]},"properties":{"id":559,"type":"shared","opened":"2017-09-15","name":"NCN 7","scheme":null,"km":5.502}},{"type":"Feature","geometry":{"type":"LineString","coordinates":[[-4.2864,55.89272],[-4.28618,55.89209],[-4.28515,55.89123],[-4.2848,55.8908],[-4.28441,55.89001],[-4.28411,55.88842],[-4.28357,55.88754],[-4.28313,55.88714],[-4.28289,55.8871],[-4.28264,55.88689],[-4.28269,55.88675],[-4.28196,55.88627],[-4.28085,55.8859],[-4.27933,55.88562],[-4.27892,55.88538],[-4.27886,55.88516],[-4.2794,55.8845],[-4.27948,55.88405],[-4.2789,55.88292],[-4.27817,55.88224],[-4.27704,55.88157],[-4.27601,55.88119],[-4.27513,55.88106],[-4.27427,55.88106],[-4.27344,55.88117],[-4.27284,55.88139],[-4.27233,55.8818],[-4.27196,55.88232],[-4.27148,55.88269],[-4.27065,55.8829],[-4.27055,55.88266],[-4.27039,55.8826],[-4.26888,55.88264],[-4.2686,55.88246],[-4.26788,55.88142],[-4.26819,55.88098],[-4.26834,55.88042],[-4.26827,55.87951],[-4.2681,55.87923],[-4.26737,55.87865],[-4.26598,55.87786],[-4.2649,55.87735],[-4.26407,55.8771],[-4.26245,55.87692],[-4.26174,55.87668],[-4.26104,55.87675],[-4.26088,55.87671],[-4.25912,55.87592],[-4.25791,55.87528],[-4.25771,55.87506],[-4.25775,55.87487],[-4.25828,55.87445],[-4.25851,55.8741],[-4.25794,55.87107]]},"properties":{"id":560,"type":"shared","opened":"2017-09-15","name":"NCN LINK 754","scheme":"Forth & Clyde Canal","km":3.846}},{"type":"Feature","geometry":{"type":"LineString","coordinates":[[-4.32475,55.86078],[-4.32415,55.86146],[-4.32383,55.86165],[-4.32167,55.86171],[-4.32135,55.86159]]},"properties":{"id":561,"type":"mixed","opened":"2017-09-15","name":"Langlands Rd","scheme":null,"km":0.276}},{"type":"Feature","geometry":{"type":"LineString","coordinates":[[-4.33627,55.85956],[-4.33211,55.86087],[-4.32901,55.8609],[-4.32512,55.86084]]},"properties":{"id":562,"type":"lane","opened":"2017-09-15","name":"Langlands Rd","scheme":null,"km":0.736}},{"type":"Feature","geometry":{"type":"LineString","coordinates":[[-4.26333,55.85653],[-4.26456,55.85665],[-4.26623,55.85653],[-4.27051,55.85643]]},"properties":{"id":563,"type":"shared","opened":"2017-09-15","name":"NCN 75","scheme":null,"km":0.452}},{"type":"Feature","geometry":{"type":"LineString","coordinates":[[-4.33354,55.86235],[-4.33351,55.86268],[-4.33381,55.86275],[-4.33345,55.86271],[-4.33323,55.86341],[-4.33316,55.86324]]},"properties":{"id":564,"type":"shared","opened":"2017-09-15","name":"Underpass from Burghead Dr to Burghead Pl","scheme":null,"km":0.193}},{"type":"Feature","geometry":{"type":"LineString","coordinates":[[-4.31005,55.9012],[-4.31036,55.90111],[-4.31154,55.90104],[-4.31341,55.90155],[-4.31388,55.9018],[-4.314,55.90196],[-4.314,55.90229],[-4.31384,55.90253]]},"properties":{"id":565,"type":"mixed","opened":"2017-09-15","name":"Path from Kelvin Walkway @Acre Rd","scheme":null,"km":0.356}},{"type":"Feature","geometry":{"type":"LineString","coordinates":[[-4.24567,55.85301],[-4.24637,55.85311],[-4.24666,55.85308],[-4.24706,55.85319]]},"properties":{"id":566,"type":"shared","opened":"2017-09-15","name":"NCN 75","scheme":null,"km":0.092}},{"type":"Feature","geometry":{"type":"LineString","coordinates":[[-4.2705,55.85643],[-4.27428,55.8566],[-4.27645,55.85682],[-4.2786,55.85711],[-4.27906,55.8572],[-4.27919,55.85736],[-4.28155,55.8577]]},"properties":{"id":567,"type":"shared","opened":"2017-09-15","name":"NCN 75","scheme":null,"km":0.72}},{"type":"Feature","geometry":{"type":"LineString","coordinates":[[-4.31704,55.86233],[-4.31738,55.86218],[-4.32003,55.86166],[-4.32132,55.8616]]},"properties":{"id":568,"type":"shared","opened":"2017-09-15","name":"Langlands Rd","scheme":null,"km":0.284}},{"type":"Feature","geometry":{"type":"LineString","coordinates":[[-4.27159,55.85947],[-4.27185,55.85938],[-4.27209,55.85949],[-4.27162,55.86016],[-4.27176,55.86029],[-4.27203,55.86026]]},"properties":{"id":569,"type":"shared","opened":"2017-09-15","name":"NCN 756","scheme":null,"km":0.158}},{"type":"Feature","geometry":{"type":"LineString","coordinates":[[-4.27519,55.84591],[-4.27757,55.84622],[-4.28043,55.84642],[-4.28465,55.8465],[-4.28577,55.84625],[-4.28769,55.8447],[-4.28843,55.84393],[-4.28897,55.84308],[-4.28974,55.84105],[-4.2903,55.84027],[-4.29105,55.83964],[-4.29256,55.83879],[-4.29345,55.83817],[-4.29524,55.83604],[-4.29729,55.83454]]},"properties":{"id":570,"type":"segregated","opened":"2023-02-01","name":"St Andrew's Drive","scheme":"South-West City Way","km":2.189}},{"type":"Feature","geometry":{"type":"LineString","coordinates":[[-4.30392,55.86719],[-4.30397,55.86738],[-4.30429,55.86738],[-4.30494,55.86701],[-4.30495,55.86669],[-4.30523,55.86645],[-4.30526,55.86585],[-4.30511,55.86585]]},"properties":{"id":572,"type":"shared","opened":"2017-09-15","name":"NCN 7","scheme":null,"km":0.246}},{"type":"Feature","geometry":{"type":"LineString","coordinates":[[-4.30511,55.86585],[-4.30439,55.86623],[-4.30324,55.86582],[-4.30255,55.86548],[-4.30192,55.86489],[-4.30123,55.86446],[-4.29897,55.86339],[-4.29771,55.86302],[-4.29704,55.86273]]},"properties":{"id":574,"type":"shared","opened":"2017-09-15","name":"NCN 7","scheme":null,"km":0.673}},{"type":"Feature","geometry":{"type":"LineString","coordinates":[[-4.33318,55.80861],[-4.3326,55.8085],[-4.33195,55.80865],[-4.33164,55.80856]]},"properties":{"id":575,"type":"shared","opened":"2017-09-15","name":"Path from Kilmuir Crescent","scheme":null,"km":0.107}},{"type":"Feature","geometry":{"type":"LineString","coordinates":[[-4.18242,55.87511],[-4.18167,55.8755],[-4.18101,55.87601],[-4.17903,55.87846],[-4.17823,55.87925],[-4.17366,55.88184]]},"properties":{"id":577,"type":"segregated","opened":"2020-08-20","name":"Cumbernauld Rd","scheme":"Armadillo","km":0.942}},{"type":"Feature","geometry":{"type":"LineString","coordinates":[[-4.18293,55.87476],[-4.18159,55.87543],[-4.18091,55.87594],[-4.17927,55.878],[-4.17814,55.87919],[-4.17686,55.87998],[-4.17336,55.88185]]},"properties":{"id":578,"type":"segregated","opened":"2020-08-20","name":"Cumbernauld Rd","scheme":"Armadillo","km":1.006}},{"type":"Feature","geometry":{"type":"LineString","coordinates":[[-4.19386,55.8783],[-4.19387,55.87779],[-4.19358,55.8773],[-4.19282,55.87691],[-4.19156,55.87645],[-4.18324,55.87482]]},"properties":{"id":579,"type":"segregated","opened":"2020-08-20","name":"Provanmill Rd","scheme":"Armadillo","km":0.825}},{"type":"Feature","geometry":{"type":"LineString","coordinates":[[-4.25755,55.85615],[-4.25804,55.85475]]},"properties":{"id":582,"type":"segregated","opened":"2017-09-15","name":"Glasgow Bridge","scheme":"Orcas","km":0.158}},{"type":"Feature","geometry":{"type":"LineString","coordinates":[[-4.24091,55.87021],[-4.24038,55.87019],[-4.24001,55.87027]]},"properties":{"id":583,"type":"shared","opened":"2017-09-15","name":"Cuddies","scheme":"Sighthill TRA project","km":0.059}},{"type":"Feature","geometry":{"type":"LineString","coordinates":[[-4.24423,55.86994],[-4.24279,55.86992],[-4.24185,55.8697],[-4.24129,55.86993],[-4.24091,55.87021]]},"properties":{"id":584,"type":"shared","opened":"2017-09-15","name":"Cuddies Walk- Monklands Walk","scheme":"Sighthill TRA project","km":0.238}},{"type":"Feature","geometry":{"type":"LineString","coordinates":[[-4.23977,55.87034],[-4.24075,55.87206]]},"properties":{"id":585,"type":"segregated","opened":"2017-09-15","name":"Pinkston Rd","scheme":"Sighthill TRA project","km":0.202}},{"type":"Feature","geometry":{"type":"LineString","coordinates":[[-4.25579,55.84767],[-4.26128,55.8439]]},"properties":{"id":586,"type":"segregated","opened":"2019-03-29","name":"Pollokshaws Rd","scheme":"South City Way","km":0.545}},{"type":"Feature","geometry":{"type":"LineString","coordinates":[[-4.29024,55.85685],[-4.28889,55.85677],[-4.28769,55.85661],[-4.28796,55.85601]]},"properties":{"id":598,"type":"shared","opened":"2017-09-15","name":"NCN 7","scheme":null,"km":0.231}},{"type":"Feature","geometry":{"type":"LineString","coordinates":[[-4.17095,55.82336],[-4.17137,55.82386],[-4.17218,55.82365],[-4.1733,55.82373],[-4.17425,55.82402],[-4.17481,55.82438],[-4.17474,55.8248],[-4.17516,55.82508],[-4.17615,55.8277],[-4.17756,55.82976],[-4.17757,55.82991],[-4.17727,55.83012],[-4.1772,55.8303],[-4.17803,55.83028],[-4.17834,55.83061],[-4.17869,55.83426],[-4.17862,55.8348],[-4.17934,55.83555],[-4.18012,55.83596],[-4.18084,55.83613],[-4.18181,55.83621],[-4.18301,55.83648],[-4.18347,55.83663],[-4.18412,55.83701],[-4.18609,55.83726],[-4.18684,55.83727],[-4.18758,55.83714],[-4.19009,55.83605],[-4.19018,55.83591],[-4.19078,55.83577],[-4.1914,55.83532],[-4.19167,55.83494],[-4.19178,55.83453],[-4.19155,55.83328],[-4.19162,55.83277],[-4.19201,55.83247],[-4.19287,55.83224],[-4.19383,55.8322],[-4.19475,55.83235],[-4.1959,55.83277],[-4.19818,55.83377],[-4.19853,55.83406],[-4.19879,55.83458],[-4.19859,55.83532],[-4.19762,55.83601],[-4.19529,55.837],[-4.19494,55.83723],[-4.19434,55.83796],[-4.19449,55.8388],[-4.19563,55.83982],[-4.1966,55.84044],[-4.19699,55.84058],[-4.20216,55.84407],[-4.20296,55.84452],[-4.20343,55.84467]]},"properties":{"id":599,"type":"shared","opened":"2017-09-15","name":"NCN 75","scheme":null,"km":4.897}},{"type":"Feature","geometry":{"type":"LineString","coordinates":[[-4.36118,55.83886],[-4.36203,55.83952],[-4.36337,55.84025],[-4.36355,55.84047],[-4.3635,55.8407],[-4.36287,55.84154],[-4.3618,55.84203],[-4.36111,55.84208],[-4.36122,55.84263],[-4.36108,55.84294],[-4.35896,55.84317],[-4.35854,55.84386]]},"properties":{"id":600,"type":"shared","opened":"2017-09-15","name":"Rosshall Park","scheme":null,"km":0.812}},{"type":"Feature","geometry":{"type":"LineString","coordinates":[[-4.3378,55.88017],[-4.33765,55.88066],[-4.33673,55.88151],[-4.33608,55.88188],[-4.33411,55.88237]]},"properties":{"id":602,"type":"shared","opened":"2017-09-15","name":"Jordanhill Nature Trail","scheme":null,"km":0.36}},{"type":"Feature","geometry":{"type":"LineString","coordinates":[[-4.34852,55.82466],[-4.352,55.82326],[-4.35285,55.82277],[-4.35339,55.82257],[-4.35438,55.82243],[-4.35569,55.82287],[-4.35627,55.8227],[-4.35888,55.82262],[-4.36097,55.82217],[-4.36192,55.8216],[-4.36241,55.82141],[-4.36547,55.8205],[-4.36685,55.82019],[-4.36844,55.81819]]},"properties":{"id":621,"type":"shared","opened":"2017-09-15","name":"Househill Park","scheme":null,"km":1.57}},{"type":"Feature","geometry":{"type":"LineString","coordinates":[[-4.23619,55.7943],[-4.23653,55.79486]]},"properties":{"id":622,"type":"shared","opened":"2017-09-15","name":"Cathkin Braes","scheme":null,"km":0.065}},{"type":"Feature","geometry":{"type":"LineString","coordinates":[[-4.2871,55.85654],[-4.28517,55.85626],[-4.28487,55.85629],[-4.28208,55.85751],[-4.28182,55.85772]]},"properties":{"id":623,"type":"mixed","opened":"2017-09-15","name":"Clyde Arc (Govan Rd - Finnieston St)","scheme":null,"km":0.394}},{"type":"Feature","geometry":{"type":"LineString","coordinates":[[-4.28965,55.85332],[-4.28963,55.85355],[-4.28986,55.85361],[-4.2898,55.85371],[-4.2894,55.85369],[-4.28893,55.85378],[-4.2884,55.85408],[-4.28796,55.85601]]},"properties":{"id":629,"type":"segregated","opened":"2017-09-15","name":"NCN 7","scheme":null,"km":0.374}},{"type":"Feature","geometry":{"type":"LineString","coordinates":[[-4.29746,55.85058],[-4.29365,55.851],[-4.29385,55.85169],[-4.29414,55.85201],[-4.294,55.85341],[-4.28961,55.85325]]},"properties":{"id":630,"type":"mixed","opened":"2017-09-15","name":"NCN 7","scheme":null,"km":0.794}},{"type":"Feature","geometry":{"type":"LineString","coordinates":[[-4.29619,55.893],[-4.29653,55.89264],[-4.29696,55.89271],[-4.29709,55.89287],[-4.29743,55.89299],[-4.29779,55.89301],[-4.29799,55.89318],[-4.29897,55.89315],[-4.29945,55.89296],[-4.29983,55.89295],[-4.30045,55.89262],[-4.30197,55.89229],[-4.30242,55.89209]]},"properties":{"id":631,"type":"shared","opened":"2017-09-15","name":"NCN 754","scheme":"Forth & Clyde Canal","km":0.484}},{"type":"Feature","geometry":{"type":"LineString","coordinates":[[-4.20325,55.87607],[-4.20126,55.87724],[-4.19993,55.87757]]},"properties":{"id":634,"type":"segregated","opened":"2021-05-01","name":"Royston Rd","scheme":"Armadillo","km":0.273}},{"type":"Feature","geometry":{"type":"LineString","coordinates":[[-4.17336,55.88185],[-4.16768,55.88267],[-4.16459,55.88346]]},"properties":{"id":635,"type":"segregated","opened":"2020-08-20","name":"Cumbernauld Rd","scheme":"Armadillo","km":0.581}},{"type":"Feature","geometry":{"type":"LineString","coordinates":[[-4.21534,55.87272],[-4.21396,55.87314],[-4.21314,55.87329],[-4.21136,55.87355],[-4.20911,55.87363],[-4.20769,55.87388],[-4.20498,55.8751],[-4.20325,55.87607]]},"properties":{"id":636,"type":"segregated","opened":"2021-05-01","name":"Royston Rd","scheme":"Armadillo","km":0.872}},{"type":"Feature","geometry":{"type":"LineString","coordinates":[[-4.19406,55.87836],[-4.19399,55.87766],[-4.19365,55.87726],[-4.19289,55.87687],[-4.19163,55.87642],[-4.18363,55.87481]]},"properties":{"id":638,"type":"segregated","opened":"2020-08-20","name":"Provanmill Rd","scheme":"Armadillo","km":0.817}},{"type":"Feature","geometry":{"type":"LineString","coordinates":[[-4.16562,55.88325],[-4.16303,55.88406],[-4.15843,55.88591]]},"properties":{"id":639,"type":"lane","opened":"2020-08-20","name":"Cumbernauld Rd","scheme":null,"km":0.54}},{"type":"Feature","geometry":{"type":"LineString","coordinates":[[-4.37322,55.88677],[-4.37119,55.8859]]},"properties":{"id":640,"type":"mixed","opened":"2017-09-15","name":"Speirshall Close","scheme":null,"km":0.159}},{"type":"Feature","geometry":{"type":"LineString","coordinates":[[-4.33296,55.87445],[-4.33161,55.87419],[-4.33225,55.87311],[-4.33289,55.8732],[-4.33295,55.87312],[-4.33219,55.87293]]},"properties":{"id":641,"type":"shared","opened":"2017-09-15","name":"Glendore Street","scheme":null,"km":0.324}},{"type":"Feature","geometry":{"type":"LineString","coordinates":[[-4.25125,55.87054],[-4.25043,55.87041],[-4.24807,55.87021],[-4.24767,55.87026]]},"properties":{"id":643,"type":"shared","opened":"2017-09-15","name":"Path between Craighall Rd and","scheme":"Scottish Outdoor Access Code","km":0.229}},{"type":"Feature","geometry":{"type":"LineString","coordinates":[[-4.37169,55.91075],[-4.37056,55.91088],[-4.37033,55.91082],[-4.37011,55.91091],[-4.36941,55.91095],[-4.36882,55.91085],[-4.36694,55.91033],[-4.3666,55.90982],[-4.36554,55.90949]]},"properties":{"id":647,"type":"shared","opened":"2017-09-15","name":"The Drumchapel Way","scheme":"Waterproof surfaces","km":0.458}},{"type":"Feature","geometry":{"type":"LineString","coordinates":[[-4.3011,55.82378],[-4.30356,55.82157],[-4.30405,55.82131],[-4.30443,55.82128]]},"properties":{"id":648,"type":"shared","opened":"2017-09-15","name":"Pollokshaws Road","scheme":null,"km":0.359}},{"type":"Feature","geometry":{"type":"LineString","coordinates":[[-4.33213,55.87292],[-4.33298,55.8715],[-4.33317,55.87145]]},"properties":{"id":649,"type":"shared","opened":"2017-09-15","name":"Smith Street","scheme":null,"km":0.184}},{"type":"Feature","geometry":{"type":"LineString","coordinates":[[-4.31651,55.86878],[-4.31496,55.86838],[-4.31495,55.8683],[-4.31476,55.86832],[-4.31288,55.86772],[-4.31153,55.86783]]},"properties":{"id":653,"type":"shared","opened":"2017-09-15","name":"Path alongside of Castlebank St","scheme":null,"km":0.351}},{"type":"Feature","geometry":{"type":"LineString","coordinates":[[-4.30207,55.82066],[-4.30238,55.81953]]},"properties":{"id":654,"type":"shared","opened":"2017-09-15","name":"Auldhouse Park aka Greenbank Park","scheme":null,"km":0.127}},{"type":"Feature","geometry":{"type":"LineString","coordinates":[[-4.16225,55.88069],[-4.16358,55.88039],[-4.16425,55.88039],[-4.16551,55.88053],[-4.16673,55.88052]]},"properties":{"id":657,"type":"shared","opened":"2017-09-15","name":"Hogganfield Loch AKA Molendinar Burn","scheme":"Hogganfield Loch","km":0.291}},{"type":"Feature","geometry":{"type":"LineString","coordinates":[[-4.29688,55.82373],[-4.29697,55.82376],[-4.29744,55.82367],[-4.29868,55.82411],[-4.29955,55.82447],[-4.29981,55.82477]]},"properties":{"id":658,"type":"shared","opened":"2017-09-15","name":"Path from Pollokshaws Rd to Shawbridge st","scheme":null,"km":0.235}},{"type":"Feature","geometry":{"type":"LineString","coordinates":[[-4.2942,55.8555],[-4.2938,55.85524],[-4.2943,55.85508],[-4.29436,55.85498],[-4.29408,55.8549],[-4.29328,55.85487],[-4.29174,55.85438],[-4.29123,55.85449],[-4.29076,55.8543],[-4.29052,55.85429],[-4.2898,55.85464],[-4.28943,55.85468],[-4.28879,55.85455],[-4.28832,55.85421]]},"properties":{"id":659,"type":"shared","opened":"2017-09-15","name":"Festival Park","scheme":null,"km":0.533}},{"type":"Feature","geometry":{"type":"LineString","coordinates":[[-4.29025,55.85443],[-4.29107,55.85482],[-4.29154,55.85472],[-4.29211,55.85486],[-4.29233,55.85457]]},"properties":{"id":660,"type":"shared","opened":"2017-09-15","name":"Festival Park","scheme":null,"km":0.176}},{"type":"Feature","geometry":{"type":"LineString","coordinates":[[-4.2938,55.85524],[-4.29333,55.85527],[-4.29286,55.85518],[-4.29211,55.85486]]},"properties":{"id":661,"type":"shared","opened":"2017-09-15","name":"Festival Park","scheme":null,"km":0.121}},{"type":"Feature","geometry":{"type":"LineString","coordinates":[[-4.28779,55.85641],[-4.28986,55.85664],[-4.29119,55.85654],[-4.29251,55.85621],[-4.29423,55.85549],[-4.29504,55.85523],[-4.29611,55.8551]]},"properties":{"id":664,"type":"shared","opened":"2017-09-15","name":"Pacific Drive","scheme":null,"km":0.572}},{"type":"Feature","geometry":{"type":"LineString","coordinates":[[-4.29233,55.85457],[-4.29358,55.85467],[-4.29357,55.85451]]},"properties":{"id":665,"type":"shared","opened":"2017-09-15","name":"Festival Park","scheme":null,"km":0.097}},{"type":"Feature","geometry":{"type":"LineString","coordinates":[[-4.2933,55.85465],[-4.29374,55.85488]]},"properties":{"id":666,"type":"shared","opened":"2017-09-15","name":"Festival Park","scheme":null,"km":0.038}},{"type":"Feature","geometry":{"type":"LineString","coordinates":[[-4.1547,55.87705],[-4.15569,55.87788],[-4.15529,55.87929],[-4.15628,55.87934],[-4.15648,55.87957],[-4.15283,55.87922],[-4.15319,55.88075],[-4.15359,55.88111],[-4.15534,55.88083],[-4.15856,55.88079],[-4.16072,55.88063],[-4.16135,55.88089],[-4.16218,55.88101],[-4.16245,55.88097],[-4.16249,55.88066]]},"properties":{"id":669,"type":"shared","opened":"2017-09-15","name":"Seven Loch Wetland Park","scheme":null,"km":1.427}},{"type":"Feature","geometry":{"type":"LineString","coordinates":[[-4.2898,55.85371],[-4.29594,55.85499],[-4.29611,55.8551]]},"properties":{"id":670,"type":"shared","opened":"2017-09-15","name":"Govan Road","scheme":null,"km":0.428}},{"type":"Feature","geometry":{"type":"LineString","coordinates":[[-4.22001,55.84156],[-4.21814,55.84225],[-4.21764,55.84263]]},"properties":{"id":671,"type":"shared","opened":"2017-09-15","name":"Path @Dalmarnock Station","scheme":null,"km":0.195}},{"type":"Feature","geometry":{"type":"LineString","coordinates":[[-4.33315,55.86324],[-4.33314,55.86371],[-4.33526,55.86403]]},"properties":{"id":673,"type":"shared","opened":"2017-09-15","name":"Peninver Dr","scheme":null,"km":0.191}},{"type":"Feature","geometry":{"type":"LineString","coordinates":[[-4.29609,55.85507],[-4.29648,55.85495],[-4.29961,55.85563],[-4.3,55.85586],[-4.2999,55.85621],[-4.30259,55.85676]]},"properties":{"id":677,"type":"shared","opened":"2017-09-15","name":"Govan Rd- Summertown Rd","scheme":null,"km":0.496}},{"type":"Feature","geometry":{"type":"LineString","coordinates":[[-4.15808,55.82816],[-4.15901,55.82807],[-4.15988,55.82788],[-4.16168,55.82735],[-4.16202,55.82715],[-4.16474,55.82614],[-4.16595,55.82602],[-4.16814,55.8253],[-4.16911,55.82488],[-4.17042,55.82416],[-4.17113,55.82389],[-4.17119,55.82367]]},"properties":{"id":682,"type":"shared","opened":"2017-09-15","name":"Path along River Clyde from Clydeford Rd","scheme":null,"km":0.987}},{"type":"Feature","geometry":{"type":"LineString","coordinates":[[-4.29615,55.86482],[-4.29696,55.86491],[-4.298,55.86515],[-4.30026,55.86609],[-4.30029,55.86628],[-4.30075,55.86653],[-4.30095,55.86709],[-4.30069,55.86769],[-4.30013,55.86798]]},"properties":{"id":683,"type":"shared","opened":"2017-09-15","name":"Yorkhill Park","scheme":null,"km":0.541}},{"type":"Feature","geometry":{"type":"LineString","coordinates":[[-4.29191,55.85989],[-4.29271,55.85877]]},"properties":{"id":684,"type":"shared","opened":"2017-09-15","name":"Millennium Bridge","scheme":null,"km":0.134}},{"type":"Feature","geometry":{"type":"LineString","coordinates":[[-4.32333,55.84515],[-4.32365,55.84515],[-4.32426,55.8448]]},"properties":{"id":692,"type":"shared","opened":"2017-09-15","name":"Bellahouston Park","scheme":null,"km":0.076}},{"type":"Feature","geometry":{"type":"LineString","coordinates":[[-4.23214,55.84733],[-4.23176,55.84736],[-4.22847,55.84824]]},"properties":{"id":694,"type":"segregated","opened":"2023-07-06","name":"NCN LINK 75","scheme":"Thermoplastic Signage","km":0.253}},{"type":"Feature","geometry":{"type":"LineString","coordinates":[[-4.27078,55.86699],[-4.27081,55.86648],[-4.27058,55.86631],[-4.26193,55.86527]]},"properties":{"id":695,"type":"segregated","opened":"2017-09-15","name":"Sauchiehall Street","scheme":"Avenue Pilot","km":0.635}},{"type":"Feature","geometry":{"type":"LineString","coordinates":[[-4.24474,55.86841],[-4.24471,55.86859],[-4.24449,55.86867],[-4.24429,55.86861],[-4.24417,55.86866],[-4.24419,55.86874],[-4.24449,55.8688],[-4.2442,55.86887],[-4.24418,55.86897],[-4.24452,55.86894],[-4.24479,55.86911],[-4.24501,55.86912],[-4.24509,55.86925],[-4.24481,55.8693],[-4.24467,55.86915],[-4.24444,55.86915],[-4.24426,55.86985]]},"properties":{"id":698,"type":"shared","opened":"2017-09-15","name":"Sighhill Foot bridge over M8","scheme":"Sighthill TRA project","km":0.339}},{"type":"Feature","geometry":{"type":"LineString","coordinates":[[-4.31942,55.8277],[-4.31985,55.82769],[-4.32049,55.82799],[-4.32078,55.828],[-4.32192,55.82835]]},"properties":{"id":699,"type":"shared","opened":"2017-09-15","name":"Pollok Country Park","scheme":null,"km":0.179}},{"type":"Feature","geometry":{"type":"LineString","coordinates":[[-4.32002,55.82846],[-4.31982,55.82843],[-4.31978,55.82853]]},"properties":{"id":701,"type":"shared","opened":"2017-09-15","name":"NCN 7","scheme":"Pollok Country Park","km":0.027}},{"type":"Feature","geometry":{"type":"LineString","coordinates":[[-4.29331,55.86943],[-4.2924,55.86927],[-4.29149,55.86938],[-4.29067,55.86938],[-4.28957,55.86845],[-4.28783,55.8679]]},"properties":{"id":703,"type":"shared","opened":"2017-09-15","name":"Kelvingrove Park","scheme":null,"km":0.42}},{"type":"Feature","geometry":{"type":"LineString","coordinates":[[-4.28348,55.86695],[-4.28251,55.86687],[-4.28065,55.86686],[-4.28065,55.86674]]},"properties":{"id":704,"type":"shared","opened":"2017-09-15","name":"NCN 756","scheme":"Kelvingrove Park","km":0.193}},{"type":"Feature","geometry":{"type":"LineString","coordinates":[[-4.3032,55.81999],[-4.30337,55.82065],[-4.30389,55.82101],[-4.30566,55.82116],[-4.30596,55.8211],[-4.30608,55.82096],[-4.3062,55.82099],[-4.30631,55.82124],[-4.31083,55.82193],[-4.31645,55.82222],[-4.32296,55.82223],[-4.32872,55.82253]]},"properties":{"id":705,"type":"shared","opened":"2017-09-15","name":"Barrhead Rd","scheme":null,"km":1.733}},{"type":"Feature","geometry":{"type":"LineString","coordinates":[[-4.24749,55.83213],[-4.24207,55.83114],[-4.24153,55.83111]]},"properties":{"id":716,"type":"shared","opened":"2017-09-15","name":"Malls Mire path","scheme":null,"km":0.391}},{"type":"Feature","geometry":{"type":"LineString","coordinates":[[-4.23582,55.83052],[-4.2353,55.83048],[-4.23343,55.83055],[-4.23028,55.83042]]},"properties":{"id":717,"type":"shared","opened":"2017-09-15","name":"Malls Mire Community Woodland","scheme":null,"km":0.351}},{"type":"Feature","geometry":{"type":"LineString","coordinates":[[-4.29125,55.88128],[-4.29047,55.88081],[-4.28851,55.88022]]},"properties":{"id":734,"type":"shared","opened":"2017-09-15","name":"NCN 756","scheme":"Kelvin Walkway","km":0.212}},{"type":"Feature","geometry":{"type":"LineString","coordinates":[[-4.29176,55.8815],[-4.29125,55.88128]]},"properties":{"id":735,"type":"shared","opened":"2017-09-15","name":"NCN 756","scheme":"Kelvin Walkway","km":0.041}},{"type":"Feature","geometry":{"type":"LineString","coordinates":[[-4.29176,55.8815],[-4.29226,55.88165],[-4.29212,55.88182]]},"properties":{"id":739,"type":"shared","opened":"2017-09-15","name":"NCN 756","scheme":null,"km":0.056}},{"type":"Feature","geometry":{"type":"LineString","coordinates":[[-4.34027,55.8321],[-4.34,55.83468],[-4.34017,55.83575],[-4.34039,55.83616],[-4.34072,55.83665],[-4.34131,55.83718],[-4.34419,55.83907],[-4.34475,55.83928],[-4.34799,55.84003],[-4.34934,55.84029],[-4.3504,55.84037],[-4.35498,55.84031],[-4.35575,55.84024],[-4.35639,55.84008],[-4.35721,55.83969]]},"properties":{"id":743,"type":"mixed","opened":"2017-09-15","name":"NCN 7","scheme":null,"km":1.726}},{"type":"Feature","geometry":{"type":"LineString","coordinates":[[-4.2433,55.81018],[-4.24332,55.81111],[-4.24378,55.8121]]},"properties":{"id":744,"type":"mixed","opened":"2017-09-15","name":"Thorncroft Dr","scheme":"Cycle Marking on Road","km":0.218}},{"type":"Feature","geometry":{"type":"LineString","coordinates":[[-4.28147,55.88482],[-4.28121,55.88497]]},"properties":{"id":746,"type":"shared","opened":"2017-09-15","name":"Sandfield St","scheme":null,"km":0.023}},{"type":"Feature","geometry":{"type":"LineString","coordinates":[[-4.2229,55.84258],[-4.22503,55.84257],[-4.22556,55.84245]]},"properties":{"id":747,"type":"segregated","opened":"2017-09-15","name":"Clyde gateway","scheme":null,"km":0.17}},{"type":"Feature","geometry":{"type":"LineString","coordinates":[[-4.26138,55.87408],[-4.2618,55.87451],[-4.26285,55.87511],[-4.26607,55.87759],[-4.26749,55.87808],[-4.26869,55.8787]]},"properties":{"id":748,"type":"segregated","opened":"2021-06-06","name":"Garscube Road","scheme":"Connecting Woodside","km":0.697}},{"type":"Feature","geometry":{"type":"LineString","coordinates":[[-4.26137,55.8763],[-4.26123,55.87522]]},"properties":{"id":750,"type":"mixed","opened":"2017-09-15","name":"Bairds Brae","scheme":null,"km":0.122}},{"type":"Feature","geometry":{"type":"LineString","coordinates":[[-4.26024,55.87061],[-4.2601,55.87051]]},"properties":{"id":751,"type":"shared","opened":"2017-09-15","name":"Footway @Garscube Rd-Civic House","scheme":null,"km":0.014}},{"type":"Feature","geometry":{"type":"LineString","coordinates":[[-4.3775,55.88862],[-4.3749,55.89053],[-4.37382,55.89148],[-4.37207,55.89353],[-4.37168,55.89431]]},"properties":{"id":752,"type":"lane","opened":"2017-09-15","name":"Kelso St","scheme":null,"km":0.738}},{"type":"Feature","geometry":{"type":"LineString","coordinates":[[-4.13493,55.84031],[-4.13377,55.84],[-4.13357,55.84],[-4.13077,55.84047],[-4.12941,55.84055],[-4.12558,55.84036],[-4.12319,55.84012]]},"properties":{"id":753,"type":"segregated","opened":"2017-09-15","name":"Hamilton Rd","scheme":"East City Way","km":0.756}},{"type":"Feature","geometry":{"type":"LineString","coordinates":[[-4.26196,55.87446],[-4.26315,55.87407]]},"properties":{"id":754,"type":"segregated","opened":"2021-06-06","name":"St George's Rd","scheme":"Connecting Woodside","km":0.087}},{"type":"Feature","geometry":{"type":"LineString","coordinates":[[-4.12316,55.84016],[-4.12228,55.83987],[-4.11754,55.83777]]},"properties":{"id":755,"type":"segregated","opened":"2017-09-15","name":"Hamilton Rd","scheme":"East City Way","km":0.442}},{"type":"Feature","geometry":{"type":"LineString","coordinates":[[-4.26138,55.87408],[-4.26053,55.87112],[-4.26024,55.87061]]},"properties":{"id":758,"type":"segregated","opened":"2021-06-06","name":"Garscube Road","scheme":"Connecting Woodside","km":0.393}},{"type":"Feature","geometry":{"type":"LineString","coordinates":[[-4.25939,55.87061],[-4.25941,55.87087],[-4.26008,55.87106],[-4.26164,55.87086],[-4.26309,55.87117],[-4.26319,55.87126]]},"properties":{"id":760,"type":"shared","opened":"2017-09-15","name":"Foot Overbridge from Civic House","scheme":null,"km":0.292}},{"type":"Feature","geometry":{"type":"LineString","coordinates":[[-4.3011,55.85246],[-4.30054,55.85393]]},"properties":{"id":761,"type":"lane","opened":"2017-09-15","name":"Whitefield Rd","scheme":null,"km":0.167}},{"type":"Feature","geometry":{"type":"LineString","coordinates":[[-4.33831,55.85993],[-4.33847,55.8597],[-4.33827,55.85986],[-4.33776,55.85976],[-4.33795,55.85952],[-4.33769,55.85977],[-4.3367,55.85955]]},"properties":{"id":762,"type":"shared","opened":"2017-09-15","name":"Underpass from Langlands Rd to Langlands Dr","scheme":null,"km":0.22}},{"type":"Feature","geometry":{"type":"LineString","coordinates":[[-4.33036,55.83159],[-4.33038,55.83235],[-4.33141,55.83276],[-4.33064,55.83327],[-4.32879,55.83409],[-4.329,55.83431],[-4.32979,55.83434]]},"properties":{"id":764,"type":"shared","opened":"2017-09-15","name":"Footbridge from Pollok Country Park to Hardridge Rd","scheme":null,"km":0.467}},{"type":"Feature","geometry":{"type":"LineString","coordinates":[[-4.23012,55.84266],[-4.23051,55.84286],[-4.23154,55.84308],[-4.23164,55.84318],[-4.2353,55.84307]]},"properties":{"id":765,"type":"shared","opened":"2017-09-15","name":"NCN 75","scheme":null,"km":0.346}},{"type":"Feature","geometry":{"type":"LineString","coordinates":[[-4.30207,55.82066],[-4.30191,55.82081],[-4.30287,55.82138],[-4.30285,55.82174],[-4.30089,55.82367],[-4.3011,55.82378],[-4.29936,55.82555],[-4.29868,55.82611],[-4.29702,55.82703],[-4.29631,55.82759],[-4.29602,55.828],[-4.29592,55.82844],[-4.29594,55.83083],[-4.29602,55.83235],[-4.29617,55.83307],[-4.29663,55.83401],[-4.29747,55.8346],[-4.29979,55.83532],[-4.30159,55.83618],[-4.30335,55.83686],[-4.30494,55.83776],[-4.30812,55.83851]]},"properties":{"id":769,"type":"shared","opened":"2017-09-15","name":"Dumbreck Rd - Haggs Rd- Pollockshaws Rd","scheme":"Thermoplastic sign mounted on ground","km":2.557}},{"type":"Feature","geometry":{"type":"LineString","coordinates":[[-4.23598,55.85193],[-4.23706,55.85211],[-4.23891,55.8536]]},"properties":{"id":771,"type":"mixed","opened":"2017-09-15","name":"W Carriageway @Glasgow Green","scheme":"Cycle Marking on Road","km":0.277}},{"type":"Feature","geometry":{"type":"LineString","coordinates":[[-4.23469,55.87086],[-4.23372,55.86989],[-4.2336,55.87002],[-4.2338,55.87006],[-4.23373,55.87015]]},"properties":{"id":772,"type":"shared","opened":"2017-09-15","name":"Foot bridge over Springburn Rd","scheme":null,"km":0.172}},{"type":"Feature","geometry":{"type":"LineString","coordinates":[[-4.23282,55.87379],[-4.23393,55.8702],[-4.2338,55.87006]]},"properties":{"id":773,"type":"shared","opened":"2017-09-15","name":"Springburn Rd","scheme":"Upright shared signage","km":0.425}},{"type":"Feature","geometry":{"type":"LineString","coordinates":[[-4.21475,55.85402],[-4.21487,55.85397],[-4.21519,55.85284],[-4.21545,55.85282],[-4.21552,55.85275],[-4.21608,55.85271],[-4.22003,55.85284],[-4.22221,55.85262],[-4.22468,55.85206],[-4.22539,55.85203],[-4.22762,55.85211],[-4.22855,55.85223],[-4.2286,55.85235],[-4.22838,55.8526],[-4.22856,55.85263],[-4.22867,55.85247],[-4.23044,55.85282],[-4.23051,55.85271],[-4.23392,55.85341],[-4.2348,55.8525],[-4.23598,55.85193]]},"properties":{"id":774,"type":"shared","opened":"2017-09-15","name":"Stevenson st-Crownpoint Rd- Fielden St","scheme":null,"km":1.646}},{"type":"Feature","geometry":{"type":"LineString","coordinates":[[-4.33852,55.85957],[-4.33856,55.85966],[-4.33831,55.85993]]},"properties":{"id":775,"type":"shared","opened":"2017-09-15","name":"Underpass from Langlands Rd to Langlands Dr","scheme":null,"km":0.046}},{"type":"Feature","geometry":{"type":"LineString","coordinates":[[-4.22584,55.84902],[-4.22459,55.84889],[-4.22211,55.84918],[-4.22024,55.84913],[-4.21836,55.84899]]},"properties":{"id":776,"type":"segregated","opened":"2023-07-06","name":"London Rd","scheme":null,"km":0.475}},{"type":"Feature","geometry":{"type":"LineString","coordinates":[[-4.23791,55.8492],[-4.23814,55.84953],[-4.23955,55.85039],[-4.24056,55.8512],[-4.24112,55.85141],[-4.2411,55.85165]]},"properties":{"id":777,"type":"shared","opened":"2017-09-15","name":"Glasgow Green","scheme":null,"km":0.349}},{"type":"Feature","geometry":{"type":"LineString","coordinates":[[-4.23812,55.85292],[-4.23851,55.85087]]},"properties":{"id":778,"type":"shared","opened":"2017-09-15","name":"Glasgow Green","scheme":null,"km":0.23}},{"type":"Feature","geometry":{"type":"LineString","coordinates":[[-4.23786,55.84918],[-4.23389,55.84946],[-4.23403,55.84957],[-4.23852,55.85088]]},"properties":{"id":779,"type":"shared","opened":"2017-09-15","name":"Glasgow Green","scheme":null,"km":0.583}},{"type":"Feature","geometry":{"type":"LineString","coordinates":[[-4.38637,55.91133],[-4.38632,55.91172],[-4.38651,55.91202],[-4.38755,55.91246],[-4.38782,55.91267],[-4.38815,55.91322],[-4.38805,55.91368],[-4.38816,55.91405],[-4.38721,55.91512],[-4.38726,55.91541],[-4.38763,55.91596]]},"properties":{"id":780,"type":"shared","opened":"2017-09-15","name":"Drumry Wood","scheme":"The Drumchapel Way","km":0.58}},{"type":"Feature","geometry":{"type":"LineString","coordinates":[[-4.33916,55.82361],[-4.33806,55.82705],[-4.33739,55.82729],[-4.33697,55.82767],[-4.33608,55.83028],[-4.33638,55.8308],[-4.33692,55.83109],[-4.33744,55.8312],[-4.33815,55.83119],[-4.33883,55.83101],[-4.33918,55.83079],[-4.33917,55.83119]]},"properties":{"id":781,"type":"mixed","opened":"2017-09-15","name":"Damshot Cres- Damshot Rd","scheme":null,"km":1.106}},{"type":"Feature","geometry":{"type":"LineString","coordinates":[[-4.33856,55.81603],[-4.33834,55.81579],[-4.33791,55.81559],[-4.33677,55.81453],[-4.33654,55.81412],[-4.33573,55.81329],[-4.33467,55.81184],[-4.3343,55.81176],[-4.3343,55.81164],[-4.33348,55.8117]]},"properties":{"id":782,"type":"shared","opened":"2017-09-15","name":"Priesthill Park","scheme":null,"km":0.624}},{"type":"Feature","geometry":{"type":"LineString","coordinates":[[-4.3376,55.80481],[-4.33749,55.80542],[-4.33678,55.80632],[-4.3369,55.80651],[-4.33769,55.80713],[-4.33778,55.80742],[-4.3377,55.80759],[-4.33732,55.80775],[-4.33579,55.8079],[-4.33526,55.8081],[-4.33418,55.80932],[-4.33355,55.8103],[-4.33348,55.8117]]},"properties":{"id":783,"type":"shared","opened":"2017-09-15","name":"Path from Nitshill Rd to Kennishead Rd","scheme":null,"km":0.933}},{"type":"Feature","geometry":{"type":"LineString","coordinates":[[-4.24676,55.85311],[-4.24644,55.85332],[-4.2457,55.85331],[-4.24363,55.85257],[-4.24338,55.85261],[-4.24322,55.85255],[-4.2432,55.85241],[-4.2411,55.85163],[-4.24084,55.85176],[-4.24031,55.85161],[-4.24046,55.85146],[-4.23859,55.85086],[-4.23814,55.84953],[-4.23631,55.84877],[-4.23576,55.8482],[-4.23548,55.84638]]},"properties":{"id":784,"type":"shared","opened":"2017-09-15","name":"Glasgow Green","scheme":null,"km":1.219}},{"type":"Feature","geometry":{"type":"LineString","coordinates":[[-4.23604,55.84747],[-4.2359,55.8473],[-4.23604,55.84707],[-4.23559,55.84711],[-4.23382,55.84777]]},"properties":{"id":785,"type":"shared","opened":"2017-09-15","name":"Glasgow Green","scheme":null,"km":0.21}},{"type":"Feature","geometry":{"type":"LineString","coordinates":[[-4.25116,55.8546],[-4.25153,55.85448],[-4.25721,55.85605],[-4.2592,55.85624],[-4.25927,55.85644],[-4.25959,55.85644]]},"properties":{"id":786,"type":"shared","opened":"2017-09-15","name":"NCN 75","scheme":null,"km":0.597}},{"type":"Feature","geometry":{"type":"LineString","coordinates":[[-4.37053,55.81297],[-4.37259,55.81278],[-4.3731,55.81263],[-4.37311,55.8125],[-4.37346,55.81232],[-4.37414,55.81215],[-4.37358,55.81221],[-4.37268,55.81245],[-4.36997,55.81246],[-4.36861,55.81238],[-4.36725,55.81094],[-4.36684,55.81075]]},"properties":{"id":787,"type":"shared","opened":"2017-09-15","name":"Path from Whitriggs Rd","scheme":null,"km":0.832}},{"type":"Feature","geometry":{"type":"LineString","coordinates":[[-4.36484,55.81663],[-4.36601,55.81701],[-4.36619,55.81669],[-4.36757,55.81579],[-4.36954,55.81507],[-4.3701,55.81475],[-4.37015,55.81445],[-4.36992,55.81348],[-4.37011,55.81323],[-4.37053,55.81296],[-4.36946,55.81284],[-4.36884,55.81267],[-4.36796,55.81266],[-4.36779,55.81271],[-4.36764,55.8129]]},"properties":{"id":788,"type":"shared","opened":"2017-09-15","name":"Path from Maybole St","scheme":null,"km":0.87}},{"type":"Feature","geometry":{"type":"LineString","coordinates":[[-4.23653,55.79486],[-4.23681,55.79528],[-4.23962,55.79725],[-4.23992,55.79765],[-4.23979,55.7981]]},"properties":{"id":789,"type":"shared","opened":"2017-09-15","name":"Cathkin Braes","scheme":null,"km":0.433}},{"type":"Feature","geometry":{"type":"LineString","coordinates":[[-4.37937,55.92005],[-4.37902,55.92004],[-4.37898,55.9202],[-4.37818,55.92001],[-4.3784,55.92042],[-4.37791,55.92045],[-4.37733,55.92036],[-4.37669,55.92015],[-4.37546,55.91996],[-4.37496,55.91973],[-4.37381,55.91981],[-4.37268,55.91963],[-4.36984,55.91951],[-4.3689,55.91938],[-4.36894,55.91922]]},"properties":{"id":790,"type":"shared","opened":"2017-09-15","name":"Cleddans Burn","scheme":null,"km":0.789}},{"type":"Feature","geometry":{"type":"LineString","coordinates":[[-4.3803,55.91738],[-4.38082,55.91823],[-4.37877,55.91876],[-4.37946,55.92003],[-4.37937,55.92005]]},"properties":{"id":791,"type":"mixed","opened":"2017-09-15","name":"Lillyburn Pl-Achamore Rd","scheme":null,"km":0.398}},{"type":"Feature","geometry":{"type":"LineString","coordinates":[[-4.34009,55.81436],[-4.33961,55.81389],[-4.3384,55.81224],[-4.33817,55.81171]]},"properties":{"id":793,"type":"shared","opened":"2017-09-15","name":"Priesthill Park","scheme":null,"km":0.323}},{"type":"Feature","geometry":{"type":"LineString","coordinates":[[-4.33922,55.8319],[-4.33775,55.83236]]},"properties":{"id":794,"type":"segregated","opened":"2020-09-13","name":"NCN 7","scheme":"Armadillo","km":0.105}},{"type":"Feature","geometry":{"type":"LineString","coordinates":[[-4.29195,55.85482],[-4.29167,55.85515],[-4.29159,55.8555],[-4.29135,55.85556],[-4.29125,55.85583]]},"properties":{"id":795,"type":"shared","opened":"2017-09-15","name":"Path to Festival Park @Festive Court","scheme":null,"km":0.127}},{"type":"Feature","geometry":{"type":"LineString","coordinates":[[-4.27499,55.86187],[-4.27604,55.86511],[-4.27993,55.86488],[-4.28007,55.86493],[-4.28033,55.86572]]},"properties":{"id":796,"type":"segregated","opened":"2017-09-15","name":"NCN 756","scheme":"West City Way","km":0.718}},{"type":"Feature","geometry":{"type":"LineString","coordinates":[[-4.23169,55.79177],[-4.23073,55.79144],[-4.22999,55.79147],[-4.22887,55.79167],[-4.22581,55.79248]]},"properties":{"id":797,"type":"shared","opened":"2017-09-15","name":"Path along Cathkin Rd","scheme":null,"km":0.404}},{"type":"Feature","geometry":{"type":"LineString","coordinates":[[-4.28406,55.85672],[-4.28459,55.8565],[-4.28468,55.85656],[-4.28442,55.85692],[-4.28962,55.85811]]},"properties":{"id":798,"type":"shared","opened":"2017-09-15","name":"Path from Bell Bridge to Clyde Arc Bridge","scheme":null,"km":0.446}},{"type":"Feature","geometry":{"type":"LineString","coordinates":[[-4.26495,55.86082],[-4.26608,55.86096],[-4.2662,55.86081],[-4.26644,55.86081]]},"properties":{"id":800,"type":"segregated","opened":"2017-09-15","name":"Waterloo St","scheme":"West City Way","km":0.107}},{"type":"Feature","geometry":{"type":"LineString","coordinates":[[-4.25896,55.86025],[-4.26495,55.86082]]},"properties":{"id":801,"type":"segregated","opened":"2017-09-15","name":"Waterloo St","scheme":"West City Way","km":0.381}},{"type":"Feature","geometry":{"type":"LineString","coordinates":[[-4.27654,55.84982],[-4.27509,55.84796],[-4.27482,55.84731],[-4.2748,55.84695],[-4.27516,55.84591]]},"properties":{"id":802,"type":"segregated","opened":"2017-09-15","name":"Shields Rd","scheme":"South-West City Way","km":0.458}},{"type":"Feature","geometry":{"type":"LineString","coordinates":[[-4.26397,55.85536],[-4.26414,55.85523],[-4.2644,55.85452],[-4.2643,55.85429],[-4.26598,55.84971]]},"properties":{"id":803,"type":"segregated","opened":"2017-09-15","name":"West St","scheme":"South-West City Way","km":0.646}},{"type":"Feature","geometry":{"type":"LineString","coordinates":[[-4.12327,55.8401],[-4.12239,55.83981],[-4.11764,55.83771]]},"properties":{"id":804,"type":"segregated","opened":"2017-09-15","name":"Hamilton Rd","scheme":"East City Way","km":0.444}},{"type":"Feature","geometry":{"type":"LineString","coordinates":[[-4.27654,55.84982],[-4.26879,55.84992],[-4.2664,55.8496],[-4.26613,55.8496],[-4.26598,55.84971]]},"properties":{"id":805,"type":"segregated","opened":"2017-09-15","name":"Scotland St","scheme":"South-West City Way","km":0.671}},{"type":"Feature","geometry":{"type":"LineString","coordinates":[[-4.27097,55.8604],[-4.27386,55.86156],[-4.27499,55.86187]]},"properties":{"id":806,"type":"mixed","opened":"2017-09-15","name":"NCN 756","scheme":null,"km":0.301}},{"type":"Feature","geometry":{"type":"LineString","coordinates":[[-4.25959,55.85644],[-4.2599,55.85643]]},"properties":{"id":807,"type":"shared","opened":"2017-09-15","name":"NCN 75","scheme":null,"km":0.019}},{"type":"Feature","geometry":{"type":"LineString","coordinates":[[-4.19937,55.8471],[-4.20112,55.84594],[-4.20235,55.84527],[-4.20248,55.84511],[-4.20343,55.84467]]},"properties":{"id":808,"type":"shared","opened":"2017-09-15","name":"Path from London Rd to Clyde Walkway","scheme":null,"km":0.374}},{"type":"Feature","geometry":{"type":"LineString","coordinates":[[-4.28155,55.8577],[-4.28322,55.85814],[-4.28433,55.85869],[-4.28556,55.85867]]},"properties":{"id":811,"type":"shared","opened":"2017-09-15","name":"NCN 75","scheme":null,"km":0.289}},{"type":"Feature","geometry":{"type":"LineString","coordinates":[[-4.26596,55.83366],[-4.26547,55.83493]]},"properties":{"id":812,"type":"segregated","opened":"2018-11-14","name":"Victoria Rd","scheme":"South City Way","km":0.146}},{"type":"Feature","geometry":{"type":"LineString","coordinates":[[-4.26123,55.87522],[-4.26135,55.87482],[-4.26169,55.87455],[-4.26196,55.87446]]},"properties":{"id":813,"type":"segregated","opened":"2021-06-06","name":"Possil Rd","scheme":"Connecting Woodside","km":0.102}},{"type":"Feature","geometry":{"type":"LineString","coordinates":[[-4.26963,55.87868],[-4.2687,55.8787]]},"properties":{"id":814,"type":"segregated","opened":"2021-06-06","name":"Hinshaw St","scheme":"Connecting Woodside","km":0.059}},{"type":"Feature","geometry":{"type":"LineString","coordinates":[[-4.26137,55.87637],[-4.26094,55.87672]]},"properties":{"id":815,"type":"shared","opened":"2017-09-15","name":"Path from Bairds Brae to Forth & Clyde Canal","scheme":null,"km":0.048}},{"type":"Feature","geometry":{"type":"LineString","coordinates":[[-4.26334,55.85653],[-4.26348,55.85624],[-4.264,55.85571],[-4.26397,55.85535]]},"properties":{"id":819,"type":"shared","opened":"2017-09-15","name":"NCN 756","scheme":null,"km":0.143}},{"type":"Feature","geometry":{"type":"LineString","coordinates":[[-4.23539,55.84219],[-4.23748,55.84229],[-4.23892,55.84253],[-4.24013,55.84287],[-4.24077,55.84329],[-4.24093,55.84355],[-4.24091,55.84385],[-4.24064,55.84462],[-4.23929,55.84604]]},"properties":{"id":820,"type":"shared","opened":"2017-09-15","name":"Glasgow Green","scheme":null,"km":0.703}},{"type":"Feature","geometry":{"type":"LineString","coordinates":[[-4.25962,55.85492],[-4.25957,55.85644]]},"properties":{"id":822,"type":"segregated","opened":"2025-06-01","name":"George V Bridge","scheme":null,"km":0.169}},{"type":"Feature","geometry":{"type":"LineString","coordinates":[[-4.3717,55.89422],[-4.37099,55.8944],[-4.37077,55.89436]]},"properties":{"id":823,"type":"shared","opened":"2017-09-15","name":"Path from Alderman Rd to Kelso St","scheme":null,"km":0.063}},{"type":"Feature","geometry":{"type":"LineString","coordinates":[[-4.27737,55.85271],[-4.27681,55.85271],[-4.27696,55.85046],[-4.27692,55.85025],[-4.27656,55.84982]]},"properties":{"id":824,"type":"shared","opened":"2017-09-15","name":"Path from Seaward St to Scotland St","scheme":null,"km":0.362}},{"type":"Feature","geometry":{"type":"LineString","coordinates":[[-4.27721,55.85369],[-4.27734,55.85271]]},"properties":{"id":825,"type":"lane","opened":"2017-09-15","name":"Seaward St","scheme":null,"km":0.109}},{"type":"Feature","geometry":{"type":"LineString","coordinates":[[-4.34154,55.81788],[-4.34122,55.81829],[-4.34139,55.81832],[-4.34121,55.8185],[-4.33974,55.81919],[-4.33965,55.81954],[-4.34041,55.82002],[-4.34008,55.82011],[-4.33972,55.81996],[-4.33939,55.82],[-4.33851,55.82145],[-4.33837,55.82189],[-4.33834,55.82275],[-4.33837,55.82311],[-4.33859,55.82323],[-4.33858,55.82337]]},"properties":{"id":828,"type":"shared","opened":"2017-09-15","name":"Silverburn Shopping Centre","scheme":null,"km":0.781}},{"type":"Feature","geometry":{"type":"LineString","coordinates":[[-4.10834,55.86227],[-4.10997,55.86252],[-4.11096,55.8625],[-4.11693,55.86322],[-4.11955,55.86373],[-4.1209,55.86377],[-4.12286,55.86416],[-4.1237,55.86441]]},"properties":{"id":836,"type":"shared","opened":"2017-09-15","name":"Swordale Pl path","scheme":null,"km":1.0}},{"type":"Feature","geometry":{"type":"LineString","coordinates":[[-4.29282,55.83848],[-4.29249,55.83854],[-4.29189,55.83888],[-4.29089,55.83928],[-4.29027,55.83944],[-4.2893,55.8395],[-4.28786,55.84007]]},"properties":{"id":837,"type":"shared","opened":"2017-09-15","name":"Maxwell Park","scheme":null,"km":0.368}},{"type":"Feature","geometry":{"type":"LineString","coordinates":[[-4.36855,55.91773],[-4.36881,55.91699]]},"properties":{"id":838,"type":"shared","opened":"2017-09-15","name":"Path from Kinfauns Dr to Kilcloy Av","scheme":null,"km":0.084}},{"type":"Feature","geometry":{"type":"LineString","coordinates":[[-4.21018,55.8698],[-4.21059,55.86825],[-4.21002,55.8674],[-4.20953,55.86749],[-4.20934,55.86732],[-4.20991,55.86717]]},"properties":{"id":839,"type":"shared","opened":"2017-09-15","name":"Path from Blochairn Rd to Sannox Gardens","scheme":null,"km":0.373}},{"type":"Feature","geometry":{"type":"LineString","coordinates":[[-4.20966,55.86607],[-4.20919,55.86635]]},"properties":{"id":840,"type":"shared","opened":"2017-09-15","name":"Alexandra Park","scheme":null,"km":0.043}},{"type":"Feature","geometry":{"type":"LineString","coordinates":[[-4.20966,55.86607],[-4.20921,55.86584]]},"properties":{"id":841,"type":"shared","opened":"2017-09-15","name":"Alexandra Park","scheme":null,"km":0.038}},{"type":"Feature","geometry":{"type":"LineString","coordinates":[[-4.28105,55.86686],[-4.28138,55.86704],[-4.28149,55.86735],[-4.28284,55.86772]]},"properties":{"id":842,"type":"shared","opened":"2017-09-15","name":"Kelvingrove Park","scheme":null,"km":0.163}},{"type":"Feature","geometry":{"type":"LineString","coordinates":[[-4.28353,55.86686],[-4.28348,55.86695]]},"properties":{"id":843,"type":"shared","opened":"2017-09-15","name":"Kelvingrove Park","scheme":null,"km":0.01}},{"type":"Feature","geometry":{"type":"LineString","coordinates":[[-4.28603,55.86754],[-4.28348,55.86695]]},"properties":{"id":844,"type":"shared","opened":"2017-09-15","name":"Kelvingrove Park","scheme":null,"km":0.173}},{"type":"Feature","geometry":{"type":"LineString","coordinates":[[-4.28618,55.86758],[-4.28504,55.86818],[-4.28413,55.86852],[-4.28386,55.86883]]},"properties":{"id":845,"type":"shared","opened":"2017-09-15","name":"Kelvingrove Park","scheme":null,"km":0.206}},{"type":"Feature","geometry":{"type":"LineString","coordinates":[[-4.28161,55.87185],[-4.28126,55.8721]]},"properties":{"id":846,"type":"shared","opened":"2017-09-15","name":"NCN 756","scheme":"Kelvin Walkway","km":0.036}},{"type":"Feature","geometry":{"type":"LineString","coordinates":[[-4.28783,55.8679],[-4.28603,55.86754]]},"properties":{"id":847,"type":"shared","opened":"2017-09-15","name":"Kelvingrove Park","scheme":null,"km":0.12}},{"type":"Feature","geometry":{"type":"LineString","coordinates":[[-4.32884,55.82256],[-4.33292,55.82283],[-4.33859,55.82334]]},"properties":{"id":848,"type":"shared","opened":"2017-09-15","name":"Barrhead Rd","scheme":null,"km":0.617}},{"type":"Feature","geometry":{"type":"LineString","coordinates":[[-4.29247,55.81588],[-4.29243,55.81593],[-4.29297,55.81621]]},"properties":{"id":849,"type":"shared","opened":"2017-09-15","name":"Path from Pentland Rd to Hillpark Dr","scheme":null,"km":0.053}},{"type":"Feature","geometry":{"type":"LineString","coordinates":[[-4.37089,55.88606],[-4.36797,55.89008]]},"properties":{"id":850,"type":"segregated","opened":"2020-09-13","name":"Dyke Rd (Holehouse Dr - Speirshall Close","scheme":"Armadillo","km":0.484}},{"type":"Feature","geometry":{"type":"LineString","coordinates":[[-4.3032,55.81999],[-4.30292,55.82001],[-4.3029,55.81991],[-4.30271,55.81988]]},"properties":{"id":851,"type":"shared","opened":"2017-09-15","name":"Thornliebank Rd","scheme":null,"km":0.04}},{"type":"Feature","geometry":{"type":"LineString","coordinates":[[-4.30271,55.81988],[-4.30267,55.81967],[-4.3024,55.81952]]},"properties":{"id":853,"type":"mixed","opened":"2017-09-15","name":"Harriet Place","scheme":null,"km":0.051}},{"type":"Feature","geometry":{"type":"LineString","coordinates":[[-4.29112,55.81374],[-4.29289,55.81415],[-4.29321,55.8143],[-4.29225,55.81488],[-4.29164,55.81546],[-4.29161,55.81555],[-4.29247,55.81588]]},"properties":{"id":854,"type":"mixed","opened":"2017-09-15","name":"Pentland Rd-Tinto Rd-Ledi Rd","scheme":null,"km":0.389}},{"type":"Feature","geometry":{"type":"LineString","coordinates":[[-4.24765,55.87027],[-4.24582,55.87001],[-4.24545,55.87007],[-4.24525,55.87019],[-4.24424,55.87003],[-4.24426,55.86985]]},"properties":{"id":856,"type":"shared","opened":"2017-09-15","name":"Path from Craighall Rd to Sighthill","scheme":"Sighthill TRA project","km":0.246}},{"type":"Feature","geometry":{"type":"LineString","coordinates":[[-4.24799,55.8709],[-4.24773,55.87092],[-4.24592,55.87192],[-4.24486,55.87194],[-4.24447,55.87208],[-4.24416,55.87236],[-4.24401,55.87312]]},"properties":{"id":859,"type":"shared","opened":"2017-09-15","name":"Terraces Wharf- Incline Lane","scheme":"Sighthill TRA project","km":0.395}},{"type":"Feature","geometry":{"type":"LineString","coordinates":[[-4.28627,55.84551],[-4.28329,55.84551],[-4.28228,55.84542],[-4.27554,55.8445]]},"properties":{"id":860,"type":"lane","opened":"2017-09-15","name":"Maxwell Dr","scheme":"Hump","km":0.685}},{"type":"Feature","geometry":{"type":"LineString","coordinates":[[-4.28643,55.84566],[-4.28624,55.84555]]},"properties":{"id":861,"type":"shared","opened":"2017-09-15","name":"Maxwell Dr","scheme":null,"km":0.018}},{"type":"Feature","geometry":{"type":"LineString","coordinates":[[-4.18858,55.88906],[-4.18921,55.88928],[-4.18982,55.8893],[-4.19218,55.88841],[-4.19315,55.88827],[-4.1948,55.88815],[-4.19564,55.8881],[-4.19871,55.88827],[-4.2007,55.88825]]},"properties":{"id":862,"type":"shared","opened":"2017-09-15","name":"Robroyston Park","scheme":null,"km":0.801}},{"type":"Feature","geometry":{"type":"LineString","coordinates":[[-4.28859,55.81646],[-4.28805,55.81708],[-4.28765,55.81781],[-4.28722,55.82113]]},"properties":{"id":869,"type":"lane","opened":"2017-09-15","name":"Kilmarnock Rd","scheme":"Signage","km":0.533}},{"type":"Feature","geometry":{"type":"LineString","coordinates":[[-4.36466,55.83805],[-4.36469,55.83756],[-4.36434,55.83714],[-4.36352,55.83705],[-4.36317,55.83692],[-4.36169,55.83694],[-4.3602,55.83768],[-4.35991,55.83808],[-4.36078,55.83854],[-4.36118,55.83886]]},"properties":{"id":872,"type":"shared","opened":"2017-09-15","name":"Rosshall Park","scheme":null,"km":0.571}},{"type":"Feature","geometry":{"type":"LineString","coordinates":[[-4.25867,55.86063],[-4.25883,55.86024],[-4.25896,55.86025]]},"properties":{"id":874,"type":"segregated","opened":"2017-09-15","name":"Hope Street","scheme":null,"km":0.055}},{"type":"Feature","geometry":{"type":"LineString","coordinates":[[-4.23586,55.79331],[-4.23619,55.7943]]},"properties":{"id":875,"type":"mixed","opened":"2017-09-15","name":"Windlaw Rd","scheme":null,"km":0.113}},{"type":"Feature","geometry":{"type":"LineString","coordinates":[[-4.24491,55.85263],[-4.24504,55.85283],[-4.24567,55.85301]]},"properties":{"id":876,"type":"shared","opened":"2017-09-15","name":"NCN 75","scheme":null,"km":0.068}},{"type":"Feature","geometry":{"type":"LineString","coordinates":[[-4.24712,55.82006],[-4.24683,55.82146],[-4.24693,55.82247],[-4.24687,55.82509]]},"properties":{"id":877,"type":"mixed","opened":"2017-09-15","name":"Kingswood Dr","scheme":"Cycle Marking on Road","km":0.562}},{"type":"Feature","geometry":{"type":"LineString","coordinates":[[-4.29297,55.81621],[-4.29262,55.81628],[-4.29257,55.81644],[-4.29282,55.81687],[-4.29326,55.81703],[-4.2934,55.81718],[-4.29353,55.81712],[-4.29854,55.81886]]},"properties":{"id":878,"type":"mixed","opened":"2017-09-15","name":"Holeburn Rd","scheme":null,"km":0.527}},{"type":"Feature","geometry":{"type":"LineString","coordinates":[[-4.27961,55.81185],[-4.27809,55.81317],[-4.27798,55.81354],[-4.27805,55.81393]]},"properties":{"id":879,"type":"lane","opened":"2017-09-15","name":"Langside Dr- Muirend Rd","scheme":null,"km":0.261}},{"type":"Feature","geometry":{"type":"LineString","coordinates":[[-4.27815,55.81417],[-4.27816,55.81782],[-4.278,55.81962]]},"properties":{"id":880,"type":"lane","opened":"2017-09-15","name":"Langside Dr","scheme":null,"km":0.607}},{"type":"Feature","geometry":{"type":"LineString","coordinates":[[-4.36797,55.89008],[-4.36583,55.89299]]},"properties":{"id":881,"type":"shared","opened":"2017-09-15","name":"Dyke Rd (Alderman Rd - Holehouse Dr)","scheme":null,"km":0.351}},{"type":"Feature","geometry":{"type":"LineString","coordinates":[[-4.35191,55.88924],[-4.3519,55.89025],[-4.35174,55.89101]]},"properties":{"id":882,"type":"segregated","opened":"2018-08-01","name":"Lincoln Ave","scheme":"Orcas","km":0.197}},{"type":"Feature","geometry":{"type":"LineString","coordinates":[[-4.29705,55.86273],[-4.29665,55.86259]]},"properties":{"id":883,"type":"shared","opened":"2017-09-15","name":"NCN 7","scheme":null,"km":0.029}},{"type":"Feature","geometry":{"type":"LineString","coordinates":[[-4.35174,55.89101],[-4.35097,55.89249],[-4.35038,55.89324],[-4.34923,55.8943]]},"properties":{"id":884,"type":"segregated","opened":"2018-08-01","name":"Lincoln Ave","scheme":"Orcas","km":0.402}},{"type":"Feature","geometry":{"type":"LineString","coordinates":[[-4.34923,55.8943],[-4.35135,55.89478],[-4.35432,55.89567]]},"properties":{"id":885,"type":"segregated","opened":"2018-08-01","name":"Archerhill Rd (Lincoln Avn - Clarion Rd)","scheme":"Light segregation","km":0.354}},{"type":"Feature","geometry":{"type":"LineString","coordinates":[[-4.35432,55.89567],[-4.35439,55.89562],[-4.35504,55.89581],[-4.35504,55.89589],[-4.35906,55.89687],[-4.35897,55.89698],[-4.35961,55.8971]]},"properties":{"id":886,"type":"shared","opened":"2018-08-01","name":"Archerhill Rd (Clarion Rd- Bard Avn)","scheme":null,"km":0.393}},{"type":"Feature","geometry":{"type":"LineString","coordinates":[[-4.37281,55.88704],[-4.37321,55.88677]]},"properties":{"id":887,"type":"shared","opened":"2017-09-15","name":"Path @Speirshall Close","scheme":null,"km":0.039}},{"type":"Feature","geometry":{"type":"LineString","coordinates":[[-4.37119,55.88591],[-4.37101,55.8861],[-4.37087,55.88606]]},"properties":{"id":888,"type":"shared","opened":"2017-09-15","name":"Dyke Rd","scheme":null,"km":0.035}},{"type":"Feature","geometry":{"type":"LineString","coordinates":[[-4.32382,55.84428],[-4.32311,55.84556]]},"properties":{"id":889,"type":"shared","opened":"2017-09-15","name":"Bellahouston Park","scheme":null,"km":0.149}},{"type":"Feature","geometry":{"type":"LineString","coordinates":[[-4.24851,55.85742],[-4.24805,55.85869]]},"properties":{"id":890,"type":"mixed","opened":"2017-09-15","name":"Hutcheson St","scheme":null,"km":0.144}},{"type":"Feature","geometry":{"type":"LineString","coordinates":[[-4.32008,55.84354],[-4.32076,55.84318],[-4.321,55.84295],[-4.32076,55.84253],[-4.32051,55.84235],[-4.31769,55.84183]]},"properties":{"id":891,"type":"shared","opened":"2017-09-15","name":"Bellahouston Park","scheme":null,"km":0.351}},{"type":"Feature","geometry":{"type":"LineString","coordinates":[[-4.32139,55.84352],[-4.321,55.84294]]},"properties":{"id":892,"type":"shared","opened":"2017-09-15","name":"Bellahouston Park","scheme":null,"km":0.07}},{"type":"Feature","geometry":{"type":"LineString","coordinates":[[-4.35985,55.83939],[-4.35932,55.84038],[-4.35921,55.84042],[-4.35721,55.83969]]},"properties":{"id":893,"type":"mixed","opened":"2017-09-15","name":"NCN 7","scheme":null,"km":0.274}},{"type":"Feature","geometry":{"type":"LineString","coordinates":[[-4.321,55.84294],[-4.32158,55.84198]]},"properties":{"id":894,"type":"shared","opened":"2017-09-15","name":"Bellahouston Park","scheme":null,"km":0.113}},{"type":"Feature","geometry":{"type":"LineString","coordinates":[[-4.29586,55.86222],[-4.29643,55.86237],[-4.29668,55.8627]]},"properties":{"id":895,"type":"shared","opened":"2017-09-15","name":"NCN 7","scheme":null,"km":0.083}},{"type":"Feature","geometry":{"type":"LineString","coordinates":[[-4.35959,55.89112],[-4.35493,55.88979],[-4.3522,55.88922]]},"properties":{"id":896,"type":"lane","opened":"2017-09-15","name":"Alderman Rd","scheme":null,"km":0.509}},{"type":"Feature","geometry":{"type":"LineString","coordinates":[[-4.3516,55.88913],[-4.34961,55.8889]]},"properties":{"id":897,"type":"lane","opened":"2017-09-15","name":"Alderman Rd","scheme":null,"km":0.127}},{"type":"Feature","geometry":{"type":"LineString","coordinates":[[-4.32311,55.84556],[-4.32268,55.84634]]},"properties":{"id":898,"type":"shared","opened":"2017-09-15","name":"Bellahouston Park","scheme":null,"km":0.091}},{"type":"Feature","geometry":{"type":"LineString","coordinates":[[-4.3247,55.84269],[-4.32382,55.84428]]},"properties":{"id":899,"type":"shared","opened":"2017-09-15","name":"Bellahouston Park","scheme":null,"km":0.185}},{"type":"Feature","geometry":{"type":"LineString","coordinates":[[-4.32138,55.84352],[-4.32344,55.84389],[-4.32372,55.84401],[-4.32382,55.8443]]},"properties":{"id":900,"type":"shared","opened":"2017-09-15","name":"Bellahouston Park","scheme":null,"km":0.19}},{"type":"Feature","geometry":{"type":"LineString","coordinates":[[-4.31769,55.84184],[-4.31644,55.84375],[-4.31844,55.84405]]},"properties":{"id":901,"type":"shared","opened":"2017-09-15","name":"Bellahouston Park","scheme":null,"km":0.358}},{"type":"Feature","geometry":{"type":"LineString","coordinates":[[-4.30046,55.8926],[-4.30021,55.89225],[-4.30058,55.89238],[-4.30042,55.89205],[-4.30094,55.89224],[-4.30067,55.89179]]},"properties":{"id":902,"type":"shared","opened":"2017-09-15","name":"NCN 756","scheme":"Kelvin Walkway","km":0.201}},{"type":"Feature","geometry":{"type":"LineString","coordinates":[[-4.30926,55.89809],[-4.30903,55.89836],[-4.30796,55.89862],[-4.30771,55.89883],[-4.30684,55.89906],[-4.3061,55.89902],[-4.30618,55.89864],[-4.30656,55.89836],[-4.30648,55.89816],[-4.30585,55.89791],[-4.30522,55.89744],[-4.30201,55.89575],[-4.30152,55.89538],[-4.30113,55.89492],[-4.30101,55.89445],[-4.3008,55.89414],[-4.3008,55.89379],[-4.30097,55.89357],[-4.30142,55.89335],[-4.30139,55.89299],[-4.30157,55.89255],[-4.30146,55.8924]]},"properties":{"id":903,"type":"shared","opened":"2017-09-15","name":"Path from Dalshalm Rd, along River Kelvin","scheme":null,"km":1.152}},{"type":"Feature","geometry":{"type":"LineString","coordinates":[[-4.22444,55.87117],[-4.2213,55.87189],[-4.22117,55.87168]]},"properties":{"id":904,"type":"shared","opened":"2017-09-15","name":"Glenconner Park","scheme":null,"km":0.238}},{"type":"Feature","geometry":{"type":"LineString","coordinates":[[-4.30546,55.84844],[-4.30546,55.84865],[-4.30559,55.84869],[-4.30572,55.84863],[-4.30558,55.84853],[-4.30545,55.84858],[-4.30532,55.84942],[-4.3051,55.84943],[-4.30506,55.84935],[-4.30532,55.84934],[-4.3053,55.84958]]},"properties":{"id":905,"type":"shared","opened":"2017-09-15","name":"Foot bridge over M8 from Clifford St to Urrdale Rd","scheme":null,"km":0.241}},{"type":"Feature","geometry":{"type":"LineString","coordinates":[[-4.34098,55.85732],[-4.34035,55.8582],[-4.33982,55.85811],[-4.33967,55.85814],[-4.33852,55.85957]]},"properties":{"id":906,"type":"mixed","opened":"2017-09-15","name":"Cowden St - Langcroft Rd","scheme":null,"km":0.327}},{"type":"Feature","geometry":{"type":"LineString","coordinates":[[-4.29745,55.85043],[-4.29746,55.85058]]},"properties":{"id":907,"type":"shared","opened":"2017-09-15","name":"NCN 7","scheme":null,"km":0.018}},{"type":"Feature","geometry":{"type":"LineString","coordinates":[[-4.3201,55.84354],[-4.32138,55.84352]]},"properties":{"id":908,"type":"shared","opened":"2017-09-15","name":"Bellahouston Park","scheme":null,"km":0.081}},{"type":"Feature","geometry":{"type":"LineString","coordinates":[[-4.31795,55.84139],[-4.31769,55.84184]]},"properties":{"id":909,"type":"shared","opened":"2017-09-15","name":"Bellahouston Park","scheme":null,"km":0.052}},{"type":"Feature","geometry":{"type":"LineString","coordinates":[[-4.31645,55.8437],[-4.31589,55.84483]]},"properties":{"id":910,"type":"shared","opened":"2017-09-15","name":"Bellahouston Park","scheme":null,"km":0.132}},{"type":"Feature","geometry":{"type":"LineString","coordinates":[[-4.32311,55.84556],[-4.3208,55.84509],[-4.31844,55.84404]]},"properties":{"id":911,"type":"shared","opened":"2017-09-15","name":"Bellahouston Park","scheme":null,"km":0.344}},{"type":"Feature","geometry":{"type":"LineString","coordinates":[[-4.31844,55.84404],[-4.3201,55.84354]]},"properties":{"id":912,"type":"shared","opened":"2017-09-15","name":"Bellahouston Park","scheme":null,"km":0.118}},{"type":"Feature","geometry":{"type":"LineString","coordinates":[[-4.2809,55.87441],[-4.281,55.87462],[-4.28084,55.87472],[-4.28025,55.8748],[-4.28005,55.87496],[-4.27935,55.87509],[-4.27907,55.87498],[-4.27876,55.87503],[-4.27819,55.87545],[-4.27818,55.876],[-4.27931,55.87731],[-4.28015,55.87762],[-4.28106,55.87767],[-4.28146,55.87794],[-4.28329,55.87827],[-4.28416,55.87859],[-4.28516,55.87936],[-4.28561,55.87959],[-4.28643,55.87983],[-4.2885,55.88022]]},"properties":{"id":915,"type":"shared","opened":"2017-09-15","name":"NCN 756","scheme":"Kelvin Walkway","km":1.159}},{"type":"Feature","geometry":{"type":"LineString","coordinates":[[-4.26529,55.896],[-4.26567,55.89584],[-4.26591,55.89563],[-4.26594,55.8952],[-4.26582,55.89489],[-4.26494,55.89495],[-4.2647,55.89487],[-4.26424,55.89403],[-4.26412,55.89342]]},"properties":{"id":916,"type":"mixed","opened":"2017-09-15","name":"Knapdale St","scheme":null,"km":0.382}},{"type":"Feature","geometry":{"type":"LineString","coordinates":[[-4.34245,55.87569],[-4.34272,55.87583]]},"properties":{"id":917,"type":"shared","opened":"2017-09-15","name":"Dumbarton Rd - Primrose St","scheme":null,"km":0.023}},{"type":"Feature","geometry":{"type":"LineString","coordinates":[[-4.26594,55.83349],[-4.2673,55.82989],[-4.26757,55.82948],[-4.2682,55.82888]]},"properties":{"id":922,"type":"shared","opened":"2017-09-15","name":"Queens Park","scheme":null,"km":0.536}},{"type":"Feature","geometry":{"type":"LineString","coordinates":[[-4.23044,55.88928],[-4.22992,55.88942],[-4.22966,55.88962],[-4.22929,55.88971],[-4.22856,55.88972],[-4.22818,55.89017],[-4.22795,55.891],[-4.22771,55.89109],[-4.22527,55.89096],[-4.22493,55.89076],[-4.22434,55.89099],[-4.22222,55.89094],[-4.22134,55.89066],[-4.22024,55.89008],[-4.21904,55.88997],[-4.21873,55.88983],[-4.21851,55.88983]]},"properties":{"id":923,"type":"shared","opened":"2017-09-15","name":"Springburn Park","scheme":null,"km":0.939}},{"type":"Feature","geometry":{"type":"LineString","coordinates":[[-4.34614,55.85223],[-4.34409,55.85205]]},"properties":{"id":924,"type":"mixed","opened":"2017-09-15","name":"Queensland Dr","scheme":null,"km":0.13}},{"type":"Feature","geometry":{"type":"LineString","coordinates":[[-4.29731,55.83454],[-4.2982,55.83413],[-4.29934,55.83399],[-4.30089,55.83405],[-4.30128,55.83429],[-4.30235,55.83453],[-4.30562,55.83494],[-4.30809,55.83516],[-4.30883,55.83518],[-4.31055,55.83506],[-4.31205,55.83483],[-4.31292,55.83445],[-4.31414,55.83347],[-4.31425,55.83296],[-4.31383,55.83223],[-4.31403,55.8319],[-4.31758,55.83072],[-4.31806,55.83046],[-4.31851,55.83007],[-4.31883,55.82964],[-4.31881,55.82937],[-4.31751,55.82862]]},"properties":{"id":925,"type":"shared","opened":"2017-09-15","name":"Pollok Country Park","scheme":null,"km":1.908}},{"type":"Feature","geometry":{"type":"LineString","coordinates":[[-4.29605,55.83125],[-4.29924,55.83185],[-4.29973,55.83187],[-4.30192,55.83096],[-4.30434,55.83032],[-4.30529,55.83025],[-4.30958,55.83029],[-4.3097,55.83008],[-4.31005,55.82998],[-4.31057,55.82967],[-4.31103,55.82867]]},"properties":{"id":926,"type":"mixed","opened":"2017-09-15","name":"Knowehead Ave","scheme":"Pollok Country Park","km":1.121}},{"type":"Feature","geometry":{"type":"LineString","coordinates":[[-4.29986,55.83183],[-4.29942,55.83226],[-4.29932,55.83269],[-4.29951,55.83286],[-4.30092,55.83337],[-4.30099,55.83383],[-4.30089,55.83406]]},"properties":{"id":927,"type":"shared","opened":"2017-09-15","name":"Pollok Country Park","scheme":null,"km":0.31}},{"type":"Feature","geometry":{"type":"LineString","coordinates":[[-4.28167,55.87166],[-4.28093,55.87168],[-4.28061,55.87161],[-4.27984,55.87123],[-4.2796,55.87096],[-4.27971,55.87084],[-4.28002,55.87078],[-4.28066,55.87082],[-4.28102,55.87076],[-4.28138,55.87051],[-4.28235,55.8695],[-4.28224,55.86886],[-4.2818,55.86841],[-4.28043,55.86753],[-4.2796,55.86727],[-4.27922,55.86688]]},"properties":{"id":929,"type":"shared","opened":"2017-09-15","name":"Kelvingrove Park","scheme":null,"km":0.801}},{"type":"Feature","geometry":{"type":"LineString","coordinates":[[-4.28065,55.86686],[-4.2793,55.86694]]},"properties":{"id":930,"type":"shared","opened":"2017-09-15","name":"Kelvingrove Park","scheme":null,"km":0.084}},{"type":"Feature","geometry":{"type":"LineString","coordinates":[[-4.17022,55.87552],[-4.1708,55.87581],[-4.17274,55.8763],[-4.17597,55.87727],[-4.1764,55.87749],[-4.17791,55.87871],[-4.17807,55.87876]]},"properties":{"id":931,"type":"shared","opened":"2017-09-15","name":"Hogganfield Loch AKA Molendinar Burn","scheme":null,"km":0.625}},{"type":"Feature","geometry":{"type":"LineString","coordinates":[[-4.27314,55.83296],[-4.2728,55.83339],[-4.27248,55.83488]]},"properties":{"id":932,"type":"shared","opened":"2017-09-15","name":"Queens Park","scheme":null,"km":0.22}},{"type":"Feature","geometry":{"type":"LineString","coordinates":[[-4.17212,55.87615],[-4.17183,55.87618],[-4.17103,55.87646],[-4.17052,55.8769]]},"properties":{"id":933,"type":"shared","opened":"2017-09-15","name":"Hogganfield Loch AKA Molendinar Burn","scheme":null,"km":0.136}},{"type":"Feature","geometry":{"type":"LineString","coordinates":[[-4.33863,55.81597],[-4.33855,55.81605],[-4.339,55.81668],[-4.33966,55.8172],[-4.34116,55.8178],[-4.34258,55.81804]]},"properties":{"id":934,"type":"shared","opened":"2017-09-15","name":"Path along Brock Burn @Muirshiel Crescent","scheme":null,"km":0.366}},{"type":"Feature","geometry":{"type":"LineString","coordinates":[[-4.29078,55.82211],[-4.2926,55.82358],[-4.29311,55.82416]]},"properties":{"id":935,"type":"lane","opened":"2017-09-15","name":"Riverford Rd","scheme":"Signage","km":0.271}},{"type":"Feature","geometry":{"type":"LineString","coordinates":[[-4.3718,55.91827],[-4.3717,55.91855],[-4.36894,55.91922],[-4.36862,55.91918],[-4.36608,55.91951],[-4.36535,55.91954],[-4.36513,55.9195],[-4.36519,55.9193],[-4.36474,55.91917],[-4.36404,55.92017],[-4.36306,55.92081]]},"properties":{"id":936,"type":"shared","opened":"2017-09-15","name":"Garscadden Wood","scheme":"The Drumchapel Way","km":0.738}},{"type":"Feature","geometry":{"type":"LineString","coordinates":[[-4.26644,55.86081],[-4.26811,55.86093],[-4.26931,55.86073],[-4.27039,55.86071],[-4.27105,55.86073],[-4.27112,55.86082],[-4.27097,55.8609],[-4.2708,55.86081],[-4.27104,55.86061],[-4.27091,55.8605],[-4.27097,55.8604]]},"properties":{"id":937,"type":"shared","opened":"2017-09-15","name":"Anderston Foot bridge over M8","scheme":"West City Way","km":0.388}},{"type":"Feature","geometry":{"type":"LineString","coordinates":[[-4.27252,55.83515],[-4.27042,55.834]]},"properties":{"id":938,"type":"mixed","opened":"2017-09-15","name":"Balvicar St","scheme":null,"km":0.184}},{"type":"Feature","geometry":{"type":"LineString","coordinates":[[-4.27471,55.83228],[-4.273,55.83302],[-4.27106,55.83345],[-4.27084,55.83361]]},"properties":{"id":939,"type":"shared","opened":"2017-09-15","name":"Queens Park","scheme":null,"km":0.289}},{"type":"Feature","geometry":{"type":"LineString","coordinates":[[-4.25965,55.86842],[-4.25951,55.86787],[-4.25876,55.8674]]},"properties":{"id":940,"type":"mixed","opened":"2017-09-15","name":"Dundasvale Rd","scheme":null,"km":0.133}},{"type":"Feature","geometry":{"type":"LineString","coordinates":[[-4.23929,55.84604],[-4.23862,55.84663],[-4.23813,55.84691]]},"properties":{"id":941,"type":"shared","opened":"2017-09-15","name":"Path @Adelphi St","scheme":null,"km":0.122}},{"type":"Feature","geometry":{"type":"LineString","coordinates":[[-4.26274,55.86919],[-4.26052,55.86851]]},"properties":{"id":942,"type":"mixed","opened":"2017-09-15","name":"New City Rd","scheme":null,"km":0.159}},{"type":"Feature","geometry":{"type":"LineString","coordinates":[[-4.26343,55.86054],[-4.26377,55.85949],[-4.26099,55.85927]]},"properties":{"id":943,"type":"lane","opened":"2017-09-15","name":"Blythswood St- Holm St","scheme":null,"km":0.295}},{"type":"Feature","geometry":{"type":"LineString","coordinates":[[-4.23578,55.8411],[-4.23551,55.84109],[-4.2354,55.84115],[-4.23489,55.84218]]},"properties":{"id":944,"type":"shared","opened":"2017-09-15","name":"Richmond Park","scheme":null,"km":0.146}},{"type":"Feature","geometry":{"type":"LineString","coordinates":[[-4.29333,55.82415],[-4.29575,55.82345],[-4.29626,55.82343],[-4.29683,55.82354]]},"properties":{"id":946,"type":"lane","opened":"2017-09-15","name":"Riverbank St","scheme":"Signage","km":0.241}},{"type":"Feature","geometry":{"type":"LineString","coordinates":[[-4.30804,55.85962],[-4.30725,55.86097]]},"properties":{"id":947,"type":"mixed","opened":"2017-09-15","name":"Neptune St","scheme":null,"km":0.158}},{"type":"Feature","geometry":{"type":"LineString","coordinates":[[-4.21972,55.85673],[-4.22051,55.85463]]},"properties":{"id":948,"type":"shared","opened":"2017-09-15","name":"Link to Reidvale St to Gallowgate","scheme":null,"km":0.238}},{"type":"Feature","geometry":{"type":"LineString","coordinates":[[-4.29806,55.89396],[-4.29806,55.89384],[-4.2983,55.89374],[-4.30053,55.89372],[-4.30139,55.89313]]},"properties":{"id":949,"type":"mixed","opened":"2017-09-15","name":"Bantaskin St","scheme":null,"km":0.26}},{"type":"Feature","geometry":{"type":"LineString","coordinates":[[-4.21373,55.86615],[-4.21441,55.86626],[-4.2153,55.86622],[-4.21527,55.86674],[-4.2163,55.86719],[-4.21766,55.86708],[-4.21793,55.86737],[-4.21836,55.86738],[-4.21924,55.86764]]},"properties":{"id":950,"type":"shared","opened":"2017-09-15","name":"Foot bridge over M8 from Kintyre St to JArmadale Path","scheme":null,"km":0.455}},{"type":"Feature","geometry":{"type":"LineString","coordinates":[[-4.21793,55.86737],[-4.21774,55.86763],[-4.2179,55.86818],[-4.21865,55.86842]]},"properties":{"id":951,"type":"shared","opened":"2017-09-15","name":"Path from Kintyre St","scheme":null,"km":0.147}},{"type":"Feature","geometry":{"type":"LineString","coordinates":[[-4.16133,55.85776],[-4.16285,55.85752],[-4.16366,55.85708],[-4.16438,55.85684],[-4.16635,55.85655],[-4.16702,55.85667],[-4.16863,55.8567],[-4.16904,55.85658],[-4.1706,55.85654]]},"properties":{"id":954,"type":"shared","opened":"2017-09-15","name":"Greenfield Park","scheme":null,"km":0.625}},{"type":"Feature","geometry":{"type":"LineString","coordinates":[[-4.16703,55.85822],[-4.16716,55.85754],[-4.16863,55.8567]]},"properties":{"id":955,"type":"shared","opened":"2017-09-15","name":"Greenfield Park","scheme":null,"km":0.208}},{"type":"Feature","geometry":{"type":"LineString","coordinates":[[-4.25493,55.81252],[-4.25555,55.81239],[-4.25574,55.81227],[-4.25595,55.81161],[-4.2564,55.81113],[-4.25628,55.8102],[-4.25579,55.80957],[-4.25581,55.80925],[-4.25609,55.80904],[-4.25707,55.80862],[-4.25824,55.80851],[-4.25905,55.80834]]},"properties":{"id":958,"type":"shared","opened":"2017-09-15","name":"Linn Park","scheme":null,"km":0.649}},{"type":"Feature","geometry":{"type":"LineString","coordinates":[[-4.25905,55.80834],[-4.25939,55.80784],[-4.25943,55.80738]]},"properties":{"id":959,"type":"shared","opened":"2017-09-15","name":"Linn Park","scheme":null,"km":0.111}},{"type":"Feature","geometry":{"type":"LineString","coordinates":[[-4.25807,55.83048],[-4.25826,55.83042],[-4.26327,55.83033]]},"properties":{"id":960,"type":"shared","opened":"2017-09-15","name":"Queens Park","scheme":null,"km":0.328}},{"type":"Feature","geometry":{"type":"LineString","coordinates":[[-4.14408,55.86776],[-4.14391,55.86858],[-4.14398,55.86878],[-4.14641,55.86891],[-4.14637,55.87036],[-4.14593,55.87043]]},"properties":{"id":961,"type":"shared","opened":"2017-09-15","name":"Path from Coxton Pl to Penston Rd","scheme":null,"km":0.461}},{"type":"Feature","geometry":{"type":"LineString","coordinates":[[-4.14641,55.86892],[-4.14913,55.86889],[-4.14924,55.868],[-4.14893,55.86778]]},"properties":{"id":962,"type":"shared","opened":"2017-09-15","name":"Path from Coxton Pl to Penston Rd","scheme":null,"km":0.302}},{"type":"Feature","geometry":{"type":"LineString","coordinates":[[-4.14051,55.87114],[-4.14055,55.87078],[-4.14038,55.87027],[-4.14011,55.87003],[-4.13913,55.86968],[-4.13961,55.8687],[-4.1402,55.86843],[-4.1439,55.86854]]},"properties":{"id":963,"type":"shared","opened":"2017-09-15","name":"Path from Glasgow Fort","scheme":null,"km":0.595}},{"type":"Feature","geometry":{"type":"LineString","coordinates":[[-4.13959,55.86871],[-4.13867,55.86825]]},"properties":{"id":964,"type":"shared","opened":"2017-09-15","name":"Path from Glasgow Fort","scheme":"Scottish Outdoor Access Code","km":0.077}},{"type":"Feature","geometry":{"type":"LineString","coordinates":[[-4.09715,55.86128],[-4.09789,55.86131],[-4.09838,55.86143],[-4.10015,55.86151],[-4.10056,55.86169],[-4.10083,55.86172],[-4.10098,55.86164],[-4.10115,55.86087],[-4.1031,55.86099],[-4.10392,55.86113],[-4.1063,55.86182],[-4.10798,55.86209]]},"properties":{"id":965,"type":"mixed","opened":"2017-09-15","name":"Rogerfield Rd","scheme":null,"km":0.797}},{"type":"Feature","geometry":{"type":"LineString","coordinates":[[-4.23631,55.84877],[-4.23676,55.84924]]},"properties":{"id":966,"type":"shared","opened":"2017-09-15","name":"Glasgow Green","scheme":null,"km":0.06}},{"type":"Feature","geometry":{"type":"LineString","coordinates":[[-4.23878,55.84851],[-4.23791,55.8492]]},"properties":{"id":967,"type":"shared","opened":"2017-09-15","name":"NCN LINK 75","scheme":"St Andrew's Suspension Bridge","km":0.095}},{"type":"Feature","geometry":{"type":"LineString","coordinates":[[-4.29125,55.85582],[-4.29069,55.85659]]},"properties":{"id":968,"type":"segregated","opened":"2017-09-15","name":"Festival Walk from Pacific Drive","scheme":null,"km":0.092}},{"type":"Feature","geometry":{"type":"LineString","coordinates":[[-4.28963,55.85811],[-4.29271,55.85877]]},"properties":{"id":969,"type":"shared","opened":"2017-09-15","name":"Path from Glasgow Science Centre to Bell Bridge","scheme":null,"km":0.207}},{"type":"Feature","geometry":{"type":"LineString","coordinates":[[-4.30236,55.86973],[-4.30229,55.86979],[-4.30276,55.87077]]},"properties":{"id":975,"type":"mixed","opened":"2017-09-15","name":"Keith St -  Keith Ct","scheme":null,"km":0.122}},{"type":"Feature","geometry":{"type":"LineString","coordinates":[[-4.28401,55.8703],[-4.28506,55.87052],[-4.28521,55.87064],[-4.28532,55.8709],[-4.28511,55.87145],[-4.28525,55.87154]]},"properties":{"id":976,"type":"shared","opened":"2017-09-15","name":"Kelvingrove Park","scheme":null,"km":0.192}},{"type":"Feature","geometry":{"type":"LineString","coordinates":[[-4.32835,55.86318],[-4.32542,55.86279],[-4.32255,55.86202],[-4.3221,55.86176]]},"properties":{"id":977,"type":"shared","opened":"2017-09-15","name":"Elder Park","scheme":null,"km":0.428}},{"type":"Feature","geometry":{"type":"LineString","coordinates":[[-4.32268,55.86204],[-4.32411,55.86185],[-4.32438,55.86176],[-4.32563,55.86188],[-4.32829,55.86153],[-4.32887,55.86166]]},"properties":{"id":978,"type":"shared","opened":"2017-09-15","name":"Elder Park","scheme":null,"km":0.403}},{"type":"Feature","geometry":{"type":"LineString","coordinates":[[-4.28626,55.87008],[-4.28584,55.87021],[-4.28565,55.87036],[-4.28504,55.87051]]},"properties":{"id":979,"type":"shared","opened":"2017-09-15","name":"Kelvingrove Park","scheme":null,"km":0.093}},{"type":"Feature","geometry":{"type":"LineString","coordinates":[[-4.24089,55.84954],[-4.24272,55.8503]]},"properties":{"id":980,"type":"mixed","opened":"2017-09-15","name":"Adelphi St","scheme":null,"km":0.144}},{"type":"Feature","geometry":{"type":"LineString","coordinates":[[-4.26052,55.86851],[-4.2606,55.86844],[-4.26005,55.86829],[-4.25962,55.86829]]},"properties":{"id":981,"type":"shared","opened":"2017-09-15","name":"Underpass @Cowcaddens Subway Station","scheme":null,"km":0.075}},{"type":"Feature","geometry":{"type":"LineString","coordinates":[[-4.31003,55.86416],[-4.30825,55.86502]]},"properties":{"id":982,"type":"shared","opened":"2024-09-07","name":"Govan-Partick Bridge","scheme":null,"km":0.147}},{"type":"Feature","geometry":{"type":"LineString","coordinates":[[-4.24272,55.8503],[-4.24307,55.85041],[-4.243,55.85048],[-4.24424,55.8509]]},"properties":{"id":984,"type":"mixed","opened":"2017-09-15","name":"Adelphi St","scheme":null,"km":0.126}},{"type":"Feature","geometry":{"type":"LineString","coordinates":[[-4.28879,55.8592],[-4.29354,55.86026],[-4.29537,55.86074],[-4.29525,55.86087],[-4.29554,55.861],[-4.29586,55.86138],[-4.29589,55.86167],[-4.29568,55.86207],[-4.29586,55.86222]]},"properties":{"id":985,"type":"shared","opened":"2017-09-15","name":"NCN 7","scheme":null,"km":0.633}},{"type":"Feature","geometry":{"type":"LineString","coordinates":[[-4.28556,55.85867],[-4.28621,55.85858],[-4.28878,55.85919]]},"properties":{"id":986,"type":"shared","opened":"2017-09-15","name":"NCN 75","scheme":null,"km":0.217}},{"type":"Feature","geometry":{"type":"LineString","coordinates":[[-4.3024,55.81952],[-4.30125,55.81982],[-4.30044,55.81994],[-4.29932,55.81963],[-4.29869,55.81897],[-4.2983,55.81903],[-4.2986,55.81889],[-4.29854,55.81885]]},"properties":{"id":987,"type":"shared","opened":"2017-09-15","name":"Auldhouse Park aka Greenbank Park","scheme":null,"km":0.354}},{"type":"Feature","geometry":{"type":"LineString","coordinates":[[-4.30659,55.83916],[-4.3055,55.83899],[-4.30575,55.83931],[-4.30569,55.84014],[-4.30556,55.84033],[-4.30575,55.84062]]},"properties":{"id":988,"type":"shared","opened":"2017-09-15","name":"Path from Springkell Ave to NCN7","scheme":"Scottish Outdoor Access Code","km":0.261}},{"type":"Feature","geometry":{"type":"LineString","coordinates":[[-4.32002,55.82846],[-4.3205,55.8286],[-4.32191,55.82835]]},"properties":{"id":989,"type":"shared","opened":"2017-09-15","name":"NCN 7","scheme":"Pollok Country Park","km":0.128}},{"type":"Feature","geometry":{"type":"LineString","coordinates":[[-4.28091,55.87194],[-4.28078,55.87209]]},"properties":{"id":990,"type":"shared","opened":"2017-09-15","name":"Kelvingrove Park","scheme":null,"km":0.022}},{"type":"Feature","geometry":{"type":"LineString","coordinates":[[-4.26132,55.84626],[-4.25968,55.84608],[-4.25935,55.84596]]},"properties":{"id":991,"type":"lane","opened":"2017-09-15","name":"Devon St","scheme":null,"km":0.129}},{"type":"Feature","geometry":{"type":"LineString","coordinates":[[-4.2746,55.81861],[-4.27373,55.81942]]},"properties":{"id":992,"type":"shared","opened":"2017-09-15","name":"Path from Kintore Rd to Muirskeith Rd","scheme":null,"km":0.105}},{"type":"Feature","geometry":{"type":"LineString","coordinates":[[-4.34925,55.90849],[-4.34928,55.90809],[-4.34993,55.9074],[-4.35066,55.90706],[-4.35207,55.90658],[-4.35176,55.90595],[-4.35123,55.9056],[-4.35081,55.90573],[-4.35056,55.90573]]},"properties":{"id":994,"type":"shared","opened":"2017-09-15","name":"Essenside Avenue","scheme":"Waterproof surfaces","km":0.465}},{"type":"Feature","geometry":{"type":"LineString","coordinates":[[-4.28675,55.82309],[-4.29058,55.82179]]},"properties":{"id":996,"type":"mixed","opened":"2017-09-15","name":"Auldhouse Rd","scheme":"Cycle Marking on Road","km":0.281}},{"type":"Feature","geometry":{"type":"LineString","coordinates":[[-4.3436,55.87479],[-4.34371,55.87471],[-4.343,55.87422]]},"properties":{"id":998,"type":"shared","opened":"2017-09-15","name":"Link to NCN7","scheme":null,"km":0.082}},{"type":"Feature","geometry":{"type":"LineString","coordinates":[[-4.24052,55.85451],[-4.24071,55.85474]]},"properties":{"id":999,"type":"segregated","opened":"2017-09-15","name":"London Rd","scheme":"East City Way","km":0.031}},{"type":"Feature","geometry":{"type":"LineString","coordinates":[[-4.38537,55.91268],[-4.38522,55.91266],[-4.38539,55.91217],[-4.38531,55.91161],[-4.38519,55.91134],[-4.38491,55.91121],[-4.38509,55.91105],[-4.38524,55.91044]]},"properties":{"id":1000,"type":"mixed","opened":"2017-09-15","name":"The Antonine Rd","scheme":null,"km":0.278}},{"type":"Feature","geometry":{"type":"MultiLineString","coordinates":[[[-4.38521,55.91042],[-4.38516,55.91035]],[[-4.38516,55.91035],[-4.38509,55.90969],[-4.38475,55.90962],[-4.38261,55.90994],[-4.38245,55.9103]]]},"properties":{"id":1001,"type":"shared","opened":"2017-09-15","name":"Halgreen Av Path","scheme":"Scottish Outdoor Access Code","km":0.291}},{"type":"Feature","geometry":{"type":"LineString","coordinates":[[-4.386,55.90856],[-4.38515,55.90914]]},"properties":{"id":1002,"type":"shared","opened":"2017-09-15","name":"Halgreen Av Path","scheme":"Scottish Outdoor Access Code","km":0.084}},{"type":"Feature","geometry":{"type":"LineString","coordinates":[[-4.28146,55.87794],[-4.28056,55.87805],[-4.27934,55.87791]]},"properties":{"id":1004,"type":"shared","opened":"2017-09-15","name":"Path@ Garriochmill Rd","scheme":null,"km":0.136}},{"type":"Feature","geometry":{"type":"LineString","coordinates":[[-4.29374,55.88167],[-4.29327,55.88131],[-4.29295,55.88055],[-4.29161,55.87992],[-4.29152,55.87945],[-4.29115,55.87907],[-4.28998,55.87839],[-4.28963,55.87832],[-4.28972,55.87801]]},"properties":{"id":1005,"type":"shared","opened":"2017-09-15","name":"Botanic Gardens","scheme":null,"km":0.513}},{"type":"Feature","geometry":{"type":"LineString","coordinates":[[-4.2989,55.8875],[-4.29819,55.88697],[-4.29806,55.88671],[-4.29698,55.88597],[-4.29714,55.88553]]},"properties":{"id":1006,"type":"shared","opened":"2017-09-15","name":"Path from Balcarres Ave to Kelvindale Rd","scheme":null,"km":0.263}},{"type":"Feature","geometry":{"type":"LineString","coordinates":[[-4.28374,55.89858],[-4.28397,55.89877],[-4.2854,55.89927],[-4.28566,55.89954],[-4.28614,55.8998],[-4.28683,55.90001]]},"properties":{"id":1007,"type":"shared","opened":"2017-09-15","name":"Path from Arrochar St to Cadder Rd","scheme":null,"km":0.258}},{"type":"Feature","geometry":{"type":"LineString","coordinates":[[-4.27509,55.88717],[-4.2747,55.88689],[-4.27501,55.88658],[-4.27504,55.8862],[-4.27488,55.88593],[-4.2732,55.88492],[-4.27281,55.88421],[-4.27257,55.88411],[-4.2722,55.88359]]},"properties":{"id":1008,"type":"shared","opened":"2017-09-15","name":"Ruchill Park","scheme":null,"km":0.471}},{"type":"Feature","geometry":{"type":"LineString","coordinates":[[-4.26947,55.88451],[-4.26988,55.88559],[-4.27023,55.88571],[-4.27112,55.88569],[-4.27107,55.88633],[-4.27058,55.88639],[-4.27035,55.88651],[-4.27065,55.88765],[-4.27091,55.88792],[-4.27081,55.88799]]},"properties":{"id":1009,"type":"shared","opened":"2017-09-15","name":"Ruchill Park","scheme":null,"km":0.504}},{"type":"Feature","geometry":{"type":"LineString","coordinates":[[-4.26288,55.88491],[-4.26228,55.88593],[-4.26189,55.8862],[-4.26148,55.8868],[-4.26112,55.8871],[-4.25829,55.88835]]},"properties":{"id":1010,"type":"shared","opened":"2017-09-15","name":"Path from Balmore Rd to Panmure St","scheme":null,"km":0.496}},{"type":"Feature","geometry":{"type":"LineString","coordinates":[[-4.26737,55.88506],[-4.27225,55.88368]]},"properties":{"id":1011,"type":"shared","opened":"2017-09-15","name":"Ruchill Park","scheme":null,"km":0.344}},{"type":"Feature","geometry":{"type":"LineString","coordinates":[[-4.28969,55.90349],[-4.29104,55.90211],[-4.29114,55.90186],[-4.29219,55.90106],[-4.29241,55.90077],[-4.29301,55.90089],[-4.29348,55.90072]]},"properties":{"id":1014,"type":"shared","opened":"2017-09-15","name":"Path from Arrochar St to Rothes Dr","scheme":"Scottish Outdoor Access Code","km":0.425}},{"type":"Feature","geometry":{"type":"LineString","coordinates":[[-4.22492,55.86659],[-4.22622,55.86641]]},"properties":{"id":1015,"type":"shared","opened":"2017-09-15","name":"Foot bridge over M8 from Alexandra Parade to James Nisbet St","scheme":null,"km":0.084}},{"type":"Feature","geometry":{"type":"LineString","coordinates":[[-4.22792,55.86562],[-4.22703,55.86554],[-4.22661,55.86557],[-4.22627,55.86569],[-4.22621,55.86579],[-4.22621,55.86641],[-4.22754,55.86659]]},"properties":{"id":1016,"type":"shared","opened":"2017-09-15","name":"Foot bridge over M8 from Alexandra Parade to James Nisbet St","scheme":null,"km":0.275}},{"type":"Feature","geometry":{"type":"LineString","coordinates":[[-4.32721,55.87566],[-4.32732,55.87573],[-4.32714,55.87602],[-4.32747,55.87608],[-4.32781,55.87574]]},"properties":{"id":1019,"type":"shared","opened":"2017-09-15","name":"Underpass from Victoria Park to Balshagray Dr","scheme":null,"km":0.115}},{"type":"Feature","geometry":{"type":"LineString","coordinates":[[-4.30797,55.8385],[-4.30814,55.83855],[-4.31039,55.83726],[-4.31139,55.83719],[-4.31166,55.83711],[-4.31132,55.83629],[-4.31138,55.83617],[-4.31325,55.83587],[-4.31374,55.83562],[-4.31497,55.83379],[-4.31524,55.83278],[-4.31562,55.83234],[-4.31939,55.83084],[-4.32,55.8305],[-4.32055,55.82994],[-4.32088,55.8293],[-4.32062,55.82894],[-4.31977,55.82853]]},"properties":{"id":1020,"type":"shared","opened":"2017-09-15","name":"NCN 7","scheme":"Pollok Country Park","km":1.563}},{"type":"Feature","geometry":{"type":"LineString","coordinates":[[-4.32749,55.87436],[-4.32799,55.87428],[-4.32803,55.87407],[-4.32789,55.87423],[-4.32794,55.87446],[-4.32817,55.87461],[-4.32854,55.87471]]},"properties":{"id":1021,"type":"shared","opened":"2017-09-15","name":"Path from Victoria Park to Balshagray Dr","scheme":null,"km":0.155}},{"type":"Feature","geometry":{"type":"LineString","coordinates":[[-4.35039,55.8976],[-4.35045,55.89753],[-4.35003,55.89713],[-4.34869,55.89601]]},"properties":{"id":1022,"type":"shared","opened":"2017-09-15","name":"Knightswood Park","scheme":null,"km":0.211}},{"type":"Feature","geometry":{"type":"LineString","coordinates":[[-4.24204,55.87799],[-4.24154,55.87785],[-4.23926,55.87671],[-4.23727,55.8752],[-4.23536,55.8746]]},"properties":{"id":1023,"type":"segregated","opened":"2017-09-15","name":"Fountainwell Rd link","scheme":"Sighthill TRA project","km":0.572}},{"type":"Feature","geometry":{"type":"LineString","coordinates":[[-4.30033,55.84401],[-4.30279,55.84443]]},"properties":{"id":1024,"type":"shared","opened":"2017-09-15","name":"NCN 7","scheme":null,"km":0.161}},{"type":"Feature","geometry":{"type":"LineString","coordinates":[[-4.30282,55.8444],[-4.30279,55.84443]]},"properties":{"id":1025,"type":"shared","opened":"2017-09-15","name":"Nithsdale Rd","scheme":null,"km":0.004}},{"type":"Feature","geometry":{"type":"LineString","coordinates":[[-4.30134,55.84558],[-4.30104,55.84565],[-4.30042,55.84559],[-4.29973,55.84595],[-4.29935,55.8467],[-4.29922,55.84721],[-4.29936,55.84729],[-4.29928,55.84789],[-4.29914,55.84808]]},"properties":{"id":1026,"type":"shared","opened":"2017-09-15","name":"NCN 7","scheme":null,"km":0.372}},{"type":"Feature","geometry":{"type":"LineString","coordinates":[[-4.29914,55.84808],[-4.29891,55.84887],[-4.29915,55.84979],[-4.29754,55.85018],[-4.29746,55.85042]]},"properties":{"id":1027,"type":"shared","opened":"2017-09-15","name":"NCN 7","scheme":null,"km":0.332}},{"type":"Feature","geometry":{"type":"LineString","coordinates":[[-4.31103,55.90389],[-4.31043,55.90406],[-4.30959,55.90395],[-4.30565,55.90419]]},"properties":{"id":1028,"type":"mixed","opened":"2017-09-15","name":"Acre Rd","scheme":null,"km":0.345}},{"type":"Feature","geometry":{"type":"LineString","coordinates":[[-4.31442,55.90281],[-4.31374,55.90298],[-4.31284,55.90336],[-4.31259,55.90329],[-4.31235,55.90335],[-4.31183,55.90362]]},"properties":{"id":1029,"type":"mixed","opened":"2017-09-15","name":"Acre Rd","scheme":null,"km":0.195}},{"type":"Feature","geometry":{"type":"LineString","coordinates":[[-4.33451,55.8981],[-4.33458,55.89804],[-4.33415,55.89737],[-4.33402,55.89658],[-4.33366,55.89633],[-4.33293,55.89522],[-4.3322,55.89378],[-4.33189,55.89348],[-4.33134,55.89316],[-4.32934,55.89253],[-4.32778,55.89186],[-4.3274,55.89183],[-4.32714,55.89214]]},"properties":{"id":1031,"type":"shared","opened":"2017-09-15","name":"Temple Walkway@ Temple Recreational Ground","scheme":null,"km":0.934}},{"type":"Feature","geometry":{"type":"LineString","coordinates":[[-4.33161,55.87451],[-4.33025,55.87434],[-4.32933,55.87478],[-4.32838,55.87499],[-4.32816,55.87517],[-4.32765,55.87598],[-4.32779,55.87645]]},"properties":{"id":1035,"type":"segregated","opened":"2017-09-15","name":"Victoria Park Dr S - Victoria Park Dr N","scheme":null,"km":0.403}},{"type":"Feature","geometry":{"type":"LineString","coordinates":[[-4.35916,55.89907],[-4.35882,55.89907],[-4.35849,55.89922],[-4.35824,55.89982],[-4.35829,55.90068]]},"properties":{"id":1038,"type":"mixed","opened":"2017-09-15","name":"Keal Ave","scheme":null,"km":0.214}},{"type":"Feature","geometry":{"type":"LineString","coordinates":[[-4.35933,55.89837],[-4.35937,55.89854],[-4.35916,55.89907]]},"properties":{"id":1039,"type":"shared","opened":"2017-09-15","name":"Path from Keal Ave to Forth & Clyde Canal","scheme":null,"km":0.079}},{"type":"Feature","geometry":{"type":"LineString","coordinates":[[-4.35035,55.90021],[-4.35066,55.90018],[-4.35105,55.90027],[-4.35212,55.9003],[-4.35273,55.9001],[-4.35248,55.8999],[-4.35276,55.89973],[-4.35288,55.89952],[-4.3526,55.89923],[-4.35256,55.89893],[-4.35278,55.89887],[-4.35267,55.89872],[-4.35304,55.8984],[-4.35308,55.8982],[-4.35374,55.89746]]},"properties":{"id":1041,"type":"shared","opened":"2017-09-15","name":"Knightwood Park","scheme":null,"km":0.508}},{"type":"Feature","geometry":{"type":"LineString","coordinates":[[-4.35435,55.89565],[-4.35463,55.89551],[-4.35592,55.89522],[-4.35645,55.89519],[-4.35717,55.89523],[-4.35764,55.89548],[-4.35834,55.89547],[-4.35903,55.89563],[-4.36006,55.89548],[-4.36053,55.8956],[-4.361,55.89553],[-4.36162,55.89557],[-4.36329,55.89512],[-4.3638,55.89508]]},"properties":{"id":1042,"type":"shared","opened":"2017-09-15","name":"Knightswood Wee Park","scheme":null,"km":0.644}},{"type":"Feature","geometry":{"type":"LineString","coordinates":[[-4.35961,55.8971],[-4.35971,55.89712],[-4.35931,55.8978],[-4.35934,55.89836]]},"properties":{"id":1043,"type":"mixed","opened":"2017-09-15","name":"Bard Ave","scheme":null,"km":0.149}},{"type":"Feature","geometry":{"type":"LineString","coordinates":[[-4.3638,55.89506],[-4.36391,55.89508],[-4.36387,55.89516],[-4.36363,55.89534],[-4.36516,55.89557]]},"properties":{"id":1044,"type":"mixed","opened":"2017-09-15","name":"Glanderston Dr","scheme":null,"km":0.141}},{"type":"Feature","geometry":{"type":"LineString","coordinates":[[-4.34267,55.85533],[-4.34316,55.85542],[-4.34351,55.85558],[-4.34328,55.85586]]},"properties":{"id":1048,"type":"shared","opened":"2017-09-15","name":"Fulbar Path AKA Shieldburn Rd @Rigmuir Rd","scheme":null,"km":0.095}},{"type":"Feature","geometry":{"type":"LineString","coordinates":[[-4.29656,55.86324],[-4.29615,55.86482]]},"properties":{"id":1050,"type":"mixed","opened":"2017-09-15","name":"Sandyford St","scheme":null,"km":0.178}},{"type":"Feature","geometry":{"type":"LineString","coordinates":[[-4.26282,55.84231],[-4.26361,55.84004]]},"properties":{"id":1056,"type":"segregated","opened":"2018-11-14","name":"Victoria Rd","scheme":"South City Way","km":0.258}},{"type":"Feature","geometry":{"type":"LineString","coordinates":[[-4.25533,55.84777],[-4.2556,55.84767],[-4.2572,55.84661],[-4.25986,55.84474]]},"properties":{"id":1057,"type":"segregated","opened":"2019-03-29","name":"Pollokshaws Rd","scheme":"South City Way","km":0.444}},{"type":"Feature","geometry":{"type":"LineString","coordinates":[[-4.25515,55.84812],[-4.25579,55.84767]]},"properties":{"id":1058,"type":"segregated","opened":"2019-03-29","name":"Pollokshaws Rd","scheme":"South City Way","km":0.064}},{"type":"Feature","geometry":{"type":"LineString","coordinates":[[-4.26128,55.8439],[-4.26217,55.84325],[-4.26274,55.84256],[-4.26283,55.84231]]},"properties":{"id":1059,"type":"segregated","opened":"2019-03-29","name":"Pollokshaws Rd","scheme":"South City Way","km":0.205}},{"type":"Feature","geometry":{"type":"LineString","coordinates":[[-4.2501,55.85469],[-4.25063,55.85444],[-4.25286,55.85218],[-4.25484,55.84848],[-4.25515,55.84812]]},"properties":{"id":1095,"type":"segregated","opened":"2023-04-03","name":"Gorbals St","scheme":"South City Way","km":0.807}},{"type":"Feature","geometry":{"type":"LineString","coordinates":[[-4.26361,55.84004],[-4.26547,55.83493]]},"properties":{"id":1096,"type":"segregated","opened":"2018-11-14","name":"Victoria Rd","scheme":"South City Way","km":0.581}},{"type":"Feature","geometry":{"type":"MultiLineString","coordinates":[[[-4.26109,55.8439],[-4.26226,55.843]],[[-4.25986,55.84474],[-4.26109,55.8439]],[[-4.25539,55.84794],[-4.25524,55.84786],[-4.25533,55.84777]]]},"properties":{"id":1097,"type":"segregated","opened":"2019-03-29","name":"Pollokshaws Rd","scheme":"South City Way","km":0.27}},{"type":"Feature","geometry":{"type":"LineString","coordinates":[[-4.25492,55.8404],[-4.2515,55.83922]]},"properties":{"id":1107,"type":"mixed","opened":"2017-09-15","name":"Aikenhead Road","scheme":null,"km":0.251}},{"type":"Feature","geometry":{"type":"LineString","coordinates":[[-4.2515,55.83922],[-4.25077,55.83893],[-4.24996,55.83766]]},"properties":{"id":1116,"type":"lane","opened":"2017-09-15","name":"Aikenhead Road","scheme":"Signage","km":0.207}},{"type":"Feature","geometry":{"type":"LineString","coordinates":[[-4.24951,55.83689],[-4.24909,55.83591]]},"properties":{"id":1118,"type":"lane","opened":"2017-09-15","name":"Aikenhead Road","scheme":"Signage","km":0.113}},{"type":"Feature","geometry":{"type":"LineString","coordinates":[[-4.25594,55.84075],[-4.25492,55.8404]]},"properties":{"id":1122,"type":"lane","opened":"2017-09-15","name":"Aikenhead Road","scheme":"Signage","km":0.075}},{"type":"Feature","geometry":{"type":"LineString","coordinates":[[-4.24997,55.83766],[-4.24951,55.83689]]},"properties":{"id":1126,"type":"lane","opened":"2017-09-15","name":"Aikenhead Road","scheme":"Signage","km":0.091}},{"type":"Feature","geometry":{"type":"LineString","coordinates":[[-4.3243,55.87917],[-4.31984,55.87587],[-4.31969,55.8758],[-4.31928,55.87583]]},"properties":{"id":1138,"type":"mixed","opened":"2017-09-15","name":"Crow Rd","scheme":null,"km":0.5}},{"type":"Feature","geometry":{"type":"LineString","coordinates":[[-4.2347,55.87086],[-4.234,55.87246],[-4.23375,55.87254],[-4.23333,55.87381],[-4.23546,55.8745],[-4.23536,55.8746]]},"properties":{"id":1184,"type":"shared","opened":"2017-09-15","name":"Path along Spingburn Rd in Sighthill","scheme":"Sighthill TRA project","km":0.516}},{"type":"Feature","geometry":{"type":"LineString","coordinates":[[-4.19879,55.84703],[-4.188,55.84214],[-4.1842,55.84103],[-4.18124,55.84003]]},"properties":{"id":1192,"type":"segregated","opened":"2020-07-17","name":"London Rd","scheme":null,"km":1.353}},{"type":"Feature","geometry":{"type":"LineString","coordinates":[[-4.27724,55.83249],[-4.27676,55.83276]]},"properties":{"id":1193,"type":"shared","opened":"2017-09-15","name":"Pollokshaws Rd","scheme":null,"km":0.042}},{"type":"Feature","geometry":{"type":"LineString","coordinates":[[-4.34648,55.89839],[-4.34777,55.89943],[-4.34865,55.89984],[-4.34998,55.90022]]},"properties":{"id":1194,"type":"lane","opened":"2020-07-21","name":"Great Western Rd (Chaplet Ave- Tabard Rd))","scheme":null,"km":0.306}},{"type":"Feature","geometry":{"type":"LineString","coordinates":[[-4.2082,55.84823],[-4.20156,55.84768],[-4.19998,55.84737],[-4.1978,55.84647],[-4.18806,55.84205],[-4.18394,55.84085],[-4.18088,55.83982]]},"properties":{"id":1195,"type":"segregated","opened":"2020-07-17","name":"London Rd","scheme":null,"km":1.993}},{"type":"Feature","geometry":{"type":"LineString","coordinates":[[-4.27676,55.83276],[-4.27634,55.833]]},"properties":{"id":1196,"type":"shared","opened":"2017-09-15","name":"Pollokshaws Rd","scheme":null,"km":0.037}},{"type":"Feature","geometry":{"type":"LineString","coordinates":[[-4.27841,55.83182],[-4.27724,55.83249]]},"properties":{"id":1197,"type":"shared","opened":"2017-09-15","name":"Pollokshaws Rd","scheme":null,"km":0.105}},{"type":"Feature","geometry":{"type":"LineString","coordinates":[[-4.27881,55.85737],[-4.27467,55.85695]]},"properties":{"id":1198,"type":"segregated","opened":"2020-05-15","name":"Lancefield Quay","scheme":"Armadillo","km":0.263}},{"type":"Feature","geometry":{"type":"LineString","coordinates":[[-4.36616,55.90032],[-4.36731,55.90033]]},"properties":{"id":1199,"type":"lane","opened":"2020-07-21","name":"Great Western Rd (Balvie Ave- Roman Ave)","scheme":null,"km":0.072}},{"type":"Feature","geometry":{"type":"LineString","coordinates":[[-4.25769,55.88659],[-4.25873,55.88652],[-4.26005,55.88765]]},"properties":{"id":1200,"type":"lane","opened":"2017-09-15","name":"Bilsland Drive","scheme":null,"km":0.216}},{"type":"Feature","geometry":{"type":"LineString","coordinates":[[-4.24884,55.88656],[-4.24259,55.88706]]},"properties":{"id":1201,"type":"lane","opened":"2020-10-02","name":"Hawthorn St","scheme":null,"km":0.395}},{"type":"Feature","geometry":{"type":"LineString","coordinates":[[-4.27348,55.83461],[-4.27249,55.83513]]},"properties":{"id":1202,"type":"shared","opened":"2017-09-15","name":"Pollokshaws Rd","scheme":null,"km":0.085}},{"type":"Feature","geometry":{"type":"LineString","coordinates":[[-4.27634,55.833],[-4.27446,55.83408]]},"properties":{"id":1203,"type":"shared","opened":"2017-09-15","name":"Pollokshaws Rd","scheme":null,"km":0.168}},{"type":"Feature","geometry":{"type":"LineString","coordinates":[[-4.27446,55.83408],[-4.27348,55.83461]]},"properties":{"id":1204,"type":"shared","opened":"2017-09-15","name":"Pollokshaws Rd","scheme":null,"km":0.085}},{"type":"Feature","geometry":{"type":"LineString","coordinates":[[-4.25052,55.8544],[-4.25195,55.85489],[-4.25611,55.85599]]},"properties":{"id":1216,"type":"segregated","opened":"2020-05-15","name":"Clyde St","scheme":"Avenue B","km":0.393}},{"type":"Feature","geometry":{"type":"LineString","coordinates":[[-4.25892,55.88684],[-4.25988,55.88764],[-4.26037,55.88789],[-4.26097,55.88807],[-4.26504,55.88877],[-4.2665,55.8888],[-4.26801,55.88866]]},"properties":{"id":1217,"type":"segregated","opened":"2020-09-13","name":"Bilsland Drive","scheme":"Armadillo","km":0.646}},{"type":"Feature","geometry":{"type":"LineString","coordinates":[[-4.2488,55.88649],[-4.23991,55.88719],[-4.23824,55.88693]]},"properties":{"id":1218,"type":"segregated","opened":"2020-10-02","name":"Hawthorn St","scheme":"Armadillo","km":0.67}},{"type":"Feature","geometry":{"type":"LineString","coordinates":[[-4.26284,55.85666],[-4.26257,55.85671],[-4.26107,55.85658]]},"properties":{"id":1219,"type":"lane","opened":"2020-05-15","name":"Broomielaw","scheme":null,"km":0.113}},{"type":"Feature","geometry":{"type":"LineString","coordinates":[[-4.26107,55.85658],[-4.26019,55.85653]]},"properties":{"id":1220,"type":"lane","opened":"2020-05-15","name":"Broomielaw","scheme":null,"km":0.056}},{"type":"Feature","geometry":{"type":"LineString","coordinates":[[-4.14034,55.83934],[-4.13493,55.84031]]},"properties":{"id":1245,"type":"segregated","opened":"2017-09-15","name":"London Rd","scheme":"East City Way","km":0.355}},{"type":"Feature","geometry":{"type":"LineString","coordinates":[[-4.27316,55.83791],[-4.27268,55.83769]]},"properties":{"id":1278,"type":"lane","opened":"2017-09-15","name":"Nithsdale Rd","scheme":null,"km":0.04}},{"type":"Feature","geometry":{"type":"LineString","coordinates":[[-4.35139,55.83052],[-4.35013,55.82914]]},"properties":{"id":1317,"type":"segregated","opened":"2021-03-21","name":"Brockburn Rd","scheme":"Armadillo","km":0.173}},{"type":"Feature","geometry":{"type":"LineString","coordinates":[[-4.35298,55.83303],[-4.35187,55.83259]]},"properties":{"id":1318,"type":"segregated","opened":"2021-03-21","name":"Brockburn Rd","scheme":"Armadillo","km":0.086}},{"type":"Feature","geometry":{"type":"LineString","coordinates":[[-4.34673,55.82551],[-4.34574,55.82447]]},"properties":{"id":1319,"type":"segregated","opened":"2021-03-21","name":"Brockburn Rd","scheme":"Armadillo","km":0.131}},{"type":"Feature","geometry":{"type":"LineString","coordinates":[[-4.35411,55.83345],[-4.35298,55.83303]]},"properties":{"id":1320,"type":"segregated","opened":"2021-03-21","name":"Brockburn Rd","scheme":"Armadillo","km":0.086}},{"type":"Feature","geometry":{"type":"LineString","coordinates":[[-4.35223,55.83219],[-4.35232,55.83235]]},"properties":{"id":1321,"type":"lane","opened":"2021-03-21","name":"Brockburn Rd","scheme":null,"km":0.019}},{"type":"Feature","geometry":{"type":"LineString","coordinates":[[-4.35417,55.83336],[-4.35309,55.83295],[-4.35232,55.83235]]},"properties":{"id":1322,"type":"segregated","opened":"2021-03-21","name":"Brockburn Rd","scheme":"Armadillo","km":0.165}},{"type":"Feature","geometry":{"type":"LineString","coordinates":[[-4.36141,55.83451],[-4.35417,55.83336]]},"properties":{"id":1323,"type":"segregated","opened":"2021-03-21","name":"Brockburn Rd","scheme":"Armadillo","km":0.472}},{"type":"Feature","geometry":{"type":"LineString","coordinates":[[-4.36141,55.83451],[-4.36122,55.83453],[-4.35411,55.83345]]},"properties":{"id":1324,"type":"segregated","opened":"2021-03-21","name":"Brockburn Rd","scheme":"Armadillo","km":0.473}},{"type":"Feature","geometry":{"type":"LineString","coordinates":[[-4.35155,55.83253],[-4.35139,55.83238],[-4.35145,55.8322]]},"properties":{"id":1337,"type":"lane","opened":"2021-03-21","name":"Brockburn Rd","scheme":null,"km":0.04}},{"type":"Feature","geometry":{"type":"LineString","coordinates":[[-4.34553,55.82448],[-4.34656,55.82555]]},"properties":{"id":1338,"type":"segregated","opened":"2021-03-21","name":"Brockburn Rd","scheme":"Armadillo","km":0.135}},{"type":"Feature","geometry":{"type":"LineString","coordinates":[[-4.34748,55.82654],[-4.34997,55.82919]]},"properties":{"id":1339,"type":"segregated","opened":"2021-03-21","name":"Brockburn Rd","scheme":"Armadillo","km":0.334}},{"type":"Feature","geometry":{"type":"LineString","coordinates":[[-4.35223,55.83219],[-4.35227,55.83203],[-4.35139,55.83052]]},"properties":{"id":1340,"type":"segregated","opened":"2021-03-21","name":"Brockburn Rd","scheme":"Armadillo","km":0.194}},{"type":"Feature","geometry":{"type":"LineString","coordinates":[[-4.34726,55.82631],[-4.34748,55.82654]]},"properties":{"id":1341,"type":"segregated","opened":"2021-03-21","name":"Brockburn Rd","scheme":"Armadillo","km":0.03}},{"type":"Feature","geometry":{"type":"LineString","coordinates":[[-4.34656,55.82555],[-4.34726,55.82631]]},"properties":{"id":1342,"type":"segregated","opened":"2021-03-21","name":"Brockburn Rd","scheme":"Armadillo","km":0.095}},{"type":"Feature","geometry":{"type":"LineString","coordinates":[[-4.34997,55.82919],[-4.35125,55.83057]]},"properties":{"id":1343,"type":"segregated","opened":"2021-03-21","name":"Brockburn Rd","scheme":"Armadillo","km":0.173}},{"type":"Feature","geometry":{"type":"LineString","coordinates":[[-4.35145,55.8322],[-4.35158,55.83212]]},"properties":{"id":1344,"type":"lane","opened":"2017-09-15","name":"Brockburn Rd","scheme":null,"km":0.013}},{"type":"Feature","geometry":{"type":"LineString","coordinates":[[-4.35125,55.83057],[-4.35181,55.83161],[-4.35158,55.83212]]},"properties":{"id":1345,"type":"segregated","opened":"2021-03-21","name":"Brockburn Rd","scheme":"Armadillo","km":0.18}},{"type":"Feature","geometry":{"type":"LineString","coordinates":[[-4.35187,55.83259],[-4.35155,55.83253]]},"properties":{"id":1346,"type":"lane","opened":"2021-03-21","name":"Brockburn Rd","scheme":null,"km":0.022}},{"type":"Feature","geometry":{"type":"LineString","coordinates":[[-4.34743,55.82626],[-4.34673,55.82551]]},"properties":{"id":1347,"type":"segregated","opened":"2021-03-21","name":"Brockburn Rd","scheme":"Armadillo","km":0.094}},{"type":"Feature","geometry":{"type":"LineString","coordinates":[[-4.34764,55.8265],[-4.34743,55.82626]]},"properties":{"id":1348,"type":"segregated","opened":"2021-03-21","name":"Brockburn Rd","scheme":"Armadillo","km":0.03}},{"type":"Feature","geometry":{"type":"LineString","coordinates":[[-4.35013,55.82914],[-4.34764,55.8265]]},"properties":{"id":1349,"type":"segregated","opened":"2021-03-21","name":"Brockburn Rd","scheme":"Armadillo","km":0.334}},{"type":"Feature","geometry":{"type":"LineString","coordinates":[[-4.25949,55.86713],[-4.2596,55.86742],[-4.26011,55.86774],[-4.25956,55.86802]]},"properties":{"id":1362,"type":"shared","opened":"2017-09-15","name":"Underpass @Cowcaddens Subway station","scheme":null,"km":0.128}},{"type":"Feature","geometry":{"type":"LineString","coordinates":[[-4.26001,55.86592],[-4.25948,55.86713]]},"properties":{"id":1363,"type":"segregated","opened":"2021-04-10","name":"Cambridge St (Cowcaddens Rd to Renfrew St)","scheme":"Avenue A","km":0.138}},{"type":"Feature","geometry":{"type":"LineString","coordinates":[[-4.33704,55.83242],[-4.33934,55.83167],[-4.3394,55.83172],[-4.33919,55.83179],[-4.3393,55.83192],[-4.33944,55.83192]]},"properties":{"id":1364,"type":"shared","opened":"2017-09-15","name":"NCN 7","scheme":null,"km":0.216}},{"type":"Feature","geometry":{"type":"LineString","coordinates":[[-4.32191,55.82835],[-4.32671,55.82994],[-4.32706,55.8303],[-4.32699,55.83062],[-4.3271,55.83102],[-4.32729,55.8312],[-4.3278,55.83142],[-4.32848,55.83144],[-4.32993,55.83163],[-4.33036,55.83157],[-4.33063,55.83074],[-4.33091,55.83032],[-4.33201,55.82982],[-4.3327,55.82987],[-4.3329,55.82999],[-4.33313,55.83073],[-4.33339,55.83104],[-4.33699,55.8324]]},"properties":{"id":1365,"type":"shared","opened":"2017-09-15","name":"NCN 7","scheme":"Pollok Country Park","km":1.397}},{"type":"Feature","geometry":{"type":"LineString","coordinates":[[-4.33472,55.83845],[-4.33612,55.83326],[-4.33632,55.8329],[-4.33699,55.8324]]},"properties":{"id":1367,"type":"segregated","opened":"2020-10-02","name":"Corkerhill Road","scheme":"Armadillo","km":0.701}},{"type":"Feature","geometry":{"type":"LineString","coordinates":[[-4.33775,55.83236],[-4.33698,55.83263],[-4.33643,55.83313],[-4.33488,55.83847]]},"properties":{"id":1368,"type":"segregated","opened":"2020-10-02","name":"Corkerhill Road","scheme":"Armadillo","km":0.726}},{"type":"Feature","geometry":{"type":"MultiLineString","coordinates":[[[-4.30846,55.83878],[-4.30907,55.83943],[-4.30913,55.83969],[-4.30894,55.84087],[-4.30903,55.84117],[-4.30932,55.84136],[-4.3093,55.84157]],[[-4.30846,55.83878],[-4.30812,55.83851]]]},"properties":{"id":1386,"type":"shared","opened":"2020-05-15","name":"Drumbreck Rd","scheme":null,"km":0.374}},{"type":"Feature","geometry":{"type":"LineString","coordinates":[[-4.31928,55.87583],[-4.31886,55.87597],[-4.31818,55.87606]]},"properties":{"id":1425,"type":"lane","opened":"2020-12-04","name":"Clarence Dr","scheme":null,"km":0.074}},{"type":"Feature","geometry":{"type":"LineString","coordinates":[[-4.31505,55.87734],[-4.31478,55.87769],[-4.31418,55.87785]]},"properties":{"id":1426,"type":"lane","opened":"2020-12-04","name":"Clarence Dr","scheme":null,"km":0.086}},{"type":"Feature","geometry":{"type":"LineString","coordinates":[[-4.3136,55.87786],[-4.31188,55.87764]]},"properties":{"id":1427,"type":"lane","opened":"2020-12-04","name":"Clarence Dr","scheme":null,"km":0.11}},{"type":"Feature","geometry":{"type":"LineString","coordinates":[[-4.3163,55.87599],[-4.31575,55.87611],[-4.31546,55.8764]]},"properties":{"id":1428,"type":"lane","opened":"2020-12-04","name":"Clarence Dr","scheme":null,"km":0.075}},{"type":"Feature","geometry":{"type":"LineString","coordinates":[[-4.31908,55.87578],[-4.3182,55.87597],[-4.3163,55.87599]]},"properties":{"id":1429,"type":"segregated","opened":"2020-12-04","name":"Clarence Dr","scheme":"Armadillo","km":0.179}},{"type":"Feature","geometry":{"type":"LineString","coordinates":[[-4.31546,55.8764],[-4.31468,55.87758],[-4.3141,55.87776],[-4.31335,55.87774],[-4.30915,55.87726]]},"properties":{"id":1430,"type":"segregated","opened":"2020-12-04","name":"Clarence Dr","scheme":"Armadillo","km":0.497}},{"type":"Feature","geometry":{"type":"LineString","coordinates":[[-4.31818,55.87606],[-4.31649,55.87608],[-4.31602,55.87617],[-4.31571,55.87638],[-4.31505,55.87734]]},"properties":{"id":1431,"type":"segregated","opened":"2020-12-04","name":"Clarence Dr","scheme":"Armadillo","km":0.283}},{"type":"Feature","geometry":{"type":"LineString","coordinates":[[-4.31188,55.87764],[-4.3073,55.87711]]},"properties":{"id":1432,"type":"segregated","opened":"2020-12-04","name":"Clarence Dr","scheme":"Armadillo","km":0.292}},{"type":"Feature","geometry":{"type":"LineString","coordinates":[[-4.30187,55.8905],[-4.302,55.89011],[-4.30239,55.88978],[-4.30267,55.88811]]},"properties":{"id":1434,"type":"mixed","opened":"2017-09-15","name":"Kelvindale Ct","scheme":null,"km":0.28}},{"type":"Feature","geometry":{"type":"LineString","coordinates":[[-4.31418,55.87785],[-4.3136,55.87785]]},"properties":{"id":1435,"type":"segregated","opened":"2020-12-04","name":"Clarence Dr","scheme":"Armadillo","km":0.036}},{"type":"Feature","geometry":{"type":"LineString","coordinates":[[-4.31389,55.86322],[-4.3131,55.86328],[-4.31251,55.86323]]},"properties":{"id":1437,"type":"segregated","opened":"2017-09-15","name":"Burleigh St","scheme":null,"km":0.087}},{"type":"Feature","geometry":{"type":"LineString","coordinates":[[-4.31214,55.86315],[-4.31301,55.86324],[-4.31392,55.8632]]},"properties":{"id":1438,"type":"mixed","opened":"2017-09-15","name":"Burleigh St","scheme":null,"km":0.112}},{"type":"Feature","geometry":{"type":"LineString","coordinates":[[-4.21582,55.84887],[-4.21224,55.84861],[-4.21145,55.84861]]},"properties":{"id":1515,"type":"segregated","opened":"2023-07-06","name":"London Rd","scheme":null,"km":0.275}},{"type":"Feature","geometry":{"type":"LineString","coordinates":[[-4.21836,55.84899],[-4.21637,55.84884]]},"properties":{"id":1532,"type":"segregated","opened":"2023-07-06","name":"London Rd","scheme":null,"km":0.126}},{"type":"Feature","geometry":{"type":"LineString","coordinates":[[-4.21584,55.84881],[-4.2103,55.84838]]},"properties":{"id":1533,"type":"segregated","opened":"2023-07-06","name":"London Rd","scheme":null,"km":0.35}},{"type":"Feature","geometry":{"type":"LineString","coordinates":[[-4.20941,55.84847],[-4.20819,55.84831],[-4.20146,55.84778],[-4.20015,55.84753],[-4.19879,55.84703]]},"properties":{"id":1536,"type":"segregated","opened":"2023-07-06","name":"London Rd","scheme":null,"km":0.693}},{"type":"Feature","geometry":{"type":"LineString","coordinates":[[-4.26575,55.83363],[-4.26263,55.84226],[-4.26226,55.84301]]},"properties":{"id":1537,"type":"segregated","opened":"2018-11-14","name":"Victoria Rd","scheme":"South City Way","km":1.068}},{"type":"Feature","geometry":{"type":"LineString","coordinates":[[-4.19763,55.89538],[-4.19781,55.89526],[-4.19861,55.89503],[-4.19937,55.89471],[-4.20212,55.89249]]},"properties":{"id":1582,"type":"segregated","opened":"2021-04-27","name":"Wallacewell Road","scheme":"Segregation islands/batons","km":0.435}},{"type":"Feature","geometry":{"type":"LineString","coordinates":[[-4.19755,55.89514],[-4.19861,55.89489],[-4.19919,55.89464],[-4.20182,55.89251]]},"properties":{"id":1583,"type":"segregated","opened":"2021-04-27","name":"Wallacewell Road","scheme":"Segregation islands/batons","km":0.406}},{"type":"Feature","geometry":{"type":"LineString","coordinates":[[-4.28784,55.86789],[-4.28501,55.87198]]},"properties":{"id":1584,"type":"shared","opened":"2020-09-29","name":"Kelvin Way","scheme":null,"km":0.489}},{"type":"Feature","geometry":{"type":"LineString","coordinates":[[-4.34078,55.83181],[-4.34126,55.83199],[-4.34222,55.83218],[-4.34753,55.83236]]},"properties":{"id":1594,"type":"segregated","opened":"2020-09-13","name":"Braidcraft Rd (Lyoncross Rd - Corkerhill Rd)","scheme":"Armadillo","km":0.433}},{"type":"Feature","geometry":{"type":"LineString","coordinates":[[-4.31123,55.86345],[-4.31204,55.86372]]},"properties":{"id":1600,"type":"segregated","opened":"2017-09-15","name":"Pearce Lane","scheme":null,"km":0.06}},{"type":"Feature","geometry":{"type":"LineString","coordinates":[[-4.31395,55.86321],[-4.31437,55.86288],[-4.31569,55.86251],[-4.31588,55.86238]]},"properties":{"id":1601,"type":"mixed","opened":"2017-09-15","name":"Langlands Road","scheme":null,"km":0.157}},{"type":"Feature","geometry":{"type":"LineString","coordinates":[[-4.25783,55.87085],[-4.25775,55.87082],[-4.25738,55.87098],[-4.25717,55.87088],[-4.25619,55.87083],[-4.25538,55.87091],[-4.25493,55.87106]]},"properties":{"id":1602,"type":"shared","opened":"2017-09-15","name":"Link route- Speaker Martin Lock","scheme":"Forth & Clyde Canal","km":0.206}},{"type":"Feature","geometry":{"type":"LineString","coordinates":[[-4.3172,55.89369],[-4.31641,55.89407]]},"properties":{"id":1603,"type":"shared","opened":"2017-09-15","name":"NCN 754","scheme":null,"km":0.065}},{"type":"Feature","geometry":{"type":"LineString","coordinates":[[-4.28033,55.86572],[-4.28065,55.86674]]},"properties":{"id":1609,"type":"shared","opened":"2017-09-15","name":"NCN 756","scheme":null,"km":0.115}},{"type":"Feature","geometry":{"type":"LineString","coordinates":[[-4.27097,55.8604],[-4.27093,55.86023],[-4.27129,55.86005],[-4.27173,55.86006],[-4.27206,55.86018],[-4.27203,55.86026]]},"properties":{"id":1610,"type":"shared","opened":"2017-09-15","name":"NCN 756","scheme":null,"km":0.114}},{"type":"Feature","geometry":{"type":"MultiLineString","coordinates":[[[-4.29654,55.86297],[-4.29654,55.86323],[-4.29697,55.86329],[-4.29666,55.86329],[-4.29735,55.8634],[-4.29861,55.86377],[-4.30026,55.86458],[-4.30093,55.86504],[-4.30227,55.86633],[-4.30306,55.86694],[-4.30392,55.8672]],[[-4.29668,55.8627],[-4.29668,55.86281],[-4.29654,55.86281]],[[-4.29654,55.86281],[-4.29654,55.86297]],[[-4.29654,55.86281],[-4.29642,55.8628],[-4.29643,55.86273],[-4.29654,55.86281]]]},"properties":{"id":1611,"type":"shared","opened":"2017-09-15","name":"Pointhouse Rd","scheme":null,"km":0.799}},{"type":"Feature","geometry":{"type":"LineString","coordinates":[[-4.1846,55.84098],[-4.18548,55.84036],[-4.1861,55.84008],[-4.18661,55.83809],[-4.18592,55.83799],[-4.1861,55.83744],[-4.18592,55.83725]]},"properties":{"id":1612,"type":"shared","opened":"2017-09-15","name":"NCN LINK 7","scheme":null,"km":0.493}},{"type":"Feature","geometry":{"type":"LineString","coordinates":[[-4.30279,55.84443],[-4.30134,55.84558]]},"properties":{"id":1613,"type":"mixed","opened":"2017-09-15","name":"NCN 7","scheme":null,"km":0.157}},{"type":"Feature","geometry":{"type":"LineString","coordinates":[[-4.30816,55.89292],[-4.30889,55.8929]]},"properties":{"id":1614,"type":"shared","opened":"2017-09-15","name":"NCN LINK 754","scheme":null,"km":0.046}},{"type":"Feature","geometry":{"type":"LineString","coordinates":[[-4.37443,55.89992],[-4.37435,55.90027],[-4.37378,55.90096]]},"properties":{"id":1615,"type":"shared","opened":"2017-09-15","name":"Link between Great Western Rd & Forth and Clyde canal","scheme":"waterproof surfaces","km":0.125}},{"type":"Feature","geometry":{"type":"LineString","coordinates":[[-4.35695,55.91724],[-4.3566,55.91753],[-4.35623,55.91763],[-4.35574,55.91795],[-4.35523,55.91808],[-4.35542,55.91827]]},"properties":{"id":1616,"type":"shared","opened":"2017-09-15","name":"Path bewteen Drummore Rd- Garscadden Burn","scheme":"Waterproof surfaces","km":0.173}},{"type":"Feature","geometry":{"type":"LineString","coordinates":[[-4.38032,55.91751],[-4.38127,55.91736],[-4.38265,55.91754],[-4.38325,55.91779],[-4.38398,55.91791],[-4.38528,55.91773],[-4.38707,55.91704],[-4.38755,55.91639],[-4.38763,55.91596]]},"properties":{"id":1617,"type":"shared","opened":"2017-09-15","name":"Drumchapel Way from Achamore Rd","scheme":"Waterproof surfaces","km":0.593}},{"type":"Feature","geometry":{"type":"LineString","coordinates":[[-4.27955,55.8635],[-4.27556,55.86377]]},"properties":{"id":1620,"type":"shared","opened":"2017-09-15","name":"Dover St","scheme":null,"km":0.253}},{"type":"Feature","geometry":{"type":"LineString","coordinates":[[-4.25836,55.86742],[-4.25833,55.86727],[-4.25702,55.86694],[-4.25621,55.86691],[-4.25586,55.86704]]},"properties":{"id":1621,"type":"shared","opened":"2017-09-15","name":"Link to Dundasvale Rd","scheme":null,"km":0.184}},{"type":"Feature","geometry":{"type":"LineString","coordinates":[[-4.25415,55.86434],[-4.25318,55.86423],[-4.25295,55.86405],[-4.25298,55.86376],[-4.2536,55.86209],[-4.25344,55.86197],[-4.25361,55.8619],[-4.25498,55.85812]]},"properties":{"id":1623,"type":"shared","opened":"2017-09-15","name":"Buchanan St","scheme":null,"km":0.768}},{"type":"Feature","geometry":{"type":"LineString","coordinates":[[-4.25556,55.86049],[-4.25419,55.86034]]},"properties":{"id":1624,"type":"shared","opened":"2017-09-15","name":"Gordon St","scheme":null,"km":0.088}},{"type":"Feature","geometry":{"type":"LineString","coordinates":[[-4.24845,55.8649],[-4.24838,55.8651],[-4.24811,55.86505],[-4.24716,55.86515],[-4.24678,55.86527],[-4.24407,55.86569],[-4.24309,55.86571],[-4.24295,55.86584],[-4.24037,55.86614],[-4.24039,55.86632],[-4.24014,55.86631],[-4.24013,55.86637],[-4.23921,55.86636]]},"properties":{"id":1625,"type":"shared","opened":"2017-09-15","name":"St Mungo Avenue","scheme":null,"km":0.651}},{"type":"Feature","geometry":{"type":"LineString","coordinates":[[-4.24467,55.86578],[-4.24471,55.86516],[-4.24491,55.86515],[-4.24491,55.86477],[-4.24634,55.86441],[-4.24622,55.86419],[-4.24598,55.8642],[-4.24598,55.86395],[-4.24532,55.86378],[-4.24511,55.86298]]},"properties":{"id":1626,"type":"shared","opened":"2017-09-15","name":"City of Glasgow College","scheme":null,"km":0.43}},{"type":"Feature","geometry":{"type":"LineString","coordinates":[[-4.2527,55.85791],[-4.25039,55.85768],[-4.24928,55.85749]]},"properties":{"id":1627,"type":"shared","opened":"2017-09-15","name":"Argyle St precinct","scheme":null,"km":0.219}},{"type":"Feature","geometry":{"type":"LineString","coordinates":[[-4.25512,55.85559],[-4.25615,55.85425]]},"properties":{"id":1628,"type":"shared","opened":"2017-09-15","name":"Suspension bridge (S. Portland st)","scheme":null,"km":0.162}},{"type":"Feature","geometry":{"type":"LineString","coordinates":[[-4.28546,55.86858],[-4.28431,55.86815]]},"properties":{"id":1629,"type":"shared","opened":"2017-09-15","name":"Kelvingrove Park","scheme":null,"km":0.089}},{"type":"Feature","geometry":{"type":"LineString","coordinates":[[-4.28467,55.89901],[-4.28403,55.89908],[-4.28175,55.89902]]},"properties":{"id":1630,"type":"shared","opened":"2017-09-15","name":"Tresta Close link","scheme":null,"km":0.184}},{"type":"Feature","geometry":{"type":"LineString","coordinates":[[-4.30233,55.89925],[-4.30227,55.89941],[-4.30239,55.89949],[-4.30479,55.90078],[-4.30499,55.90106],[-4.30485,55.9012],[-4.30413,55.90146],[-4.3033,55.90145],[-4.30026,55.90111],[-4.29954,55.90093],[-4.29916,55.90076],[-4.29872,55.90073],[-4.29832,55.90096],[-4.2984,55.90157],[-4.29857,55.90185],[-4.29823,55.90187],[-4.29823,55.90193]]},"properties":{"id":1631,"type":"shared","opened":"2017-09-15","name":"Maryhill Park","scheme":null,"km":0.866}},{"type":"Feature","geometry":{"type":"LineString","coordinates":[[-4.27471,55.88689],[-4.27296,55.8872],[-4.272,55.88724],[-4.27131,55.88714],[-4.27088,55.887],[-4.27063,55.88677],[-4.27059,55.88639]]},"properties":{"id":1632,"type":"shared","opened":"2017-09-15","name":"Ruchill Park","scheme":null,"km":0.323}},{"type":"Feature","geometry":{"type":"LineString","coordinates":[[-4.27163,55.88719],[-4.27115,55.88779],[-4.27092,55.88792]]},"properties":{"id":1633,"type":"shared","opened":"2017-09-15","name":"Ruchill Park","scheme":null,"km":0.094}},{"type":"Feature","geometry":{"type":"LineString","coordinates":[[-4.27321,55.88491],[-4.27217,55.88558],[-4.27113,55.88568]]},"properties":{"id":1634,"type":"shared","opened":"2017-09-15","name":"Ruchill Park","scheme":null,"km":0.166}},{"type":"Feature","geometry":{"type":"LineString","coordinates":[[-4.27447,55.88567],[-4.27449,55.88552],[-4.27474,55.88533],[-4.27528,55.88514],[-4.27703,55.88396]]},"properties":{"id":1635,"type":"shared","opened":"2017-09-15","name":"Ruchill Park","scheme":null,"km":0.255}},{"type":"Feature","geometry":{"type":"LineString","coordinates":[[-4.27278,55.8842],[-4.27367,55.88411],[-4.27387,55.88379],[-4.275,55.88328],[-4.27543,55.88317],[-4.27589,55.88319],[-4.27621,55.88336],[-4.27639,55.88362],[-4.27648,55.88428]]},"properties":{"id":1636,"type":"shared","opened":"2017-09-15","name":"Ruchill Park","scheme":null,"km":0.376}},{"type":"Feature","geometry":{"type":"LineString","coordinates":[[-4.22642,55.89105],[-4.22638,55.88988],[-4.22662,55.88977],[-4.22658,55.88967],[-4.22637,55.8896],[-4.22632,55.88754]]},"properties":{"id":1637,"type":"shared","opened":"2017-09-15","name":"Springburn Park","scheme":null,"km":0.407}},{"type":"Feature","geometry":{"type":"LineString","coordinates":[[-4.23016,55.89019],[-4.22851,55.89014],[-4.22833,55.89123],[-4.22771,55.89109]]},"properties":{"id":1638,"type":"shared","opened":"2017-09-15","name":"Springburn Park","scheme":null,"km":0.269}},{"type":"Feature","geometry":{"type":"LineString","coordinates":[[-4.21762,55.89763],[-4.21676,55.89572],[-4.21623,55.89538],[-4.21619,55.89506]]},"properties":{"id":1639,"type":"shared","opened":"2017-09-15","name":"Littlehill Golf Course link","scheme":null,"km":0.306}},{"type":"Feature","geometry":{"type":"LineString","coordinates":[[-4.19976,55.88825],[-4.19903,55.88727],[-4.19943,55.8867],[-4.19947,55.88644],[-4.19873,55.88536],[-4.19853,55.88485],[-4.19813,55.88452],[-4.19762,55.88433],[-4.19686,55.88422],[-4.19592,55.88424],[-4.19591,55.88368],[-4.19609,55.88332]]},"properties":{"id":1640,"type":"shared","opened":"2017-09-15","name":"Robroyston Park","scheme":null,"km":0.701}},{"type":"Feature","geometry":{"type":"LineString","coordinates":[[-4.19308,55.88828],[-4.19407,55.88679],[-4.19328,55.88615],[-4.19321,55.88525],[-4.19345,55.88467],[-4.19306,55.88445],[-4.19275,55.88413],[-4.19248,55.88347]]},"properties":{"id":1641,"type":"shared","opened":"2017-09-15","name":"Robroyston park","scheme":null,"km":0.582}},{"type":"Feature","geometry":{"type":"LineString","coordinates":[[-4.19592,55.88424],[-4.19463,55.88437],[-4.19415,55.88449],[-4.19324,55.88503],[-4.19247,55.88524],[-4.19251,55.88561]]},"properties":{"id":1642,"type":"shared","opened":"2017-09-15","name":"Robroyston Park","scheme":null,"km":0.293}},{"type":"Feature","geometry":{"type":"LineString","coordinates":[[-4.19902,55.88727],[-4.19878,55.88718],[-4.19604,55.88687],[-4.19407,55.88679]]},"properties":{"id":1643,"type":"shared","opened":"2017-09-15","name":"Robroyston Park","scheme":null,"km":0.316}},{"type":"Feature","geometry":{"type":"LineString","coordinates":[[-4.19264,55.87158],[-4.19252,55.87196],[-4.19181,55.87254],[-4.19014,55.87302]]},"properties":{"id":1644,"type":"shared","opened":"2017-09-15","name":"Link between Gala St & Maxwelton Rd","scheme":null,"km":0.239}},{"type":"Feature","geometry":{"type":"LineString","coordinates":[[-4.19241,55.87316],[-4.19181,55.87252]]},"properties":{"id":1645,"type":"shared","opened":"2017-09-15","name":"Link between Gala St & Maxwelton Rd","scheme":"Foot bridge","km":0.081}},{"type":"Feature","geometry":{"type":"LineString","coordinates":[[-4.16881,55.8626],[-4.16871,55.8628],[-4.16738,55.86335],[-4.16693,55.86556],[-4.16698,55.86605]]},"properties":{"id":1646,"type":"shared","opened":"2017-09-15","name":"Cranhill Park","scheme":null,"km":0.43}},{"type":"Feature","geometry":{"type":"LineString","coordinates":[[-4.16492,55.86603],[-4.165,55.86733],[-4.16447,55.86736],[-4.16445,55.86789],[-4.16375,55.86791]]},"properties":{"id":1647,"type":"shared","opened":"2017-09-15","name":"Bellrock Path","scheme":null,"km":0.286}},{"type":"Feature","geometry":{"type":"LineString","coordinates":[[-4.17966,55.85613],[-4.17947,55.85624],[-4.17909,55.85627],[-4.17859,55.85643],[-4.17744,55.85689],[-4.17697,55.85698],[-4.17612,55.8569],[-4.17572,55.85674],[-4.17424,55.85656],[-4.173,55.8566],[-4.17289,55.85574],[-4.17074,55.85579]]},"properties":{"id":1648,"type":"shared","opened":"2017-09-15","name":"Greenfield Football Centre","scheme":null,"km":0.688}},{"type":"Feature","geometry":{"type":"LineString","coordinates":[[-4.16808,55.85667],[-4.16804,55.85596]]},"properties":{"id":1649,"type":"shared","opened":"2017-09-15","name":"Greenfield Park","scheme":null,"km":0.079}},{"type":"Feature","geometry":{"type":"LineString","coordinates":[[-4.14431,55.85978],[-4.14464,55.85908],[-4.14432,55.85887],[-4.14435,55.85871],[-4.14557,55.85845],[-4.14558,55.85817],[-4.14529,55.85742],[-4.14489,55.85682],[-4.14487,55.85631]]},"properties":{"id":1650,"type":"shared","opened":"2017-09-15","name":"Barlanark Park","scheme":null,"km":0.461}},{"type":"Feature","geometry":{"type":"LineString","coordinates":[[-4.31048,55.88392],[-4.31034,55.88297],[-4.3111,55.88203],[-4.31181,55.88143],[-4.31341,55.88054],[-4.31428,55.87985]]},"properties":{"id":1651,"type":"shared","opened":"2017-09-15","name":"Path from Great Western Rd to Hyndland station","scheme":null,"km":0.537}},{"type":"Feature","geometry":{"type":"LineString","coordinates":[[-4.30041,55.89048],[-4.30008,55.88995],[-4.30031,55.88935],[-4.30015,55.88827],[-4.29929,55.88757],[-4.29897,55.88758],[-4.2989,55.8875]]},"properties":{"id":1652,"type":"shared","opened":"2017-09-15","name":"Kelvindale Buildings footpath","scheme":null,"km":0.38}},{"type":"Feature","geometry":{"type":"LineString","coordinates":[[-4.19879,55.86635],[-4.19949,55.86622],[-4.20072,55.86573],[-4.20182,55.86501]]},"properties":{"id":1653,"type":"shared","opened":"2017-09-15","name":"Alexandra Park","scheme":null,"km":0.246}},{"type":"Feature","geometry":{"type":"LineString","coordinates":[[-4.20422,55.86375],[-4.2042,55.86359],[-4.20398,55.86357],[-4.20414,55.86262]]},"properties":{"id":1654,"type":"shared","opened":"2017-09-15","name":"Alexandra Park","scheme":null,"km":0.137}},{"type":"Feature","geometry":{"type":"LineString","coordinates":[[-4.20354,55.86381],[-4.20355,55.86358],[-4.20186,55.86343],[-4.20008,55.86362],[-4.19994,55.86377],[-4.19916,55.86386]]},"properties":{"id":1655,"type":"shared","opened":"2017-09-15","name":"Alexandra Park","scheme":null,"km":0.318}},{"type":"Feature","geometry":{"type":"LineString","coordinates":[[-4.22139,55.87187],[-4.21963,55.87226],[-4.21906,55.87163]]},"properties":{"id":1656,"type":"shared","opened":"2017-09-15","name":"Glenconner Park","scheme":null,"km":0.197}},{"type":"Feature","geometry":{"type":"LineString","coordinates":[[-4.17008,55.84478],[-4.16943,55.84468],[-4.16953,55.84418],[-4.16944,55.84407],[-4.16687,55.8439],[-4.16667,55.84386],[-4.16663,55.84375],[-4.16624,55.8438],[-4.16592,55.84335],[-4.16572,55.84341],[-4.16529,55.84331],[-4.16398,55.84354],[-4.16341,55.84355],[-4.16235,55.84352],[-4.16203,55.8434]]},"properties":{"id":1657,"type":"shared","opened":"2017-09-15","name":"Strathord Play Park","scheme":null,"km":0.636}},{"type":"Feature","geometry":{"type":"LineString","coordinates":[[-4.16573,55.84371],[-4.1654,55.84382],[-4.16481,55.84378],[-4.16439,55.84389],[-4.16407,55.84385],[-4.16385,55.84394]]},"properties":{"id":1658,"type":"shared","opened":"2017-09-15","name":"Path to Sandyhills Rd","scheme":null,"km":0.128}},{"type":"Feature","geometry":{"type":"LineString","coordinates":[[-4.16461,55.84344],[-4.16407,55.84386]]},"properties":{"id":1659,"type":"shared","opened":"2017-09-15","name":"Path to Sandyhills Rd","scheme":null,"km":0.059}},{"type":"Feature","geometry":{"type":"LineString","coordinates":[[-4.16363,55.84357],[-4.1631,55.84389]]},"properties":{"id":1660,"type":"shared","opened":"2017-09-15","name":"Path to Sandyhills Rd","scheme":null,"km":0.05}},{"type":"Feature","geometry":{"type":"LineString","coordinates":[[-4.16414,55.87277],[-4.16414,55.87271],[-4.16446,55.87265],[-4.16402,55.87183],[-4.16617,55.87144],[-4.16589,55.8707],[-4.16549,55.87031],[-4.16503,55.87026],[-4.16525,55.86971],[-4.16483,55.86907],[-4.16484,55.86867],[-4.16477,55.86849],[-4.16467,55.8685],[-4.1647,55.86872],[-4.16447,55.86802],[-4.16381,55.86799],[-4.16375,55.86791]]},"properties":{"id":1661,"type":"shared","opened":"2017-09-15","name":"Croftcroighn Park","scheme":null,"km":0.812}},{"type":"Feature","geometry":{"type":"LineString","coordinates":[[-4.16906,55.87004],[-4.16751,55.86997],[-4.16693,55.86986],[-4.16568,55.8699],[-4.16538,55.87008],[-4.16549,55.87032]]},"properties":{"id":1662,"type":"shared","opened":"2017-09-15","name":"Croftcroighn Park","scheme":null,"km":0.27}},{"type":"Feature","geometry":{"type":"LineString","coordinates":[[-4.1657,55.86989],[-4.1668,55.86919],[-4.1674,55.86893],[-4.16781,55.86861]]},"properties":{"id":1663,"type":"shared","opened":"2017-09-15","name":"Croftcroighn Park","scheme":null,"km":0.198}},{"type":"Feature","geometry":{"type":"LineString","coordinates":[[-4.16744,55.87863],[-4.16649,55.87846],[-4.16612,55.87847],[-4.16555,55.8787],[-4.16414,55.87899],[-4.16367,55.87899],[-4.16256,55.87878]]},"properties":{"id":1664,"type":"shared","opened":"2017-09-15","name":"Hogganfield Loch AKA Molendinar Burn","scheme":null,"km":0.327}},{"type":"Feature","geometry":{"type":"LineString","coordinates":[[-4.16194,55.88102],[-4.15667,55.88124],[-4.15543,55.88132],[-4.15326,55.8816],[-4.15313,55.88125],[-4.15362,55.88111]]},"properties":{"id":1665,"type":"shared","opened":"2017-09-15","name":"Seven Loch Wetland Park","scheme":null,"km":0.623}},{"type":"Feature","geometry":{"type":"LineString","coordinates":[[-4.15326,55.88158],[-4.15126,55.88185],[-4.14811,55.88264],[-4.1479,55.88256],[-4.14727,55.88255],[-4.14572,55.88049],[-4.14454,55.88028],[-4.14451,55.88018],[-4.14328,55.87963],[-4.14446,55.87878],[-4.14651,55.87794],[-4.14722,55.87783],[-4.14804,55.87749],[-4.14862,55.87749],[-4.1497,55.87763],[-4.1524,55.8777],[-4.15251,55.87784],[-4.15275,55.87794],[-4.15287,55.87924]]},"properties":{"id":1666,"type":"shared","opened":"2017-09-15","name":"Seven Loch Wetland Park","scheme":null,"km":1.683}},{"type":"Feature","geometry":{"type":"LineString","coordinates":[[-4.15047,55.87765],[-4.15044,55.87746],[-4.15058,55.87736],[-4.15062,55.8771],[-4.15126,55.87676],[-4.15143,55.87646],[-4.15136,55.87636]]},"properties":{"id":1667,"type":"shared","opened":"2017-09-15","name":"Seven Loch Wetland Park","scheme":null,"km":0.169}},{"type":"Feature","geometry":{"type":"LineString","coordinates":[[-4.14716,55.87785],[-4.14696,55.87773],[-4.14706,55.87764],[-4.14695,55.87757],[-4.14726,55.87733],[-4.14742,55.87705],[-4.14744,55.87685],[-4.14727,55.87673]]},"properties":{"id":1668,"type":"shared","opened":"2017-09-15","name":"Seven Loch Wetland Park","scheme":null,"km":0.15}},{"type":"Feature","geometry":{"type":"LineString","coordinates":[[-4.1454,55.8784],[-4.14512,55.87754],[-4.14547,55.87733],[-4.14561,55.87709],[-4.14562,55.87653]]},"properties":{"id":1669,"type":"shared","opened":"2017-09-15","name":"Seven Loch Wetland Park","scheme":null,"km":0.224}},{"type":"Feature","geometry":{"type":"LineString","coordinates":[[-4.14754,55.87525],[-4.14739,55.87494],[-4.14767,55.87482],[-4.14747,55.87436],[-4.14751,55.87418]]},"properties":{"id":1670,"type":"shared","opened":"2017-09-15","name":"Path from Tillycairn Dr to Porchester St","scheme":null,"km":0.131}},{"type":"Feature","geometry":{"type":"LineString","coordinates":[[-4.12978,55.87248],[-4.13039,55.87197],[-4.13006,55.87112],[-4.13212,55.87099],[-4.1325,55.87081],[-4.13252,55.87065],[-4.13092,55.86962],[-4.13065,55.86918]]},"properties":{"id":1671,"type":"shared","opened":"2017-09-15","name":"Auchinlea Park","scheme":null,"km":0.549}},{"type":"Feature","geometry":{"type":"LineString","coordinates":[[-4.2255,55.85642],[-4.22439,55.85622],[-4.22409,55.85618],[-4.22396,55.85624],[-4.2229,55.85606],[-4.2229,55.85597],[-4.22177,55.85574],[-4.22092,55.85573],[-4.21687,55.85539]]},"properties":{"id":1673,"type":"shared","opened":"2017-09-15","name":"Link from Bellgrove St to Whitevale St","scheme":null,"km":0.568}},{"type":"Feature","geometry":{"type":"LineString","coordinates":[[-4.19425,55.84498],[-4.19366,55.84534],[-4.19301,55.84543],[-4.19257,55.84598],[-4.19218,55.84605]]},"properties":{"id":1674,"type":"shared","opened":"2017-09-15","name":"Helensea Park","scheme":null,"km":0.191}},{"type":"Feature","geometry":{"type":"LineString","coordinates":[[-4.24318,55.82884],[-4.24337,55.8298],[-4.24377,55.83048],[-4.24369,55.8307],[-4.24333,55.83123],[-4.24221,55.832],[-4.24106,55.83296],[-4.24053,55.83322],[-4.24052,55.83353],[-4.2409,55.83381],[-4.24096,55.83416]]},"properties":{"id":1675,"type":"shared","opened":"2017-09-15","name":"Malls Mire path","scheme":null,"km":0.676}},{"type":"Feature","geometry":{"type":"LineString","coordinates":[[-4.32557,55.86083],[-4.32552,55.86118],[-4.32591,55.86132],[-4.32597,55.86144],[-4.32586,55.86164],[-4.32549,55.86171],[-4.32547,55.86244],[-4.32566,55.8626],[-4.32545,55.8627],[-4.32539,55.86321],[-4.32648,55.86346],[-4.32708,55.86351],[-4.32796,55.86339],[-4.32806,55.86364]]},"properties":{"id":1676,"type":"shared","opened":"2017-09-15","name":"Elder Park","scheme":null,"km":0.51}},{"type":"Feature","geometry":{"type":"LineString","coordinates":[[-4.32197,55.86401],[-4.32196,55.86379],[-4.32488,55.86122],[-4.32505,55.86109],[-4.32556,55.86102]]},"properties":{"id":1677,"type":"shared","opened":"2017-09-15","name":"Elder Park","scheme":null,"km":0.415}},{"type":"Feature","geometry":{"type":"LineString","coordinates":[[-4.36983,55.85362],[-4.37024,55.85198],[-4.37001,55.85164],[-4.37009,55.85136]]},"properties":{"id":1678,"type":"shared","opened":"2017-09-15","name":"Penillee recreational ground","scheme":null,"km":0.257}},{"type":"Feature","geometry":{"type":"LineString","coordinates":[[-4.36855,55.84694],[-4.36408,55.84716],[-4.36351,55.84706]]},"properties":{"id":1679,"type":"shared","opened":"2017-09-15","name":"Path from Kelhead Av to Sandwood Rd","scheme":null,"km":0.319}},{"type":"Feature","geometry":{"type":"LineString","coordinates":[[-4.34036,55.85145],[-4.34018,55.85141],[-4.34069,55.85017],[-4.33726,55.84945],[-4.33459,55.84901],[-4.33429,55.84883],[-4.33416,55.84851],[-4.33457,55.84774],[-4.33453,55.84748],[-4.33417,55.84706],[-4.33367,55.8467]]},"properties":{"id":1680,"type":"shared","opened":"2017-09-15","name":"Craigton Cemetery","scheme":null,"km":0.841}},{"type":"Feature","geometry":{"type":"LineString","coordinates":[[-4.35292,55.84034],[-4.35328,55.84087],[-4.35412,55.84124],[-4.35474,55.84138],[-4.35538,55.84145],[-4.3557,55.84136],[-4.35633,55.841],[-4.35645,55.84116],[-4.35679,55.84132],[-4.35759,55.84088],[-4.35812,55.84082],[-4.35877,55.84097],[-4.35981,55.84139],[-4.36113,55.84208],[-4.36146,55.8421]]},"properties":{"id":1681,"type":"shared","opened":"2017-09-15","name":"Rosshall Park","scheme":null,"km":0.703}},{"type":"Feature","geometry":{"type":"LineString","coordinates":[[-4.3438,55.82236],[-4.34402,55.82192],[-4.3439,55.8214],[-4.34407,55.82103],[-4.34469,55.82034],[-4.34468,55.81993],[-4.34516,55.81911],[-4.34525,55.81858],[-4.34504,55.8184],[-4.34466,55.81829],[-4.34257,55.81804]]},"properties":{"id":1682,"type":"shared","opened":"2017-09-15","name":"Brock Burn","scheme":null,"km":0.626}},{"type":"Feature","geometry":{"type":"LineString","coordinates":[[-4.34657,55.8072],[-4.34817,55.80641],[-4.34863,55.80568],[-4.34924,55.80528],[-4.3497,55.80476],[-4.3499,55.80445],[-4.34989,55.80404],[-4.35032,55.80364],[-4.35191,55.80269],[-4.35193,55.80234],[-4.35159,55.80174],[-4.35138,55.80102],[-4.35221,55.80068],[-4.35254,55.80069]]},"properties":{"id":1684,"type":"shared","opened":"2017-09-15","name":"Darnley Mill Country Park","scheme":null,"km":0.9}},{"type":"Feature","geometry":{"type":"LineString","coordinates":[[-4.30355,55.81446],[-4.306,55.81276],[-4.30615,55.81215],[-4.30518,55.81091],[-4.30519,55.81048]]},"properties":{"id":1685,"type":"shared","opened":"2017-09-15","name":"Mansewood High Park","scheme":null,"km":0.512}},{"type":"Feature","geometry":{"type":"LineString","coordinates":[[-4.28698,55.81824],[-4.28475,55.81805],[-4.28165,55.8173]]},"properties":{"id":1686,"type":"shared","opened":"2017-09-15","name":"Newlands Park","scheme":null,"km":0.353}},{"type":"Feature","geometry":{"type":"LineString","coordinates":[[-4.28456,55.81801],[-4.28424,55.81815],[-4.28397,55.81869]]},"properties":{"id":1687,"type":"shared","opened":"2017-09-15","name":"Newlands Park","scheme":null,"km":0.089}},{"type":"Feature","geometry":{"type":"LineString","coordinates":[[-4.24568,55.81596],[-4.24294,55.81566],[-4.24218,55.81546],[-4.24137,55.81563],[-4.24079,55.81568],[-4.23989,55.81561],[-4.23937,55.81529],[-4.23899,55.81516],[-4.23878,55.81445],[-4.23842,55.8137],[-4.23828,55.81362]]},"properties":{"id":1688,"type":"shared","opened":"2017-09-15","name":"King's Park","scheme":null,"km":0.633}},{"type":"Feature","geometry":{"type":"LineString","coordinates":[[-4.24448,55.8188],[-4.24476,55.81815],[-4.24429,55.81793],[-4.24391,55.81723],[-4.24273,55.81643],[-4.24167,55.81602],[-4.24095,55.81585],[-4.24083,55.81568]]},"properties":{"id":1689,"type":"shared","opened":"2017-09-15","name":"King's Park","scheme":null,"km":0.462}},{"type":"Feature","geometry":{"type":"LineString","coordinates":[[-4.24219,55.81547],[-4.24181,55.81504],[-4.24177,55.81434],[-4.24232,55.81335],[-4.24354,55.81261],[-4.24513,55.81237]]},"properties":{"id":1690,"type":"shared","opened":"2017-09-15","name":"King's Park","scheme":null,"km":0.464}},{"type":"Feature","geometry":{"type":"LineString","coordinates":[[-4.23219,55.79859],[-4.23194,55.79832],[-4.23184,55.79778],[-4.23207,55.7976],[-4.23071,55.79734],[-4.23036,55.79742],[-4.22977,55.79715],[-4.2287,55.79696],[-4.22785,55.79664],[-4.22456,55.79594],[-4.22232,55.7951],[-4.21996,55.79445],[-4.21952,55.79439]]},"properties":{"id":1691,"type":"shared","opened":"2017-09-15","name":"Cathkin Braes","scheme":null,"km":1.002}},{"type":"Feature","geometry":{"type":"LineString","coordinates":[[-4.22961,55.79712],[-4.22847,55.79727],[-4.22772,55.79717],[-4.22656,55.79718],[-4.22481,55.79749],[-4.22351,55.7976],[-4.22035,55.79762],[-4.21939,55.79774],[-4.21861,55.79793],[-4.21718,55.79807],[-4.21477,55.79802],[-4.21426,55.7979],[-4.21309,55.79779],[-4.21207,55.79755]]},"properties":{"id":1692,"type":"shared","opened":"2017-09-15","name":"Cathkin Braes","scheme":null,"km":1.131}},{"type":"Feature","geometry":{"type":"LineString","coordinates":[[-4.22216,55.81266],[-4.22197,55.81217],[-4.2217,55.81194],[-4.21961,55.81113],[-4.21926,55.8111],[-4.21897,55.81092],[-4.21851,55.80989],[-4.21874,55.80979],[-4.21865,55.80929],[-4.21876,55.809],[-4.21982,55.80812],[-4.22022,55.80791],[-4.22055,55.80737],[-4.22089,55.80725],[-4.22088,55.80708],[-4.22125,55.80693],[-4.22127,55.80649],[-4.22143,55.80644],[-4.22133,55.80637],[-4.221,55.8063],[-4.22052,55.80653],[-4.22022,55.80641],[-4.22014,55.80619]]},"properties":{"id":1693,"type":"shared","opened":"2017-09-15","name":"Castlemilk park","scheme":null,"km":1.001}},{"type":"Feature","geometry":{"type":"LineString","coordinates":[[-4.21331,55.81185],[-4.2138,55.81176],[-4.21393,55.81147],[-4.2149,55.81116],[-4.21592,55.81048],[-4.21761,55.80995],[-4.21856,55.80986]]},"properties":{"id":1694,"type":"shared","opened":"2017-09-15","name":"Glen Wood","scheme":null,"km":0.419}},{"type":"Feature","geometry":{"type":"LineString","coordinates":[[-4.21609,55.81507],[-4.21592,55.81462],[-4.21613,55.81432],[-4.21615,55.81406],[-4.21595,55.81377],[-4.21546,55.81328],[-4.21386,55.8121],[-4.2138,55.81177]]},"properties":{"id":1695,"type":"shared","opened":"2017-09-15","name":"Glen Wood","scheme":null,"km":0.416}},{"type":"Feature","geometry":{"type":"LineString","coordinates":[[-4.21999,55.80804],[-4.2209,55.80821],[-4.22185,55.80827],[-4.22204,55.8081],[-4.22419,55.807],[-4.22603,55.80618],[-4.22684,55.8062],[-4.22892,55.80605],[-4.22933,55.80595],[-4.23223,55.80579]]},"properties":{"id":1696,"type":"shared","opened":"2017-09-15","name":"Glen Wood","scheme":null,"km":0.865}},{"type":"Feature","geometry":{"type":"LineString","coordinates":[[-4.2257,55.80635],[-4.2257,55.80579],[-4.22585,55.80561],[-4.22565,55.80525],[-4.22561,55.80485],[-4.22583,55.80463],[-4.22636,55.80438],[-4.22629,55.80414]]},"properties":{"id":1697,"type":"shared","opened":"2017-09-15","name":"Glen Wood","scheme":null,"km":0.269}},{"type":"Feature","geometry":{"type":"LineString","coordinates":[[-4.23332,55.80451],[-4.23327,55.80415],[-4.2346,55.80369],[-4.23565,55.80376],[-4.23581,55.80391],[-4.23644,55.80341],[-4.23658,55.80296],[-4.23692,55.8027],[-4.23657,55.80262],[-4.23641,55.8023],[-4.23829,55.80198],[-4.23914,55.80202],[-4.2395,55.80196]]},"properties":{"id":1698,"type":"shared","opened":"2017-09-15","name":"Link between Birgidale Rd to Dougrie Place","scheme":null,"km":0.641}},{"type":"Feature","geometry":{"type":"LineString","coordinates":[[-4.24518,55.80187],[-4.2421,55.80168],[-4.24175,55.80142]]},"properties":{"id":1699,"type":"shared","opened":"2017-09-15","name":"Link between Carmunnock Rd to Downcraig Rd","scheme":null,"km":0.231}},{"type":"Feature","geometry":{"type":"LineString","coordinates":[[-4.225,55.80409],[-4.22496,55.80391],[-4.2248,55.80383],[-4.22412,55.80368],[-4.22363,55.80346],[-4.22323,55.80344],[-4.22248,55.80295],[-4.22171,55.80272],[-4.22099,55.8028]]},"properties":{"id":1700,"type":"shared","opened":"2017-09-15","name":"Castlemilk Park","scheme":null,"km":0.317}},{"type":"Feature","geometry":{"type":"LineString","coordinates":[[-4.38631,55.91144],[-4.38585,55.91156],[-4.38564,55.91174],[-4.38561,55.91199],[-4.38584,55.91247],[-4.38566,55.91285],[-4.38585,55.91305],[-4.38548,55.91372],[-4.38543,55.91417],[-4.38557,55.91466],[-4.38538,55.91473],[-4.3852,55.91539],[-4.38496,55.9156],[-4.38513,55.91614],[-4.3849,55.91644],[-4.3844,55.9167],[-4.38374,55.91682],[-4.3836,55.91692],[-4.38219,55.91691],[-4.38149,55.9171],[-4.38143,55.91718],[-4.38102,55.9172],[-4.3803,55.91738]]},"properties":{"id":1701,"type":"shared","opened":"2017-09-15","name":"Drumry wood","scheme":"Scottish Outdoor Access Code","km":0.942}},{"type":"Feature","geometry":{"type":"LineString","coordinates":[[-4.26032,55.86507],[-4.26001,55.86592]]},"properties":{"id":1702,"type":"mixed","opened":"2017-09-15","name":"Cambridge St","scheme":"Avenue Block A","km":0.097}},{"type":"Feature","geometry":{"type":"LineString","coordinates":[[-4.34091,55.83172],[-4.34126,55.83192],[-4.34222,55.83211],[-4.34749,55.83228]]},"properties":{"id":1703,"type":"segregated","opened":"2020-09-13","name":"Braidcraft Rd (Lyoncross Rd - Corkerhill Rd)","scheme":"Armadillo","km":0.427}},{"type":"Feature","geometry":{"type":"LineString","coordinates":[[-4.34875,55.83244],[-4.34933,55.83246],[-4.34955,55.83261],[-4.35042,55.83264],[-4.3508,55.83251],[-4.35108,55.83226],[-4.35139,55.83214]]},"properties":{"id":1704,"type":"shared","opened":"2017-09-15","name":"The Green Bridge path","scheme":null,"km":0.203}},{"type":"Feature","geometry":{"type":"LineString","coordinates":[[-4.24388,55.87319],[-4.24338,55.87298],[-4.24155,55.87257],[-4.24125,55.87244],[-4.24075,55.87205]]},"properties":{"id":1706,"type":"segregated","opened":"2017-09-15","name":"Pinkston Road","scheme":"Sighthill TRA project","km":0.24}},{"type":"Feature","geometry":{"type":"LineString","coordinates":[[-4.15049,55.85589],[-4.15,55.85572],[-4.15006,55.85528],[-4.14981,55.85511],[-4.14832,55.85474],[-4.14806,55.85451],[-4.14821,55.85425],[-4.14858,55.85407],[-4.15062,55.85409]]},"properties":{"id":1707,"type":"shared","opened":"2017-09-15","name":"Sandymount Cemetery","scheme":null,"km":0.436}},{"type":"Feature","geometry":{"type":"LineString","coordinates":[[-4.24679,55.85593],[-4.24732,55.85497],[-4.2488,55.85492],[-4.2501,55.85469]]},"properties":{"id":1708,"type":"segregated","opened":"2024-06-17","name":"Bridgegate","scheme":"South City Way","km":0.29}},{"type":"Feature","geometry":{"type":"LineString","coordinates":[[-4.25204,55.85619],[-4.25,55.85591]]},"properties":{"id":1709,"type":"mixed","opened":"2017-09-15","name":"Stockwell Place","scheme":"Contraflow Bus/Taxi/Cycle Lane","km":0.132}},{"type":"Feature","geometry":{"type":"LineString","coordinates":[[-4.24706,55.85319],[-4.24946,55.8539],[-4.25116,55.8546]]},"properties":{"id":1710,"type":"shared","opened":"2017-09-15","name":"NCN 75","scheme":null,"km":0.302}},{"type":"Feature","geometry":{"type":"LineString","coordinates":[[-4.24032,55.87725],[-4.24078,55.87705],[-4.24121,55.87661],[-4.24064,55.87574],[-4.24135,55.87561],[-4.24206,55.87519],[-4.2419,55.87457],[-4.24296,55.87414],[-4.24251,55.87357],[-4.24227,55.87306],[-4.24244,55.87278]]},"properties":{"id":1712,"type":"shared","opened":"2017-09-15","name":"Sighthill Park","scheme":"Sighthill TRA project","km":0.62}},{"type":"Feature","geometry":{"type":"LineString","coordinates":[[-4.28164,55.85778],[-4.27881,55.85737]]},"properties":{"id":1713,"type":"lane","opened":"2020-05-15","name":"Lancefield Quay","scheme":null,"km":0.183}},{"type":"Feature","geometry":{"type":"MultiLineString","coordinates":[[[-4.27551,55.88695],[-4.27692,55.88557],[-4.27813,55.88472]],[[-4.27539,55.88707],[-4.27551,55.88695]]]},"properties":{"id":1714,"type":"segregated","opened":"2020-09-13","name":"Bilsland Drive","scheme":"Armadillo","km":0.313}},{"type":"Feature","geometry":{"type":"LineString","coordinates":[[-4.27382,55.88751],[-4.27505,55.88726],[-4.27539,55.88707]]},"properties":{"id":1715,"type":"lane","opened":"2017-09-15","name":"Bilsland Drive","scheme":null,"km":0.113}},{"type":"Feature","geometry":{"type":"MultiLineString","coordinates":[[[-4.27541,55.8869],[-4.27699,55.88537],[-4.27838,55.88449]],[[-4.26819,55.88857],[-4.27495,55.88721],[-4.27541,55.8869]]]},"properties":{"id":1716,"type":"segregated","opened":"2020-09-13","name":"Bilsland Drive","scheme":"Armadillo","km":0.824}},{"type":"Feature","geometry":{"type":"LineString","coordinates":[[-4.26801,55.88866],[-4.27021,55.88822]]},"properties":{"id":1717,"type":"lane","opened":"2017-09-15","name":"Bilsland Drive","scheme":null,"km":0.146}},{"type":"Feature","geometry":{"type":"LineString","coordinates":[[-4.25586,55.88661],[-4.25052,55.88651]]},"properties":{"id":1718,"type":"segregated","opened":"2020-10-02","name":"Hawthorn St","scheme":"Armadillo","km":0.334}},{"type":"Feature","geometry":{"type":"LineString","coordinates":[[-4.24152,55.88715],[-4.23988,55.88728],[-4.23721,55.88682]]},"properties":{"id":1719,"type":"segregated","opened":"2020-10-02","name":"Hawthorn St","scheme":"Armadillo","km":0.278}},{"type":"Feature","geometry":{"type":"LineString","coordinates":[[-4.26573,55.88876],[-4.26668,55.88875],[-4.2682,55.88857]]},"properties":{"id":1720,"type":"lane","opened":"2017-09-15","name":"Bilsland Drive","scheme":null,"km":0.157}},{"type":"Feature","geometry":{"type":"LineString","coordinates":[[-4.26005,55.88765],[-4.26102,55.88801],[-4.2646,55.88867]]},"properties":{"id":1721,"type":"segregated","opened":"2020-09-13","name":"Bilsland Drive","scheme":"Armadillo","km":0.309}},{"type":"Feature","geometry":{"type":"LineString","coordinates":[[-4.25597,55.88656],[-4.2504,55.88646]]},"properties":{"id":1722,"type":"segregated","opened":"2020-10-02","name":"Hawthorn St","scheme":"Armadillo","km":0.348}},{"type":"Feature","geometry":{"type":"LineString","coordinates":[[-4.23824,55.88693],[-4.23675,55.88665]]},"properties":{"id":1723,"type":"lane","opened":"2020-10-02","name":"Hawthorn St","scheme":null,"km":0.099}},{"type":"Feature","geometry":{"type":"LineString","coordinates":[[-4.24717,55.85328],[-4.24894,55.85379],[-4.25052,55.8544]]},"properties":{"id":1724,"type":"segregated","opened":"2017-09-15","name":"Clyde St","scheme":"Avenue B","km":0.245}},{"type":"Feature","geometry":{"type":"LineString","coordinates":[[-4.23713,55.84033],[-4.23584,55.84105]]},"properties":{"id":1725,"type":"shared","opened":"2017-09-15","name":"Richmond Park Play Area","scheme":null,"km":0.115}},{"type":"Feature","geometry":{"type":"LineString","coordinates":[[-4.24569,55.80084],[-4.24523,55.80165],[-4.24462,55.80347]]},"properties":{"id":1726,"type":"shared","opened":"2017-09-15","name":"Carmunnock Rd","scheme":null,"km":0.3}},{"type":"Feature","geometry":{"type":"LineString","coordinates":[[-4.27731,55.82244],[-4.27762,55.82179]]},"properties":{"id":1727,"type":"lane","opened":"2017-09-15","name":"Millbrae Bridge","scheme":null,"km":0.075}},{"type":"Feature","geometry":{"type":"LineString","coordinates":[[-4.27804,55.81417],[-4.27808,55.81781],[-4.2779,55.8196]]},"properties":{"id":1728,"type":"lane","opened":"2017-09-15","name":"Langside Dr","scheme":null,"km":0.605}},{"type":"Feature","geometry":{"type":"LineString","coordinates":[[-4.25407,55.84021],[-4.25573,55.84078]]},"properties":{"id":1730,"type":"lane","opened":"2017-09-15","name":"Aikenhead Road","scheme":null,"km":0.122}},{"type":"Feature","geometry":{"type":"LineString","coordinates":[[-4.30422,55.89939],[-4.30567,55.89998],[-4.30749,55.9003],[-4.30947,55.90079],[-4.31005,55.9012]]},"properties":{"id":1731,"type":"shared","opened":"2017-09-15","name":"Kelvin Walkway along Maryhill Rd","scheme":"Kelvin Walkway","km":0.427}},{"type":"Feature","geometry":{"type":"LineString","coordinates":[[-4.31384,55.90253],[-4.31418,55.90282],[-4.31464,55.90279],[-4.315,55.90289],[-4.3166,55.90387],[-4.31693,55.90431],[-4.31736,55.90445]]},"properties":{"id":1732,"type":"shared","opened":"2017-09-15","name":"Path from Acre Rd @Garscube Sports Complex","scheme":null,"km":0.328}},{"type":"Feature","geometry":{"type":"LineString","coordinates":[[-4.16414,55.8836],[-4.16282,55.88404],[-4.1584,55.88585]]},"properties":{"id":1733,"type":"lane","opened":"2020-08-20","name":"Cumbernauld Rd","scheme":null,"km":0.438}},{"type":"Feature","geometry":{"type":"LineString","coordinates":[[-4.17317,55.88201],[-4.17128,55.88224]]},"properties":{"id":1734,"type":"lane","opened":"2020-08-20","name":"Cumbernauld Rd","scheme":null,"km":0.121}},{"type":"Feature","geometry":{"type":"LineString","coordinates":[[-4.17128,55.88224],[-4.16779,55.88273],[-4.16562,55.88325]]},"properties":{"id":1735,"type":"segregated","opened":"2020-08-20","name":"Cumbernauld Rd","scheme":"Armadillo","km":0.373}},{"type":"Feature","geometry":{"type":"LineString","coordinates":[[-4.23891,55.8536],[-4.23951,55.8541],[-4.24028,55.85448],[-4.24037,55.85442],[-4.24052,55.85451]]},"properties":{"id":1736,"type":"segregated","opened":"2017-09-15","name":"Footway from Charlotte St to Greendyke St","scheme":"Cycle Marking on Road","km":0.154}},{"type":"Feature","geometry":{"type":"LineString","coordinates":[[-4.20868,55.85304],[-4.20901,55.85145],[-4.20884,55.85127],[-4.20888,55.85111],[-4.20908,55.85103],[-4.2096,55.84909]]},"properties":{"id":1737,"type":"segregated","opened":"2017-09-15","name":"Clyde Gateway","scheme":null,"km":0.456}},{"type":"Feature","geometry":{"type":"LineString","coordinates":[[-4.2096,55.84909],[-4.20972,55.84843]]},"properties":{"id":1738,"type":"lane","opened":"2017-09-15","name":"Clyde Gateway","scheme":null,"km":0.073}},{"type":"Feature","geometry":{"type":"LineString","coordinates":[[-4.20977,55.84807],[-4.20991,55.84746],[-4.21025,55.84687]]},"properties":{"id":1739,"type":"segregated","opened":"2017-09-15","name":"Clyde gateway","scheme":null,"km":0.138}},{"type":"Feature","geometry":{"type":"LineString","coordinates":[[-4.21142,55.84586],[-4.21599,55.84336]]},"properties":{"id":1740,"type":"segregated","opened":"2017-09-15","name":"Clyde gateway","scheme":null,"km":0.4}},{"type":"Feature","geometry":{"type":"LineString","coordinates":[[-4.216,55.84336],[-4.21651,55.84301],[-4.2171,55.84277]]},"properties":{"id":1741,"type":"lane","opened":"2017-09-15","name":"Clyde gateway","scheme":null,"km":0.096}},{"type":"Feature","geometry":{"type":"LineString","coordinates":[[-4.2179,55.8426],[-4.21935,55.84246],[-4.22096,55.84255]]},"properties":{"id":1742,"type":"segregated","opened":"2017-09-15","name":"Clyde gateway","scheme":null,"km":0.195}},{"type":"Feature","geometry":{"type":"LineString","coordinates":[[-4.22182,55.84255],[-4.22243,55.84256]]},"properties":{"id":1743,"type":"lane","opened":"2017-09-15","name":"Clyde gateway","scheme":null,"km":0.038}},{"type":"Feature","geometry":{"type":"LineString","coordinates":[[-4.2261,55.84207],[-4.22672,55.8413]]},"properties":{"id":1744,"type":"segregated","opened":"2017-09-15","name":"Clyde gateway","scheme":null,"km":0.095}},{"type":"Feature","geometry":{"type":"LineString","coordinates":[[-4.22633,55.84222],[-4.22692,55.84137]]},"properties":{"id":1745,"type":"segregated","opened":"2017-09-15","name":"Clyde gateway","scheme":null,"km":0.102}},{"type":"Feature","geometry":{"type":"LineString","coordinates":[[-4.22407,55.84278],[-4.22484,55.84279],[-4.22562,55.84268]]},"properties":{"id":1746,"type":"segregated","opened":"2017-09-15","name":"Clyde gateway","scheme":null,"km":0.099}},{"type":"Feature","geometry":{"type":"LineString","coordinates":[[-4.22272,55.84277],[-4.22406,55.84278]]},"properties":{"id":1747,"type":"lane","opened":"2017-09-15","name":"Clyde gateway","scheme":null,"km":0.084}},{"type":"Feature","geometry":{"type":"LineString","coordinates":[[-4.21798,55.84278],[-4.21938,55.84261],[-4.221,55.84273]]},"properties":{"id":1748,"type":"segregated","opened":"2017-09-15","name":"Clyde gateway","scheme":null,"km":0.193}},{"type":"Feature","geometry":{"type":"LineString","coordinates":[[-4.21145,55.8461],[-4.2171,55.84302]]},"properties":{"id":1749,"type":"segregated","opened":"2017-09-15","name":"Clyde gateway","scheme":null,"km":0.493}},{"type":"Feature","geometry":{"type":"LineString","coordinates":[[-4.21012,55.84809],[-4.21059,55.84692]]},"properties":{"id":1750,"type":"segregated","opened":"2017-09-15","name":"Clyde gateway","scheme":null,"km":0.134}},{"type":"Feature","geometry":{"type":"LineString","coordinates":[[-4.20899,55.85283],[-4.20951,55.85099],[-4.20996,55.84881]]},"properties":{"id":1751,"type":"segregated","opened":"2017-09-15","name":"Clyde Gateway","scheme":null,"km":0.452}},{"type":"Feature","geometry":{"type":"LineString","coordinates":[[-4.30915,55.87725],[-4.308,55.87712]]},"properties":{"id":1752,"type":"lane","opened":"2020-12-04","name":"Clarence Dr","scheme":null,"km":0.074}},{"type":"Feature","geometry":{"type":"LineString","coordinates":[[-4.308,55.87712],[-4.30726,55.87704]]},"properties":{"id":1753,"type":"segregated","opened":"2020-12-04","name":"Clarence Dr","scheme":"Armadillo","km":0.047}},{"type":"Feature","geometry":{"type":"LineString","coordinates":[[-4.3073,55.87711],[-4.30647,55.87703]]},"properties":{"id":1754,"type":"lane","opened":"2020-12-04","name":"Clarence Dr","scheme":null,"km":0.053}},{"type":"Feature","geometry":{"type":"LineString","coordinates":[[-4.26017,55.87058],[-4.26004,55.871]]},"properties":{"id":1755,"type":"shared","opened":"2017-09-15","name":"Path from Garscube Rd to Foot overbridge @Civic House","scheme":null,"km":0.049}},{"type":"Feature","geometry":{"type":"LineString","coordinates":[[-4.27906,55.87328],[-4.27191,55.87088],[-4.26902,55.86999],[-4.26908,55.8699],[-4.26887,55.86983]]},"properties":{"id":1756,"type":"mixed","opened":"2017-09-15","name":"W Prince's St","scheme":null,"km":0.76}},{"type":"Feature","geometry":{"type":"LineString","coordinates":[[-4.30259,55.85676],[-4.30273,55.85694],[-4.30867,55.85838]]},"properties":{"id":1758,"type":"mixed","opened":"2017-09-15","name":"Summertown Rd","scheme":null,"km":0.427}},{"type":"Feature","geometry":{"type":"MultiLineString","coordinates":[[[-4.2697,55.82326],[-4.26987,55.82295],[-4.26974,55.82279],[-4.26933,55.82266],[-4.26749,55.82235],[-4.26669,55.82244]],[[-4.25915,55.81754],[-4.25958,55.81795],[-4.26022,55.81822],[-4.26143,55.81824]],[[-4.25914,55.81751],[-4.25915,55.81754]]]},"properties":{"id":1761,"type":"shared","opened":"2017-09-15","name":"Cartside St","scheme":null,"km":0.443}},{"type":"Feature","geometry":{"type":"LineString","coordinates":[[-4.26669,55.82244],[-4.26538,55.82321],[-4.26477,55.82321],[-4.26431,55.82297],[-4.26391,55.82252],[-4.26396,55.82134],[-4.26341,55.8203],[-4.26283,55.81868],[-4.26257,55.8185],[-4.26143,55.81824]]},"properties":{"id":1762,"type":"shared","opened":"2017-09-15","name":"Spean St","scheme":null,"km":0.796}},{"type":"Feature","geometry":{"type":"LineString","coordinates":[[-4.26971,55.82326],[-4.27218,55.82395]]},"properties":{"id":1763,"type":"mixed","opened":"2017-09-15","name":"Cartside St","scheme":null,"km":0.173}},{"type":"Feature","geometry":{"type":"LineString","coordinates":[[-4.30868,55.86811],[-4.3084,55.86905],[-4.30812,55.86921]]},"properties":{"id":1764,"type":"shared","opened":"2017-09-15","name":"Foot bridge over A814 from Beith St to Castlebank St","scheme":null,"km":0.136}},{"type":"Feature","geometry":{"type":"LineString","coordinates":[[-4.28869,55.86691],[-4.28784,55.86789]]},"properties":{"id":1767,"type":"segregated","opened":"2020-09-29","name":"Kelvin Way","scheme":null,"km":0.122}},{"type":"Feature","geometry":{"type":"LineString","coordinates":[[-4.1479,55.82866],[-4.14976,55.82877],[-4.15249,55.82873],[-4.15469,55.82856],[-4.15501,55.82837],[-4.15541,55.82828],[-4.15556,55.82834]]},"properties":{"id":1768,"type":"shared","opened":"2017-09-15","name":"Path along River Clyde from River Rd","scheme":"Scottish Outdoor Access Code","km":0.497}},{"type":"Feature","geometry":{"type":"LineString","coordinates":[[-4.15556,55.82834],[-4.15689,55.82817],[-4.15808,55.82816]]},"properties":{"id":1769,"type":"mixed","opened":"2017-09-15","name":"River Rd","scheme":null,"km":0.16}},{"type":"Feature","geometry":{"type":"LineString","coordinates":[[-4.11754,55.83777],[-4.11715,55.83762],[-4.11564,55.83747]]},"properties":{"id":1770,"type":"lane","opened":"2017-09-15","name":"Hamilton Rd","scheme":null,"km":0.126}},{"type":"Feature","geometry":{"type":"LineString","coordinates":[[-4.11764,55.83771],[-4.117,55.83753],[-4.11464,55.83727],[-4.11284,55.83692]]},"properties":{"id":1771,"type":"lane","opened":"2017-09-15","name":"Hamilton Rd","scheme":null,"km":0.315}},{"type":"Feature","geometry":{"type":"LineString","coordinates":[[-4.2092,55.85337],[-4.21103,55.85363],[-4.21279,55.85377]]},"properties":{"id":1772,"type":"shared","opened":"2017-09-15","name":"Path from Camlachie St along Gallowgate","scheme":null,"km":0.231}},{"type":"Feature","geometry":{"type":"LineString","coordinates":[[-4.37076,55.89436],[-4.36618,55.89305]]},"properties":{"id":1773,"type":"lane","opened":"2017-09-15","name":"Alderman Rd","scheme":null,"km":0.322}},{"type":"Feature","geometry":{"type":"LineString","coordinates":[[-4.37757,55.88864],[-4.37565,55.89007],[-4.37393,55.89152],[-4.37262,55.89296],[-4.37189,55.89416]]},"properties":{"id":1774,"type":"lane","opened":"2017-09-15","name":"Kelso St","scheme":null,"km":0.715}},{"type":"Feature","geometry":{"type":"LineString","coordinates":[[-4.37103,55.89461],[-4.36615,55.89319]]},"properties":{"id":1775,"type":"lane","opened":"2017-09-15","name":"Alderman Rd","scheme":null,"km":0.343}},{"type":"Feature","geometry":{"type":"LineString","coordinates":[[-4.35963,55.89126],[-4.35549,55.89004],[-4.35215,55.88934]]},"properties":{"id":1776,"type":"lane","opened":"2017-09-15","name":"Alderman Rd","scheme":null,"km":0.515}},{"type":"Feature","geometry":{"type":"LineString","coordinates":[[-4.35162,55.88927],[-4.34949,55.88901]]},"properties":{"id":1777,"type":"lane","opened":"2017-09-15","name":"Alderman Rd","scheme":null,"km":0.136}},{"type":"Feature","geometry":{"type":"LineString","coordinates":[[-4.34914,55.88898],[-4.34631,55.88886],[-4.34373,55.88894]]},"properties":{"id":1778,"type":"lane","opened":"2017-09-15","name":"Alderman Rd","scheme":null,"km":0.339}},{"type":"Feature","geometry":{"type":"LineString","coordinates":[[-4.3322,55.88322],[-4.33434,55.88301]]},"properties":{"id":1779,"type":"lane","opened":"2017-09-15","name":"Southbrae Dr","scheme":null,"km":0.136}},{"type":"Feature","geometry":{"type":"LineString","coordinates":[[-4.33434,55.88301],[-4.33814,55.88268],[-4.33973,55.88273],[-4.34096,55.8829],[-4.34763,55.88439],[-4.34831,55.8848],[-4.34861,55.88541]]},"properties":{"id":1780,"type":"lane","opened":"2017-09-15","name":"Southbrae Dr","scheme":null,"km":1.003}},{"type":"Feature","geometry":{"type":"LineString","coordinates":[[-4.2552,55.86126],[-4.2555,55.8605]]},"properties":{"id":1781,"type":"lane","opened":"2017-09-15","name":"W Nile St","scheme":null,"km":0.087}},{"type":"Feature","geometry":{"type":"LineString","coordinates":[[-4.33624,55.85952],[-4.33189,55.86084],[-4.32575,55.86079]]},"properties":{"id":1782,"type":"lane","opened":"2017-09-15","name":"Langlands Rd","scheme":null,"km":0.695}},{"type":"Feature","geometry":{"type":"LineString","coordinates":[[-4.2884,55.84573],[-4.29216,55.84644]]},"properties":{"id":1783,"type":"lane","opened":"2017-09-15","name":"Maxwell Dr","scheme":null,"km":0.248}},{"type":"Feature","geometry":{"type":"LineString","coordinates":[[-4.25935,55.84596],[-4.25882,55.84561]]},"properties":{"id":1784,"type":"segregated","opened":"2017-09-15","name":"Devon St","scheme":null,"km":0.052}},{"type":"Feature","geometry":{"type":"LineString","coordinates":[[-4.26613,55.84947],[-4.26689,55.84731],[-4.26676,55.84722],[-4.262,55.84666],[-4.26099,55.84629],[-4.25958,55.84615],[-4.25906,55.84591]]},"properties":{"id":1785,"type":"lane","opened":"2017-09-15","name":"West St- Kilbirnie St- Devon St","scheme":null,"km":0.77}},{"type":"Feature","geometry":{"type":"LineString","coordinates":[[-4.28847,55.81641],[-4.2879,55.81704],[-4.28751,55.81777],[-4.28707,55.82112]]},"properties":{"id":1786,"type":"lane","opened":"2017-09-15","name":"Kilmarnock Rd","scheme":"Signage","km":0.538}},{"type":"Feature","geometry":{"type":"LineString","coordinates":[[-4.29339,55.82419],[-4.29565,55.82352],[-4.29615,55.82347],[-4.29676,55.82358]]},"properties":{"id":1787,"type":"lane","opened":"2017-09-15","name":"Riverbank St","scheme":"Signage","km":0.233}},{"type":"Feature","geometry":{"type":"LineString","coordinates":[[-4.29118,55.82229],[-4.29266,55.82348],[-4.29326,55.82414]]},"properties":{"id":1788,"type":"lane","opened":"2017-09-15","name":"Riverford Rd","scheme":"Signage","km":0.245}},{"type":"Feature","geometry":{"type":"LineString","coordinates":[[-4.27927,55.81191],[-4.27911,55.81219],[-4.27824,55.8129],[-4.27793,55.81327],[-4.27797,55.81395]]},"properties":{"id":1789,"type":"lane","opened":"2017-09-15","name":"Langside Dr- Muirend Rd","scheme":null,"km":0.252}},{"type":"Feature","geometry":{"type":"LineString","coordinates":[[-4.25449,55.86715],[-4.25427,55.86716],[-4.25385,55.86644],[-4.25291,55.86617],[-4.25207,55.86607],[-4.25214,55.8659],[-4.24871,55.86557]]},"properties":{"id":1793,"type":"shared","opened":"2017-09-15","name":"Cowcaddens Rd","scheme":null,"km":0.457}},{"type":"Feature","geometry":{"type":"LineString","coordinates":[[-4.25875,55.8674],[-4.25705,55.86747],[-4.25688,55.86701],[-4.25676,55.86697],[-4.25449,55.86715]]},"properties":{"id":1794,"type":"mixed","opened":"2017-09-15","name":"McPhater St","scheme":null,"km":0.312}},{"type":"Feature","geometry":{"type":"LineString","coordinates":[[-4.26888,55.86983],[-4.26844,55.86962],[-4.26824,55.86961],[-4.26748,55.86978],[-4.26735,55.87019],[-4.26704,55.8705],[-4.26725,55.87044],[-4.26712,55.87057],[-4.26698,55.87055]]},"properties":{"id":1796,"type":"shared","opened":"2017-09-15","name":"Foot bridge over A82 @St George's Rd","scheme":null,"km":0.234}},{"type":"Feature","geometry":{"type":"LineString","coordinates":[[-4.24844,55.8649],[-4.2479,55.86472],[-4.2463,55.86474],[-4.24478,55.8648],[-4.24388,55.86494],[-4.24382,55.86473],[-4.24318,55.8643]]},"properties":{"id":1797,"type":"mixed","opened":"2017-09-15","name":"St Mungo Ave-St James Rd","scheme":null,"km":0.383}},{"type":"Feature","geometry":{"type":"LineString","coordinates":[[-4.24319,55.8643],[-4.2429,55.86315]]},"properties":{"id":1798,"type":"shared","opened":"2017-09-15","name":"Path from St James Rd","scheme":null,"km":0.13}},{"type":"Feature","geometry":{"type":"LineString","coordinates":[[-4.26319,55.87126],[-4.26332,55.87099],[-4.26313,55.87083],[-4.26306,55.87006]]},"properties":{"id":1799,"type":"shared","opened":"2017-09-15","name":"Braid Park","scheme":null,"km":0.146}},{"type":"Feature","geometry":{"type":"LineString","coordinates":[[-4.27136,55.89679],[-4.26985,55.89681],[-4.26891,55.89702],[-4.26803,55.89709],[-4.26597,55.89708]]},"properties":{"id":1800,"type":"shared","opened":"2017-09-15","name":"Path from Balmore Rd to Vaila St","scheme":null,"km":0.343}},{"type":"Feature","geometry":{"type":"LineString","coordinates":[[-4.32586,55.8807],[-4.3243,55.87917]]},"properties":{"id":1801,"type":"mixed","opened":"2017-09-15","name":"Crow Rd","scheme":null,"km":0.197}},{"type":"Feature","geometry":{"type":"LineString","coordinates":[[-4.25403,55.83462],[-4.253,55.83443],[-4.25364,55.83333]]},"properties":{"id":1802,"type":"mixed","opened":"2017-09-15","name":"Warren St","scheme":null,"km":0.196}},{"type":"Feature","geometry":{"type":"LineString","coordinates":[[-4.25496,55.83484],[-4.25404,55.83467]]},"properties":{"id":1803,"type":"lane","opened":"2017-09-15","name":"Allison St","scheme":null,"km":0.06}},{"type":"Feature","geometry":{"type":"LineString","coordinates":[[-4.25309,55.83621],[-4.25403,55.83462]]},"properties":{"id":1804,"type":"mixed","opened":"2017-09-15","name":"Hickman St","scheme":null,"km":0.187}},{"type":"Feature","geometry":{"type":"LineString","coordinates":[[-4.25634,55.83842],[-4.25591,55.83838],[-4.25561,55.83824],[-4.25517,55.83834],[-4.25437,55.83824],[-4.25462,55.83766],[-4.25358,55.83752]]},"properties":{"id":1806,"type":"mixed","opened":"2017-09-15","name":"Govanhill St- Batson St- Preston Pl","scheme":null,"km":0.269}},{"type":"Feature","geometry":{"type":"LineString","coordinates":[[-4.29646,55.86798],[-4.2954,55.86787],[-4.29364,55.86736]]},"properties":{"id":1807,"type":"segregated","opened":"2017-09-15","name":"Old Dumbarton Rd","scheme":null,"km":0.192}},{"type":"Feature","geometry":{"type":"LineString","coordinates":[[-4.23936,55.84183],[-4.23751,55.84104]]},"properties":{"id":1808,"type":"shared","opened":"2017-09-15","name":"Oatlands Sq","scheme":null,"km":0.148}},{"type":"Feature","geometry":{"type":"LineString","coordinates":[[-4.28624,55.84558],[-4.28326,55.84557],[-4.28225,55.84548],[-4.27551,55.84457]]},"properties":{"id":1809,"type":"lane","opened":"2017-09-15","name":"Maxwell Dr","scheme":"Hump","km":0.685}},{"type":"Feature","geometry":{"type":"LineString","coordinates":[[-4.34347,55.84037],[-4.34307,55.84022],[-4.34093,55.83983],[-4.33938,55.83983],[-4.33622,55.83876],[-4.33549,55.83872],[-4.33489,55.83884]]},"properties":{"id":1810,"type":"mixed","opened":"2017-09-15","name":"Kinnell Ave.","scheme":null,"km":0.587}},{"type":"Feature","geometry":{"type":"LineString","coordinates":[[-4.33944,55.83192],[-4.34001,55.8321],[-4.34031,55.8321]]},"properties":{"id":1811,"type":"mixed","opened":"2017-09-15","name":"NCN 7","scheme":null,"km":0.06}},{"type":"Feature","geometry":{"type":"LineString","coordinates":[[-4.37001,55.85361],[-4.36962,55.85517],[-4.36791,55.85501],[-4.36689,55.85482],[-4.36557,55.85429],[-4.36522,55.85445],[-4.36485,55.85451]]},"properties":{"id":1812,"type":"mixed","opened":"2017-09-15","name":"Linburn Rd - Deanfield Quadrant","scheme":null,"km":0.507}},{"type":"Feature","geometry":{"type":"LineString","coordinates":[[-4.22581,55.79248],[-4.22496,55.79292],[-4.22481,55.79363],[-4.2239,55.79398],[-4.22328,55.79461],[-4.22227,55.79509]]},"properties":{"id":1813,"type":"shared","opened":"2017-09-15","name":"Cathkin Braes","scheme":null,"km":0.393}},{"type":"Feature","geometry":{"type":"LineString","coordinates":[[-4.24365,55.85258],[-4.24352,55.85237],[-4.2432,55.85241]]},"properties":{"id":1814,"type":"shared","opened":"2017-09-15","name":"Glasgow Green","scheme":null,"km":0.049}},{"type":"Feature","geometry":{"type":"LineString","coordinates":[[-4.23117,55.83918],[-4.23083,55.83879],[-4.23138,55.83855],[-4.23143,55.83844]]},"properties":{"id":1815,"type":"shared","opened":"2017-09-15","name":"Richmond Park","scheme":null,"km":0.107}},{"type":"Feature","geometry":{"type":"LineString","coordinates":[[-4.26346,55.82983],[-4.26246,55.82972],[-4.26188,55.82943],[-4.26152,55.82894],[-4.26182,55.82868],[-4.26194,55.82813],[-4.26186,55.82798]]},"properties":{"id":1816,"type":"segregated","opened":"2017-09-15","name":"Queen's Park St","scheme":"Signage","km":0.289}},{"type":"Feature","geometry":{"type":"LineString","coordinates":[[-4.25358,55.83752],[-4.25409,55.83641]]},"properties":{"id":1817,"type":"mixed","opened":"2017-09-15","name":"Hollybrook Street","scheme":null,"km":0.128}},{"type":"Feature","geometry":{"type":"LineString","coordinates":[[-4.1631,55.85741],[-4.16273,55.85656]]},"properties":{"id":1818,"type":"shared","opened":"2017-09-15","name":"Greenfield Park","scheme":null,"km":0.097}},{"type":"Feature","geometry":{"type":"LineString","coordinates":[[-4.20554,55.86426],[-4.20437,55.8637]]},"properties":{"id":1819,"type":"shared","opened":"2017-09-15","name":"Alexandra Park","scheme":null,"km":0.097}},{"type":"Feature","geometry":{"type":"LineString","coordinates":[[-4.19981,55.884],[-4.19901,55.88409],[-4.19793,55.88443]]},"properties":{"id":1820,"type":"shared","opened":"2017-09-15","name":"Robroyston Park","scheme":null,"km":0.129}},{"type":"Feature","geometry":{"type":"LineString","coordinates":[[-4.19329,55.88614],[-4.19259,55.8859]]},"properties":{"id":1821,"type":"shared","opened":"2017-09-15","name":"Robroyston park","scheme":null,"km":0.052}},{"type":"Feature","geometry":{"type":"LineString","coordinates":[[-4.22645,55.89105],[-4.22647,55.89234]]},"properties":{"id":1822,"type":"shared","opened":"2017-09-15","name":"Springburn Park","scheme":null,"km":0.144}},{"type":"Feature","geometry":{"type":"LineString","coordinates":[[-4.35325,55.89728],[-4.35267,55.89753],[-4.35159,55.89778],[-4.35167,55.8979],[-4.35084,55.89817]]},"properties":{"id":1823,"type":"shared","opened":"2017-09-15","name":"Knightswood Park","scheme":null,"km":0.193}},{"type":"Feature","geometry":{"type":"LineString","coordinates":[[-4.31691,55.82674],[-4.31775,55.82721],[-4.31942,55.8277]]},"properties":{"id":1824,"type":"shared","opened":"2017-09-15","name":"Pollok Country Park","scheme":null,"km":0.194}},{"type":"Feature","geometry":{"type":"LineString","coordinates":[[-4.28969,55.84081],[-4.28887,55.83794]]},"properties":{"id":1825,"type":"shared","opened":"2017-09-15","name":"Maxwell Park","scheme":null,"km":0.324}},{"type":"Feature","geometry":{"type":"LineString","coordinates":[[-4.29093,55.83961],[-4.28916,55.83895]]},"properties":{"id":1826,"type":"shared","opened":"2017-09-15","name":"Maxwell Park","scheme":null,"km":0.133}},{"type":"Feature","geometry":{"type":"LineString","coordinates":[[-4.28733,55.83879],[-4.28821,55.83921],[-4.28927,55.83951]]},"properties":{"id":1827,"type":"shared","opened":"2017-09-15","name":"Maxwell Park","scheme":null,"km":0.147}},{"type":"Feature","geometry":{"type":"LineString","coordinates":[[-4.29393,55.87968],[-4.29327,55.87982],[-4.28917,55.87901],[-4.28852,55.87925],[-4.28811,55.87924],[-4.2879,55.8792],[-4.28778,55.87895]]},"properties":{"id":1828,"type":"shared","opened":"2017-09-15","name":"Botanic Gardens","scheme":null,"km":0.437}},{"type":"Feature","geometry":{"type":"LineString","coordinates":[[-4.33493,55.87675],[-4.33704,55.87596],[-4.33756,55.87595],[-4.33856,55.87621],[-4.33906,55.87643],[-4.34001,55.87657]]},"properties":{"id":1829,"type":"shared","opened":"2017-09-15","name":"Victoria Park","scheme":null,"km":0.363}},{"type":"Feature","geometry":{"type":"LineString","coordinates":[[-4.34,55.87657],[-4.3388,55.87744],[-4.33849,55.87753],[-4.33812,55.87748]]},"properties":{"id":1830,"type":"shared","opened":"2017-09-15","name":"Victoria Park","scheme":null,"km":0.168}},{"type":"Feature","geometry":{"type":"LineString","coordinates":[[-4.33386,55.88178],[-4.33093,55.88213],[-4.32963,55.88201],[-4.32981,55.88092],[-4.32766,55.88086],[-4.32588,55.88071]]},"properties":{"id":1832,"type":"mixed","opened":"2017-09-15","name":"Westbrae Dr-Eastcote Ave-Abbey Dr","scheme":null,"km":0.638}},{"type":"Feature","geometry":{"type":"LineString","coordinates":[[-4.30632,55.87696],[-4.30563,55.87571],[-4.30466,55.87523],[-4.30322,55.87471],[-4.30051,55.87458],[-4.29492,55.87404]]},"properties":{"id":1833,"type":"mixed","opened":"2017-09-15","name":"Highburgh Rd- University Ave","scheme":null,"km":0.86}},{"type":"Feature","geometry":{"type":"LineString","coordinates":[[-4.25373,55.85023],[-4.2522,55.84986]]},"properties":{"id":1835,"type":"lane","opened":"2017-09-15","name":"Cleland St","scheme":null,"km":0.104}},{"type":"Feature","geometry":{"type":"LineString","coordinates":[[-4.25138,55.87245],[-4.2511,55.87221],[-4.25077,55.8722],[-4.25043,55.87231],[-4.24957,55.87202],[-4.24809,55.87101],[-4.24798,55.8709],[-4.24818,55.87079],[-4.2481,55.87058],[-4.24766,55.87026]]},"properties":{"id":1836,"type":"shared","opened":"2017-09-15","name":"Mid-Wharf between Sighthill Footbridge & N Canal Bank St","scheme":"Sighthill TRA project","km":0.388}},{"type":"Feature","geometry":{"type":"LineString","coordinates":[[-4.26707,55.84112],[-4.26887,55.84148]]},"properties":{"id":1837,"type":"lane","opened":"2017-09-15","name":"Albert Drive","scheme":null,"km":0.121}},{"type":"Feature","geometry":{"type":"LineString","coordinates":[[-4.19664,55.87843],[-4.19599,55.87854],[-4.19415,55.87841]]},"properties":{"id":1838,"type":"segregated","opened":"2021-05-01","name":"Royston Rd","scheme":"Armadillo","km":0.162}},{"type":"Feature","geometry":{"type":"LineString","coordinates":[[-4.19993,55.87757],[-4.19664,55.87843]]},"properties":{"id":1839,"type":"shared","opened":"2021-05-01","name":"Royston Rd","scheme":null,"km":0.227}},{"type":"Feature","geometry":{"type":"LineString","coordinates":[[-4.18538,55.88982],[-4.18525,55.88964],[-4.18687,55.88959],[-4.18749,55.88942],[-4.1889,55.88859],[-4.18912,55.88829],[-4.18903,55.88812],[-4.18849,55.88782],[-4.18865,55.88771],[-4.18927,55.88802],[-4.18963,55.88806],[-4.19021,55.88794]]},"properties":{"id":1840,"type":"shared","opened":"2017-09-15","name":"Robroyston Rd","scheme":null,"km":0.538}},{"type":"Feature","geometry":{"type":"LineString","coordinates":[[-4.35676,55.8209],[-4.35652,55.82111],[-4.35572,55.8215],[-4.35524,55.82157],[-4.35438,55.82244]]},"properties":{"id":1841,"type":"shared","opened":"2017-09-15","name":"Househill Park","scheme":null,"km":0.237}},{"type":"Feature","geometry":{"type":"LineString","coordinates":[[-4.25498,55.85817],[-4.2527,55.85791]]},"properties":{"id":1842,"type":"shared","opened":"2017-09-15","name":"Argyle St","scheme":null,"km":0.146}},{"type":"Feature","geometry":{"type":"LineString","coordinates":[[-4.25703,55.85835],[-4.25942,55.85855]]},"properties":{"id":1844,"type":"lane","opened":"2020-09-01","name":"Argyle St","scheme":"Contra flow","km":0.151}},{"type":"Feature","geometry":{"type":"LineString","coordinates":[[-4.29713,55.87229],[-4.29743,55.87006]]},"properties":{"id":1847,"type":"segregated","opened":"2024-10-01","name":"Church St","scheme":"Contra flow","km":0.25}},{"type":"Feature","geometry":{"type":"LineString","coordinates":[[-4.29947,55.87054],[-4.29623,55.87309],[-4.29523,55.87399]]},"properties":{"id":1848,"type":"segregated","opened":"2024-10-01","name":"Byres Rd (From Dumbarton Rd to Highburgh Rd)","scheme":null,"km":0.468}},{"type":"Feature","geometry":{"type":"LineString","coordinates":[[-4.29935,55.87052],[-4.29665,55.87261],[-4.29509,55.87395]]},"properties":{"id":1849,"type":"segregated","opened":"2024-10-01","name":"Byres Rd (From Dumbarton Rd to Highburgh Rd)","scheme":null,"km":0.467}},{"type":"Feature","geometry":{"type":"LineString","coordinates":[[-4.28426,55.87288],[-4.28081,55.8721]]},"properties":{"id":1852,"type":"mixed","opened":"2017-09-15","name":"Highburgh Rd- University Ave","scheme":null,"km":0.233}},{"type":"Feature","geometry":{"type":"LineString","coordinates":[[-4.28596,55.87212],[-4.28523,55.87219],[-4.28484,55.87233],[-4.28435,55.87284]]},"properties":{"id":1853,"type":"lane","opened":"2017-09-15","name":"University Ave","scheme":null,"km":0.142}},{"type":"Feature","geometry":{"type":"LineString","coordinates":[[-4.28876,55.87246],[-4.28737,55.87224],[-4.28597,55.87212]]},"properties":{"id":1854,"type":"mixed","opened":"2017-09-15","name":"University Ave","scheme":null,"km":0.179}},{"type":"Feature","geometry":{"type":"LineString","coordinates":[[-4.29386,55.87368],[-4.29206,55.87288],[-4.28921,55.87253]]},"properties":{"id":1855,"type":"lane","opened":"2017-09-15","name":"University Ave","scheme":null,"km":0.327}},{"type":"Feature","geometry":{"type":"LineString","coordinates":[[-4.29479,55.87406],[-4.29386,55.87369]]},"properties":{"id":1856,"type":"mixed","opened":"2017-09-15","name":"University Ave","scheme":null,"km":0.072}},{"type":"Feature","geometry":{"type":"LineString","coordinates":[[-4.29486,55.87398],[-4.29223,55.87287],[-4.28926,55.87246]]},"properties":{"id":1857,"type":"mixed","opened":"2017-09-15","name":"University Ave","scheme":null,"km":0.399}},{"type":"Feature","geometry":{"type":"LineString","coordinates":[[-4.28879,55.87239],[-4.28599,55.87205]]},"properties":{"id":1858,"type":"lane","opened":"2017-09-15","name":"University Ave","scheme":null,"km":0.18}},{"type":"Feature","geometry":{"type":"LineString","coordinates":[[-4.28599,55.87205],[-4.28497,55.87199],[-4.28479,55.87207],[-4.28425,55.87281]]},"properties":{"id":1859,"type":"lane","opened":"2017-09-15","name":"University Ave","scheme":null,"km":0.168}},{"type":"Feature","geometry":{"type":"LineString","coordinates":[[-4.26859,55.82846],[-4.26713,55.82895],[-4.26483,55.82948],[-4.26416,55.82981],[-4.26373,55.82988],[-4.26361,55.83008],[-4.26317,55.83106],[-4.26321,55.83182],[-4.26339,55.83216],[-4.26385,55.83264],[-4.26437,55.83299],[-4.2652,55.83333],[-4.26594,55.8335]]},"properties":{"id":1865,"type":"segregated","opened":"2017-09-15","name":"Langside Rd- Queen's Dr","scheme":"Connecting Battlefield","km":0.835}},{"type":"Feature","geometry":{"type":"LineString","coordinates":[[-4.20182,55.89251],[-4.20204,55.89221],[-4.20293,55.89158]]},"properties":{"id":1874,"type":"segregated","opened":"2021-04-27","name":"Wallacewell Rd - Northgate Rd junction","scheme":"North East Active Travel Route","km":0.129}},{"type":"Feature","geometry":{"type":"LineString","coordinates":[[-4.20702,55.89733],[-4.20663,55.89699],[-4.20305,55.8928],[-4.20231,55.89234],[-4.20212,55.89249]]},"properties":{"id":1875,"type":"segregated","opened":"2017-09-15","name":"Northgate Rd","scheme":"North East Active Travel Route","km":0.652}},{"type":"Feature","geometry":{"type":"LineString","coordinates":[[-4.20247,55.8922],[-4.203,55.89247],[-4.20346,55.89289],[-4.20719,55.89725]]},"properties":{"id":1876,"type":"segregated","opened":"2017-09-15","name":"Northgate Rd","scheme":"North East Active Travel Route","km":0.639}},{"type":"Feature","geometry":{"type":"LineString","coordinates":[[-4.23722,55.82961],[-4.23632,55.82977],[-4.23532,55.83017],[-4.23483,55.8305]]},"properties":{"id":1879,"type":"shared","opened":"2017-09-15","name":"Malls Mire Community Woodland","scheme":null,"km":0.185}},{"type":"Feature","geometry":{"type":"LineString","coordinates":[[-4.24052,55.83353],[-4.24006,55.83321],[-4.24004,55.83266],[-4.23977,55.83239]]},"properties":{"id":1880,"type":"shared","opened":"2017-09-15","name":"Malls Mire path","scheme":null,"km":0.142}},{"type":"Feature","geometry":{"type":"LineString","coordinates":[[-4.26183,55.87671],[-4.26137,55.8763]]},"properties":{"id":1881,"type":"shared","opened":"2017-09-15","name":"Bairds Brae","scheme":null,"km":0.055}},{"type":"Feature","geometry":{"type":"LineString","coordinates":[[-4.26696,55.8784],[-4.26801,55.87895],[-4.26757,55.87833],[-4.26857,55.87884]]},"properties":{"id":1882,"type":"shared","opened":"2017-09-15","name":"Link Park path","scheme":null,"km":0.257}},{"type":"Feature","geometry":{"type":"LineString","coordinates":[[-4.26833,55.87873],[-4.2686,55.87865]]},"properties":{"id":1883,"type":"shared","opened":"2017-09-15","name":"Link Park path","scheme":null,"km":0.019}},{"type":"Feature","geometry":{"type":"LineString","coordinates":[[-4.28479,55.87206],[-4.28508,55.87182]]},"properties":{"id":1884,"type":"shared","opened":"2017-09-15","name":"Kelvin Way","scheme":null,"km":0.033}},{"type":"Feature","geometry":{"type":"LineString","coordinates":[[-4.2651,55.83671],[-4.26487,55.83669]]},"properties":{"id":1885,"type":"segregated","opened":"2018-11-14","name":"Allison St","scheme":"South City Way","km":0.014}},{"type":"Feature","geometry":{"type":"LineString","coordinates":[[-4.26465,55.83663],[-4.26442,55.83657]]},"properties":{"id":1886,"type":"segregated","opened":"2018-11-14","name":"Allison St","scheme":"South City Way","km":0.016}},{"type":"Feature","geometry":{"type":"LineString","coordinates":[[-4.26468,55.83781],[-4.26449,55.83776]]},"properties":{"id":1887,"type":"segregated","opened":"2018-11-14","name":"Calder St","scheme":"South City Way","km":0.014}},{"type":"Feature","geometry":{"type":"LineString","coordinates":[[-4.26424,55.83774],[-4.26403,55.83773]]},"properties":{"id":1888,"type":"segregated","opened":"2018-11-14","name":"Calder St","scheme":"South City Way","km":0.014}},{"type":"Feature","geometry":{"type":"LineString","coordinates":[[-4.26403,55.83773],[-4.26376,55.83769]]},"properties":{"id":1889,"type":"lane","opened":"2017-09-15","name":"Calder St","scheme":null,"km":0.018}},{"type":"Feature","geometry":{"type":"LineString","coordinates":[[-4.37222,55.8945],[-4.37189,55.89416]]},"properties":{"id":1890,"type":"shared","opened":"2017-09-15","name":"Path from Kelso St","scheme":null,"km":0.043}},{"type":"Feature","geometry":{"type":"LineString","coordinates":[[-4.37234,55.89505],[-4.37244,55.89482]]},"properties":{"id":1891,"type":"shared","opened":"2017-09-15","name":"Crossing over Alderman Rd","scheme":null,"km":0.031}},{"type":"Feature","geometry":{"type":"LineString","coordinates":[[-4.27038,55.83626],[-4.26966,55.83586]]},"properties":{"id":1892,"type":"segregated","opened":"2017-09-15","name":"Torrisdale St","scheme":"Contra flow cycle route","km":0.064}},{"type":"Feature","geometry":{"type":"LineString","coordinates":[[-4.26367,55.83927],[-4.26073,55.83889]]},"properties":{"id":1893,"type":"mixed","opened":"2017-09-15","name":"Cuthbertson St","scheme":"Road Marking (Advisory)","km":0.189}},{"type":"Feature","geometry":{"type":"LineString","coordinates":[[-4.25841,55.83881],[-4.26051,55.83906],[-4.26059,55.83886],[-4.26073,55.83889]]},"properties":{"id":1894,"type":"shared","opened":"2017-09-15","name":"Govanhill Park","scheme":"Scottish Outdoor Access Code","km":0.166}},{"type":"Feature","geometry":{"type":"LineString","coordinates":[[-4.26479,55.86541],[-4.26524,55.86425]]},"properties":{"id":1903,"type":"segregated","opened":"2017-09-15","name":"Pitt Street (Sauchiehall Street - W Regent St)","scheme":"Avenue B","km":0.133}},{"type":"Feature","geometry":{"type":"LineString","coordinates":[[-4.26524,55.86424],[-4.26555,55.86347]]},"properties":{"id":1904,"type":"segregated","opened":"2017-09-15","name":"Pitt Street (W Regent St - W George St)","scheme":"Avenue B","km":0.089}},{"type":"Feature","geometry":{"type":"LineString","coordinates":[[-4.26555,55.86345],[-4.26639,55.86112],[-4.26624,55.8611],[-4.26633,55.86082]]},"properties":{"id":1905,"type":"segregated","opened":"2017-09-15","name":"Pitt Street (W George St - Waterloo St)","scheme":"Avenue B","km":0.307}},{"type":"Feature","geometry":{"type":"LineString","coordinates":[[-4.25612,55.85599],[-4.25724,55.85626],[-4.2596,55.85649]]},"properties":{"id":1907,"type":"segregated","opened":"2020-05-15","name":"Clyde St","scheme":"Avenue B","km":0.227}},{"type":"Feature","geometry":{"type":"LineString","coordinates":[[-4.23212,55.84734],[-4.2329,55.84857],[-4.23389,55.84946]]},"properties":{"id":1914,"type":"shared","opened":"2017-09-15","name":"Arcadia St- Glasgow Green","scheme":null,"km":0.264}},{"type":"Feature","geometry":{"type":"LineString","coordinates":[[-4.22847,55.84824],[-4.22694,55.84866],[-4.22648,55.84872]]},"properties":{"id":1915,"type":"shared","opened":"2023-07-06","name":"NCN LINK 75","scheme":null,"km":0.136}},{"type":"Feature","geometry":{"type":"LineString","coordinates":[[-4.22628,55.84906],[-4.22648,55.84871]]},"properties":{"id":1916,"type":"mixed","opened":"2023-07-06","name":"Bridgeton Cross","scheme":null,"km":0.04}},{"type":"Feature","geometry":{"type":"LineString","coordinates":[[-4.18038,55.8398],[-4.17738,55.83903]]},"properties":{"id":1917,"type":"segregated","opened":"2020-07-17","name":"London Rd","scheme":null,"km":0.207}},{"type":"Feature","geometry":{"type":"LineString","coordinates":[[-4.18055,55.83967],[-4.17748,55.83891]]},"properties":{"id":1918,"type":"segregated","opened":"2020-07-17","name":"London Rd","scheme":null,"km":0.21}},{"type":"Feature","geometry":{"type":"LineString","coordinates":[[-4.31079,55.86376],[-4.31003,55.86417]]},"properties":{"id":1919,"type":"shared","opened":"2024-09-07","name":"Path @Water Row","scheme":null,"km":0.066}},{"type":"Feature","geometry":{"type":"LineString","coordinates":[[-4.31588,55.86238],[-4.31657,55.86224],[-4.31704,55.86233]]},"properties":{"id":1921,"type":"segregated","opened":"2017-09-15","name":"Langlands Road","scheme":null,"km":0.079}},{"type":"Feature","geometry":{"type":"LineString","coordinates":[[-4.25572,55.86046],[-4.25685,55.86053]]},"properties":{"id":1922,"type":"lane","opened":"2017-09-15","name":"Gordon St","scheme":"Contra flow","km":0.071}},{"type":"Feature","geometry":{"type":"LineString","coordinates":[[-4.31397,55.8979],[-4.31364,55.89825],[-4.31315,55.89844],[-4.31257,55.89846],[-4.30976,55.89818],[-4.30927,55.89862],[-4.30897,55.89873],[-4.3085,55.8987],[-4.3083,55.89853]]},"properties":{"id":1923,"type":"shared","opened":"2017-09-15","name":"Dawsholm Park","scheme":null,"km":0.434}},{"type":"Feature","geometry":{"type":"LineString","coordinates":[[-4.31396,55.8979],[-4.31802,55.89835]]},"properties":{"id":1924,"type":"shared","opened":"2017-09-15","name":"Dawsholm Park","scheme":null,"km":0.259}},{"type":"Feature","geometry":{"type":"LineString","coordinates":[[-4.30498,55.90106],[-4.30525,55.90119],[-4.30554,55.90179],[-4.30549,55.90194],[-4.3051,55.90214]]},"properties":{"id":1925,"type":"shared","opened":"2017-09-15","name":"Maryhill Park","scheme":null,"km":0.143}},{"type":"Feature","geometry":{"type":"LineString","coordinates":[[-4.2987,55.90074],[-4.29834,55.90066],[-4.29819,55.90052]]},"properties":{"id":1926,"type":"shared","opened":"2017-09-15","name":"Maryhill Park","scheme":null,"km":0.044}},{"type":"Feature","geometry":{"type":"LineString","coordinates":[[-4.32719,55.87567],[-4.32709,55.87566],[-4.32705,55.87586],[-4.3257,55.87595],[-4.32389,55.87649],[-4.32283,55.87658],[-4.32235,55.87673],[-4.3219,55.8771],[-4.32164,55.87719]]},"properties":{"id":1927,"type":"mixed","opened":"2017-09-15","name":"Marlborough Ave","scheme":null,"km":0.412}},{"type":"Feature","geometry":{"type":"LineString","coordinates":[[-4.25601,55.85572],[-4.25632,55.85582],[-4.256,55.85614]]},"properties":{"id":1928,"type":"shared","opened":"2017-09-15","name":"Path @Clyde St @Suspension Bridge","scheme":null,"km":0.067}},{"type":"Feature","geometry":{"type":"LineString","coordinates":[[-4.10914,55.87149],[-4.10905,55.87158],[-4.1075,55.87183],[-4.10691,55.87201]]},"properties":{"id":1929,"type":"shared","opened":"2017-09-15","name":"Bishop Loch","scheme":"Scottish Outdoor Access Code","km":0.155}},{"type":"Feature","geometry":{"type":"LineString","coordinates":[[-4.10851,55.87166],[-4.10934,55.87193],[-4.11098,55.87215],[-4.11246,55.87218],[-4.11287,55.87209],[-4.11305,55.87186]]},"properties":{"id":1930,"type":"shared","opened":"2017-09-15","name":"Bishop Loch","scheme":null,"km":0.316}},{"type":"Feature","geometry":{"type":"LineString","coordinates":[[-4.11416,55.87085],[-4.11396,55.87121],[-4.11352,55.87144],[-4.11305,55.87186]]},"properties":{"id":1931,"type":"shared","opened":"2017-09-15","name":"Craigend Wood","scheme":"Scottish Outdoor Access Code","km":0.135}},{"type":"Feature","geometry":{"type":"LineString","coordinates":[[-4.11304,55.87187],[-4.11356,55.87302],[-4.11515,55.87264],[-4.11607,55.87109],[-4.11632,55.87049],[-4.11626,55.87035]]},"properties":{"id":1932,"type":"shared","opened":"2017-09-15","name":"Craigend Wood","scheme":null,"km":0.511}},{"type":"Feature","geometry":{"type":"LineString","coordinates":[[-4.12204,55.87009],[-4.12172,55.87053],[-4.12028,55.87119],[-4.11858,55.87112],[-4.11759,55.87126],[-4.11609,55.87106]]},"properties":{"id":1933,"type":"shared","opened":"2017-09-15","name":"Craigend Wood","scheme":"Scottish Outdoor Access Code","km":0.44}},{"type":"Feature","geometry":{"type":"LineString","coordinates":[[-4.22447,55.87705],[-4.2245,55.87679],[-4.22479,55.87639],[-4.22507,55.8762],[-4.22584,55.87594]]},"properties":{"id":1934,"type":"lane","opened":"2017-09-15","name":"Turner Rd","scheme":"Coloured","km":0.162}},{"type":"Feature","geometry":{"type":"LineString","coordinates":[[-4.22435,55.87693],[-4.22476,55.87632],[-4.22556,55.87594]]},"properties":{"id":1935,"type":"lane","opened":"2017-09-15","name":"Turner Rd","scheme":"Coloured","km":0.14}},{"type":"Feature","geometry":{"type":"LineString","coordinates":[[-4.36554,55.90949],[-4.36534,55.90954],[-4.3641,55.90956],[-4.36343,55.90952],[-4.36315,55.90943],[-4.3627,55.9095]]},"properties":{"id":1936,"type":"shared","opened":"2017-09-15","name":"Garscadden Burn","scheme":"Scottish Outdoor Access Code","km":0.183}},{"type":"Feature","geometry":{"type":"LineString","coordinates":[[-4.355,55.90145],[-4.35428,55.90074]]},"properties":{"id":1937,"type":"shared","opened":"2017-09-15","name":"Gorget Avenue Play Area","scheme":null,"km":0.092}},{"type":"Feature","geometry":{"type":"LineString","coordinates":[[-4.26579,55.89655],[-4.26533,55.89602]]},"properties":{"id":1938,"type":"segregated","opened":"2017-09-15","name":"Balmore Rd","scheme":null,"km":0.065}},{"type":"Feature","geometry":{"type":"LineString","coordinates":[[-4.13026,55.86621],[-4.12902,55.86664]]},"properties":{"id":1939,"type":"lane","opened":"2017-09-15","name":"Westerhouse Rd","scheme":null,"km":0.091}},{"type":"Feature","geometry":{"type":"LineString","coordinates":[[-4.13097,55.8661],[-4.12949,55.86663]]},"properties":{"id":1940,"type":"lane","opened":"2017-09-15","name":"Westerhouse Rd","scheme":null,"km":0.11}},{"type":"Feature","geometry":{"type":"LineString","coordinates":[[-4.12783,55.86725],[-4.1275,55.86724],[-4.12651,55.86751]]},"properties":{"id":1941,"type":"segregated","opened":"2017-09-15","name":"Westerhouse Rd","scheme":null,"km":0.09}},{"type":"Feature","geometry":{"type":"LineString","coordinates":[[-4.26391,55.83934],[-4.26621,55.8396]]},"properties":{"id":1942,"type":"segregated","opened":"2017-09-15","name":"Cuthberston St","scheme":"Road marking","km":0.147}},{"type":"Feature","geometry":{"type":"LineString","coordinates":[[-4.27086,55.87515],[-4.26967,55.87465]]},"properties":{"id":1943,"type":"segregated","opened":"2017-09-15","name":"N Woodside Rd","scheme":"Road marking","km":0.093}},{"type":"Feature","geometry":{"type":"LineString","coordinates":[[-4.32762,55.89976],[-4.32732,55.89933],[-4.327,55.89918],[-4.32422,55.89892],[-4.32383,55.89872],[-4.32361,55.89825],[-4.32438,55.89728],[-4.32442,55.89709],[-4.32399,55.89656],[-4.32298,55.89625],[-4.32228,55.89586],[-4.32114,55.89538],[-4.3181,55.89445],[-4.31643,55.89408],[-4.31497,55.89339],[-4.31392,55.89319],[-4.30624,55.89289],[-4.30523,55.89267],[-4.30353,55.89217],[-4.30241,55.89209]]},"properties":{"id":1944,"type":"shared","opened":"2017-09-15","name":"NCN 754","scheme":"Forth & Clyde Canal","km":2.037}},{"type":"Feature","geometry":{"type":"LineString","coordinates":[[-4.36971,55.90027],[-4.37164,55.90053],[-4.37377,55.90095]]},"properties":{"id":1946,"type":"lane","opened":"2020-07-21","name":"Great Western Rd (Duntreath Ave -Garscadden Rd S)","scheme":null,"km":0.266}},{"type":"Feature","geometry":{"type":"LineString","coordinates":[[-4.36964,55.90048],[-4.37137,55.9007]]},"properties":{"id":1947,"type":"lane","opened":"2020-07-21","name":"Great Western Rd (Duntreath Ave -Garscadden Rd S)","scheme":null,"km":0.111}},{"type":"Feature","geometry":{"type":"LineString","coordinates":[[-4.3651,55.9001],[-4.36717,55.90008]]},"properties":{"id":1948,"type":"lane","opened":"2020-07-21","name":"Great Western Rd (Garscadden Rd S - Keal Pl))","scheme":null,"km":0.13}},{"type":"Feature","geometry":{"type":"LineString","coordinates":[[-4.35841,55.90056],[-4.36044,55.9005],[-4.36379,55.90017]]},"properties":{"id":1949,"type":"lane","opened":"2020-07-21","name":"Great Western Rd (Keal Pl- Keal Ave))","scheme":null,"km":0.34}},{"type":"Feature","geometry":{"type":"LineString","coordinates":[[-4.35317,55.90044],[-4.3581,55.90056]]},"properties":{"id":1950,"type":"lane","opened":"2020-07-21","name":"Great Western Rd (Keal Ave - Paladin Ave))","scheme":null,"km":0.308}},{"type":"Feature","geometry":{"type":"LineString","coordinates":[[-4.35049,55.90032],[-4.35269,55.90044]]},"properties":{"id":1951,"type":"lane","opened":"2020-07-21","name":"Great Western Rd (Paladin Ave - Chaplet Ave)","scheme":null,"km":0.14}},{"type":"Feature","geometry":{"type":"LineString","coordinates":[[-4.34554,55.89751],[-4.34626,55.89817]]},"properties":{"id":1952,"type":"lane","opened":"2020-07-21","name":"Great Western Rd (Tabard Rd- Lincoln Ave))","scheme":null,"km":0.086}},{"type":"Feature","geometry":{"type":"LineString","coordinates":[[-4.34533,55.89784],[-4.3467,55.89911],[-4.3473,55.89954],[-4.34833,55.90004],[-4.34976,55.90044]]},"properties":{"id":1953,"type":"lane","opened":"2020-07-21","name":"Great Western Rd (Blairdardie Rd- Cowdenhill Rd)","scheme":null,"km":0.411}},{"type":"Feature","geometry":{"type":"LineString","coordinates":[[-4.35011,55.90052],[-4.35121,55.90065],[-4.35263,55.90068]]},"properties":{"id":1954,"type":"lane","opened":"2020-07-21","name":"Great Western Rd (Gorget Ave- Blairdardie Rd)","scheme":null,"km":0.159}},{"type":"Feature","geometry":{"type":"LineString","coordinates":[[-4.35307,55.90069],[-4.35587,55.90075]]},"properties":{"id":1955,"type":"lane","opened":"2020-07-21","name":"Great Western Rd (Blairdardie Dr- Gorget Ave)","scheme":null,"km":0.175}},{"type":"Feature","geometry":{"type":"LineString","coordinates":[[-4.35628,55.90077],[-4.35921,55.9008],[-4.36203,55.90059]]},"properties":{"id":1956,"type":"lane","opened":"2020-07-21","name":"Great Western Rd (Sunnyside Dr- Blairdardie Dr)","scheme":null,"km":0.361}},{"type":"Feature","geometry":{"type":"LineString","coordinates":[[-4.36355,55.90044],[-4.36561,55.90033]]},"properties":{"id":1957,"type":"lane","opened":"2020-07-21","name":"Great Western Rd (Roman Ave- Kaystone Rd)","scheme":null,"km":0.13}},{"type":"Feature","geometry":{"type":"LineString","coordinates":[[-4.36773,55.90035],[-4.36906,55.90043]]},"properties":{"id":1958,"type":"lane","opened":"2020-07-21","name":"Great Western Rd (Garscadden Rd S - Balvie Ave)","scheme":null,"km":0.084}},{"type":"Feature","geometry":{"type":"LineString","coordinates":[[-4.36717,55.90008],[-4.36928,55.9002]]},"properties":{"id":1959,"type":"lane","opened":"2020-07-21","name":"Great Western Rd (Garscadden Rd S - Keal Pl))","scheme":null,"km":0.133}},{"type":"Feature","geometry":{"type":"LineString","coordinates":[[-4.36426,55.90014],[-4.3651,55.9001]]},"properties":{"id":1960,"type":"lane","opened":"2020-07-21","name":"Great Western Rd (Garscadden Rd S - Keal Pl))","scheme":null,"km":0.052}},{"type":"Feature","geometry":{"type":"LineString","coordinates":[[-4.36575,55.89292],[-4.36033,55.89135]]},"properties":{"id":1961,"type":"lane","opened":"2017-09-15","name":"Alderman Rd","scheme":null,"km":0.382}},{"type":"Feature","geometry":{"type":"LineString","coordinates":[[-4.36577,55.89307],[-4.36025,55.89143]]},"properties":{"id":1962,"type":"lane","opened":"2017-09-15","name":"Alderman Rd","scheme":null,"km":0.391}},{"type":"Feature","geometry":{"type":"LineString","coordinates":[[-4.28718,55.82132],[-4.2865,55.82372]]},"properties":{"id":1963,"type":"lane","opened":"2017-09-15","name":"Kilmarnock Rd","scheme":"Signage","km":0.27}},{"type":"Feature","geometry":{"type":"LineString","coordinates":[[-4.28703,55.8213],[-4.2864,55.82361]]},"properties":{"id":1964,"type":"lane","opened":"2017-09-15","name":"Kilmarnock Rd","scheme":"Signage","km":0.259}},{"type":"Feature","geometry":{"type":"LineString","coordinates":[[-4.29162,55.81327],[-4.28876,55.81626]]},"properties":{"id":1965,"type":"lane","opened":"2017-09-15","name":"Kilmarnock Rd","scheme":"Signage","km":0.378}},{"type":"Feature","geometry":{"type":"LineString","coordinates":[[-4.29149,55.81324],[-4.28865,55.81623]]},"properties":{"id":1966,"type":"lane","opened":"2017-09-15","name":"Kilmarnock Rd","scheme":"Signage","km":0.377}},{"type":"Feature","geometry":{"type":"LineString","coordinates":[[-4.27752,55.81089],[-4.27945,55.81167]]},"properties":{"id":1967,"type":"lane","opened":"2017-09-15","name":"Langside Dr- Muirend Rd","scheme":null,"km":0.149}},{"type":"Feature","geometry":{"type":"LineString","coordinates":[[-4.27745,55.81094],[-4.27912,55.81158],[-4.27924,55.81174]]},"properties":{"id":1968,"type":"lane","opened":"2017-09-15","name":"Langside Dr- Muirend Rd","scheme":null,"km":0.146}},{"type":"Feature","geometry":{"type":"LineString","coordinates":[[-4.27797,55.81995],[-4.27772,55.82189]]},"properties":{"id":1969,"type":"lane","opened":"2017-09-15","name":"Langside Dr","scheme":null,"km":0.217}},{"type":"Feature","geometry":{"type":"LineString","coordinates":[[-4.27786,55.81992],[-4.27762,55.82179]]},"properties":{"id":1970,"type":"lane","opened":"2017-09-15","name":"Langside Dr","scheme":null,"km":0.209}},{"type":"Feature","geometry":{"type":"LineString","coordinates":[[-4.27076,55.86699],[-4.27117,55.86763],[-4.2689,55.86984]]},"properties":{"id":1971,"type":"segregated","opened":"2021-06-06","name":"St George's Road","scheme":"Connecting Woodside","km":0.36}},{"type":"Feature","geometry":{"type":"LineString","coordinates":[[-4.27152,55.86755],[-4.27143,55.86757]]},"properties":{"id":1972,"type":"segregated","opened":"2021-06-06","name":"St George's Road","scheme":"Connecting Woodside","km":0.007}},{"type":"Feature","geometry":{"type":"LineString","coordinates":[[-4.20282,55.8919],[-4.20246,55.8922]]},"properties":{"id":1979,"type":"segregated","opened":"2021-04-27","name":"Wallacewell Rd - Northgate Rd junction","scheme":"North East Active Travel Route","km":0.04}},{"type":"Feature","geometry":{"type":"LineString","coordinates":[[-4.20255,55.89223],[-4.20259,55.89209]]},"properties":{"id":1980,"type":"segregated","opened":"2021-04-27","name":"Wallacewell Rd - Northgate Rd junction","scheme":"North East Active Travel Route","km":0.017}},{"type":"Feature","geometry":{"type":"LineString","coordinates":[[-4.20239,55.89238],[-4.20217,55.89245]]},"properties":{"id":1981,"type":"segregated","opened":"2021-04-27","name":"Wallacewell Rd - Northgate Rd junction","scheme":"North East Active Travel Route","km":0.017}},{"type":"Feature","geometry":{"type":"LineString","coordinates":[[-4.21827,55.89009],[-4.21832,55.88893]]},"properties":{"id":1982,"type":"segregated","opened":"2017-09-15","name":"Balornock Rd","scheme":"North East Active Travel Route","km":0.13}},{"type":"Feature","geometry":{"type":"LineString","coordinates":[[-4.21845,55.89007],[-4.21848,55.88911],[-4.21832,55.88894]]},"properties":{"id":1983,"type":"segregated","opened":"2017-09-15","name":"Balornock Rd","scheme":"North East Active Travel Route","km":0.128}},{"type":"Feature","geometry":{"type":"LineString","coordinates":[[-4.2689,55.86984],[-4.26772,55.87097]]},"properties":{"id":1985,"type":"segregated","opened":"2021-06-06","name":"St George's Road","scheme":"Connecting Woodside","km":0.146}}]}